order_id,datetime,staff_id,staff_name,table,channel,item_sku,item_name,category,qty,unit_price,line_amount,discount_amount,is_void,void_after_fire,is_comp,order_status,payment_method,payment_amount,tax_rate,customer_ref
ORD000001,2026-04-27 08:08:47,S02,Hamza,,takeaway,CAP,Cappuccino,Coffee,1,560,560.0,0.0,0,0,0,closed,wallet,588.0,0.05,C25fde7e354
ORD000002,2026-04-27 20:14:28,S05,Usman,,takeaway,FLW,Flat White,Coffee,1,600,600.0,0.0,0,0,0,closed,card,630.0,0.05,C113a998631
ORD000003,2026-04-27 12:54:22,S05,Usman,,takeaway,MOC,Mocha,Coffee,1,650,650.0,0.0,0,0,0,closed,cash,3703.0,0.15,
ORD000003,2026-04-27 12:54:22,S05,Usman,,takeaway,MAT,Matcha Latte,Coffee,1,720,720.0,0.0,0,0,0,closed,cash,3703.0,0.15,
ORD000003,2026-04-27 12:54:22,S05,Usman,,takeaway,BFP,Big Breakfast,Food,1,1850,1850.0,0.0,0,0,0,closed,cash,3703.0,0.15,
ORD000004,2026-04-27 09:10:23,S06,Zainab,T9,dine_in,CRO,Butter Croissant,Bakery,1,520,520.0,0.0,0,0,0,closed,cash,598.0,0.15,
ORD000005,2026-04-27 08:43:20,S01,Ayesha,T2,dine_in,IMP,Imported Soda,Other,1,480,480.0,0.0,0,0,0,closed,wallet,504.0,0.05,Ccb8af0dea2
ORD000006,2026-04-27 13:29:09,S05,Usman,T18,dine_in,CRO,Butter Croissant,Bakery,1,520,520.0,0.0,0,0,0,closed,cash,598.0,0.15,
ORD000007,2026-04-27 11:55:07,S03,Bilal,,takeaway,CRO,Butter Croissant,Bakery,1,520,520.0,0.0,0,0,0,closed,wallet,546.0,0.05,C572f9a346e
ORD000008,2026-04-27 21:43:56,S05,Usman,,takeaway,ESP,Espresso,Coffee,1,420,420.0,0.0,0,0,0,closed,cash,483.0,0.15,
ORD000009,2026-04-27 17:55:40,S05,Usman,,takeaway,AVT,Avocado Toast,Food,1,1450,1232.0,218.0,0,0,0,closed,cash,1417.0,0.15,Cadc987ad2c
ORD000010,2026-04-27 12:15:03,S04,Sara,,takeaway,WTR,Bottled Water,Other,1,150,150.0,0.0,0,0,0,closed,qr,914.0,0.05,C96285ec529
ORD000010,2026-04-27 12:15:03,S04,Sara,,takeaway,MAT,Matcha Latte,Coffee,1,720,720.0,0.0,0,0,0,closed,qr,914.0,0.05,C96285ec529
ORD000011,2026-04-27 21:45:19,S07,Daniyal,,takeaway,CAP,Cappuccino,Coffee,1,560,560.0,0.0,0,0,0,closed,cash,644.0,0.15,
ORD000012,2026-04-27 08:00:04,S01,Ayesha,T2,dine_in,ICL,Iced Latte,Coffee,1,640,640.0,0.0,0,0,0,closed,wallet,672.0,0.05,C84719e966a
ORD000013,2026-04-27 14:50:30,S07,Daniyal,T4,dine_in,SAN,Chicken Sandwich,Food,1,1350,1350.0,0.0,0,0,0,closed,cash,1552.0,0.15,
ORD000014,2026-04-27 17:15:12,S04,Sara,T5,dine_in,SAL,Garden Salad,Food,1,1250,1250.0,0.0,0,0,0,closed,cash,1438.0,0.15,
ORD000015,2026-04-27 21:05:59,S04,Sara,T16,dine_in,CAP,Cappuccino,Coffee,1,560,560.0,0.0,0,0,0,closed,cash,1874.0,0.15,
ORD000015,2026-04-27 21:05:59,S04,Sara,T16,dine_in,ESP,Espresso,Coffee,1,420,420.0,0.0,0,0,0,closed,cash,1874.0,0.15,
ORD000015,2026-04-27 21:05:59,S04,Sara,T16,dine_in,MOC,Mocha,Coffee,1,650,650.0,0.0,0,0,0,closed,cash,1874.0,0.15,
ORD000016,2026-04-27 07:37:47,S01,Ayesha,,takeaway,MAT,Matcha Latte,Coffee,1,720,720.0,0.0,0,0,0,closed,card,1932.0,0.05,C7fbe3398f9
ORD000016,2026-04-27 07:37:47,S01,Ayesha,,takeaway,AMR,Americano,Coffee,1,480,480.0,0.0,0,0,0,closed,card,1932.0,0.05,C7fbe3398f9
ORD000016,2026-04-27 07:37:47,S01,Ayesha,,takeaway,ICL,Iced Latte,Coffee,1,640,640.0,0.0,0,0,0,closed,card,1932.0,0.05,C7fbe3398f9
ORD000017,2026-04-27 09:59:16,S04,Sara,,takeaway,FLW,Flat White,Coffee,1,600,600.0,0.0,0,0,0,closed,card,1260.0,0.05,C77ae45bf0e
ORD000017,2026-04-27 09:59:16,S04,Sara,,takeaway,FLW,Flat White,Coffee,1,600,600.0,0.0,0,0,0,closed,card,1260.0,0.05,C77ae45bf0e
ORD000018,2026-04-27 09:08:59,S06,Zainab,,takeaway,MAT,Matcha Latte,Coffee,1,720,720.0,0.0,0,0,0,closed,wallet,756.0,0.05,Cadc987ad2c
ORD000019,2026-04-27 16:52:35,S05,Usman,,takeaway,CAP,Cappuccino,Coffee,1,560,560.0,0.0,0,0,0,closed,card,588.0,0.05,C58bcd19901
ORD000020,2026-04-27 18:43:40,S05,Usman,T9,dine_in,BFP,Big Breakfast,Food,1,1850,1850.0,0.0,0,0,0,closed,qr,2446.0,0.05,Cf8be7523c8
ORD000020,2026-04-27 18:43:40,S05,Usman,T9,dine_in,AMR,Americano,Coffee,1,480,480.0,0.0,0,0,0,closed,qr,2446.0,0.05,Cf8be7523c8
ORD000021,2026-04-27 08:34:02,S06,Zainab,T5,dine_in,AMR,Americano,Coffee,1,480,480.0,0.0,0,0,0,closed,cash,2196.0,0.15,C5d90c0fdc3
ORD000021,2026-04-27 08:34:02,S06,Zainab,T5,dine_in,MOC,Mocha,Coffee,1,650,650.0,0.0,0,0,0,closed,cash,2196.0,0.15,C5d90c0fdc3
ORD000021,2026-04-27 08:34:02,S06,Zainab,T5,dine_in,CKE,Slice of Cake,Bakery,1,780,780.0,0.0,0,0,0,closed,cash,2196.0,0.15,C5d90c0fdc3
ORD000022,2026-04-27 18:56:26,S01,Ayesha,T11,dine_in,BFP,Big Breakfast,Food,1,1850,1850.0,0.0,0,0,0,closed,wallet,2552.0,0.05,Cbac72cb73a
ORD000022,2026-04-27 18:56:26,S01,Ayesha,T11,dine_in,LAT,Cafe Latte,Coffee,1,580,580.0,0.0,0,0,0,closed,wallet,2552.0,0.05,Cbac72cb73a
ORD000023,2026-04-27 11:14:01,S04,Sara,T9,dine_in,ICL,Iced Latte,Coffee,1,640,640.0,0.0,0,0,0,closed,wallet,672.0,0.05,Cde42a6ba08
ORD000024,2026-04-27 09:11:37,S05,Usman,T14,dine_in,WTR,Bottled Water,Other,1,150,150.0,0.0,0,0,0,closed,cash,172.0,0.15,
ORD000025,2026-04-27 10:00:33,S04,Sara,T3,dine_in,SAN,Chicken Sandwich,Food,1,1350,1350.0,0.0,0,0,0,closed,qr,1418.0,0.05,C3045a9542e
ORD000026,2026-04-27 12:35:08,S04,Sara,T13,dine_in,FLW,Flat White,Coffee,1,600,510.0,90.0,0,0,0,closed,cash,1414.0,0.15,
ORD000026,2026-04-27 12:35:08,S04,Sara,T13,dine_in,MAT,Matcha Latte,Coffee,1,720,720.0,0.0,0,0,0,closed,cash,1414.0,0.15,
ORD000027,2026-04-27 20:50:57,S03,Bilal,,takeaway,BFP,Big Breakfast,Food,1,1850,1850.0,0.0,0,0,0,closed,card,1942.0,0.05,C7626e56d13
ORD000028,2026-04-27 08:30:39,S02,Hamza,T7,dine_in,CAP,Cappuccino,Coffee,1,560,560.0,0.0,0,0,0,closed,cash,644.0,0.15,
ORD000029,2026-04-27 20:14:11,S08,Mahnoor,T8,dine_in,PNC,Pain au Chocolat,Bakery,1,600,600.0,0.0,0,0,0,closed,qr,788.0,0.05,C77ae45bf0e
ORD000029,2026-04-27 20:14:11,S08,Mahnoor,T8,dine_in,WTR,Bottled Water,Other,1,150,150.0,0.0,0,0,0,closed,qr,788.0,0.05,C77ae45bf0e
ORD000030,2026-04-27 20:57:10,S08,Mahnoor,T8,dine_in,CRO,Butter Croissant,Bakery,1,520,520.0,0.0,0,0,0,closed,wallet,546.0,0.05,Cdf0bd6d485
ORD000031,2026-04-27 09:57:34,S02,Hamza,T8,dine_in,MAT,Matcha Latte,Coffee,1,720,720.0,0.0,0,0,0,closed,cash,828.0,0.15,Cfc5da82ed6
ORD000032,2026-04-27 21:54:56,S07,Daniyal,T12,dine_in,CKE2,Cheesecake,Bakery,1,880,880.0,0.0,0,0,0,closed,card,924.0,0.05,C033079de2c
ORD000033,2026-04-27 10:31:01,S07,Daniyal,T13,dine_in,WTR,Bottled Water,Other,1,150,150.0,0.0,0,0,0,closed,cash,2898.0,0.15,
ORD000033,2026-04-27 10:31:01,S07,Daniyal,T13,dine_in,MAT,Matcha Latte,Coffee,1,720,720.0,0.0,0,0,0,closed,cash,2898.0,0.15,
ORD000033,2026-04-27 10:31:01,S07,Daniyal,T13,dine_in,PAS,Pasta,Food,1,1650,1650.0,0.0,0,0,0,closed,cash,2898.0,0.15,
ORD000034,2026-04-27 19:48:53,S07,Daniyal,T3,dine_in,IMP,Imported Soda,Other,1,480,480.0,0.0,0,0,0,closed,cash,552.0,0.15,
ORD000035,2026-04-27 07:15:12,S01,Ayesha,,takeaway,LAT,Cafe Latte,Coffee,1,580,580.0,0.0,0,0,0,closed,card,1428.0,0.05,Cdcafa2df6c
ORD000035,2026-04-27 07:15:12,S01,Ayesha,,takeaway,CKE,Slice of Cake,Bakery,1,780,780.0,0.0,0,0,0,closed,card,1428.0,0.05,Cdcafa2df6c
ORD000036,2026-04-27 21:37:01,S05,Usman,T13,dine_in,CKE,Slice of Cake,Bakery,1,780,780.0,0.0,0,0,0,closed,cash,897.0,0.15,
ORD000037,2026-04-27 17:50:36,S01,Ayesha,T14,dine_in,BFP,Big Breakfast,Food,2,1850,3700.0,0.0,0,0,0,closed,cash,4899.0,0.15,C03a7195bef
ORD000037,2026-04-27 17:50:36,S01,Ayesha,T14,dine_in,CAP,Cappuccino,Coffee,1,560,560.0,0.0,0,0,0,closed,cash,4899.0,0.15,C03a7195bef
ORD000038,2026-04-27 10:29:27,S05,Usman,T8,dine_in,ICL,Iced Latte,Coffee,1,640,640.0,0.0,0,0,0,closed,wallet,672.0,0.05,C58cf770e72
ORD000039,2026-04-27 18:31:13,S06,Zainab,,takeaway,LAT,Cafe Latte,Coffee,1,580,580.0,0.0,0,0,0,closed,cash,1150.0,0.15,
ORD000039,2026-04-27 18:31:13,S06,Zainab,,takeaway,ESP,Espresso,Coffee,1,420,420.0,0.0,0,0,0,closed,cash,1150.0,0.15,
ORD000040,2026-04-27 20:28:50,S01,Ayesha,T8,dine_in,MAT,Matcha Latte,Coffee,1,720,720.0,0.0,0,0,0,closed,cash,828.0,0.15,Cd0ad7fb517
ORD000041,2026-04-27 19:19:16,S04,Sara,T7,dine_in,LAT,Cafe Latte,Coffee,1,580,580.0,0.0,0,0,0,closed,card,1533.0,0.05,Cb0d3f4350d
ORD000041,2026-04-27 19:19:16,S04,Sara,T7,dine_in,CKE2,Cheesecake,Bakery,1,880,880.0,0.0,0,0,0,closed,card,1533.0,0.05,Cb0d3f4350d
ORD000042,2026-04-27 09:11:19,S01,Ayesha,,takeaway,CKE,Slice of Cake,Bakery,1,780,780.0,0.0,0,0,0,closed,card,1407.0,0.05,Cd923cf20c8
ORD000042,2026-04-27 09:11:19,S01,Ayesha,,takeaway,CAP,Cappuccino,Coffee,1,560,560.0,0.0,0,0,0,closed,card,1407.0,0.05,Cd923cf20c8
ORD000043,2026-04-27 07:16:55,S08,Mahnoor,T3,dine_in,BFP,Big Breakfast,Food,2,1850,3700.0,0.0,0,0,0,closed,cash,4255.0,0.15,C862b14839d
ORD000044,2026-04-27 13:50:39,S04,Sara,,takeaway,CRO,Butter Croissant,Bakery,1,520,520.0,0.0,0,0,0,closed,cash,598.0,0.15,
ORD000045,2026-04-27 21:48:13,S04,Sara,T3,dine_in,CLB,Cold Brew,Coffee,1,680,680.0,0.0,0,0,0,closed,card,714.0,0.05,Ccb8af0dea2
ORD000046,2026-04-27 09:44:55,S08,Mahnoor,T8,dine_in,BFP,Big Breakfast,Food,1,1850,1850.0,0.0,0,0,0,closed,qr,2552.0,0.05,Cc16d2396f5
ORD000046,2026-04-27 09:44:55,S08,Mahnoor,T8,dine_in,LAT,Cafe Latte,Coffee,1,580,580.0,0.0,0,0,0,closed,qr,2552.0,0.05,Cc16d2396f5
ORD000047,2026-04-27 16:58:18,S08,Mahnoor,T10,dine_in,ICL,Iced Latte,Coffee,1,640,640.0,0.0,0,0,0,closed,cash,736.0,0.15,
ORD000048,2026-04-27 12:01:05,S04,Sara,,takeaway,PNC,Pain au Chocolat,Bakery,1,600,600.0,0.0,0,0,0,closed,wallet,1743.0,0.05,Cfc6808fe6f
ORD000048,2026-04-27 12:01:05,S04,Sara,,takeaway,LAT,Cafe Latte,Coffee,1,580,580.0,0.0,0,0,0,closed,wallet,1743.0,0.05,Cfc6808fe6f
ORD000048,2026-04-27 12:01:05,S04,Sara,,takeaway,AMR,Americano,Coffee,1,480,480.0,0.0,0,0,0,closed,wallet,1743.0,0.05,Cfc6808fe6f
ORD000049,2026-04-27 12:20:42,S02,Hamza,,takeaway,MOC,Mocha,Coffee,1,650,585.0,65.0,0,0,0,closed,card,3659.0,0.05,C73e95a7b22
ORD000049,2026-04-27 12:20:42,S02,Hamza,,takeaway,AVT,Avocado Toast,Food,2,1450,2900.0,0.0,0,0,0,closed,card,3659.0,0.05,C73e95a7b22
ORD000050,2026-04-27 20:26:03,S04,Sara,T16,dine_in,MAT,Matcha Latte,Coffee,1,720,720.0,0.0,0,0,0,closed,cash,828.0,0.15,
ORD000051,2026-04-27 08:45:10,S05,Usman,T18,dine_in,CAP,Cappuccino,Coffee,1,560,560.0,0.0,0,0,0,closed,cash,644.0,0.15,Caea1281c57
ORD000052,2026-04-27 15:26:53,S08,Mahnoor,,takeaway,CRO,Butter Croissant,Bakery,1,520,520.0,0.0,0,0,0,closed,card,546.0,0.05,Cd32984532a
ORD000053,2026-04-27 20:21:59,S05,Usman,,takeaway,PNC,Pain au Chocolat,Bakery,1,600,600.0,0.0,0,0,0,closed,card,2048.0,0.05,C3baae6f192
ORD000053,2026-04-27 20:21:59,S05,Usman,,takeaway,SAN,Chicken Sandwich,Food,1,1350,1350.0,0.0,0,0,0,closed,card,2048.0,0.05,C3baae6f192
ORD000054,2026-04-27 21:36:24,S04,Sara,,takeaway,SAL,Garden Salad,Food,1,1250,1250.0,0.0,0,0,0,closed,cash,1438.0,0.15,
ORD000055,2026-04-27 07:08:32,S06,Zainab,,takeaway,ESP,Espresso,Coffee,1,420,420.0,0.0,0,0,0,closed,wallet,2446.0,0.05,C13ed41d309
ORD000055,2026-04-27 07:08:32,S06,Zainab,,takeaway,CAP,Cappuccino,Coffee,1,560,560.0,0.0,0,0,0,closed,wallet,2446.0,0.05,C13ed41d309
ORD000055,2026-04-27 07:08:32,S06,Zainab,,takeaway,SAN,Chicken Sandwich,Food,1,1350,1350.0,0.0,0,0,0,closed,wallet,2446.0,0.05,C13ed41d309
ORD000056,2026-04-27 22:55:34,S01,Ayesha,T8,dine_in,CKE2,Cheesecake,Bakery,1,880,880.0,0.0,0,0,0,closed,cash,2438.0,0.15,
ORD000056,2026-04-27 22:55:34,S01,Ayesha,T8,dine_in,CLB,Cold Brew,Coffee,1,680,680.0,0.0,0,0,0,closed,cash,2438.0,0.15,
ORD000056,2026-04-27 22:55:34,S01,Ayesha,T8,dine_in,CAP,Cappuccino,Coffee,1,560,560.0,0.0,0,0,0,closed,cash,2438.0,0.15,
ORD000057,2026-04-27 10:36:43,S03,Bilal,T3,dine_in,ICL,Iced Latte,Coffee,1,640,640.0,0.0,0,0,0,closed,cash,1334.0,0.15,
ORD000057,2026-04-27 10:36:43,S03,Bilal,T3,dine_in,CRO,Butter Croissant,Bakery,1,520,520.0,0.0,0,0,0,closed,cash,1334.0,0.15,
ORD000058,2026-04-27 08:04:28,S06,Zainab,,takeaway,SAN,Chicken Sandwich,Food,1,1350,1350.0,0.0,0,0,0,closed,card,1418.0,0.05,C46b4680713
ORD000059,2026-04-27 16:18:44,S05,Usman,T13,dine_in,WTR,Bottled Water,Other,1,150,150.0,0.0,0,0,0,closed,card,1890.0,0.05,C5d28811f93
ORD000059,2026-04-27 16:18:44,S05,Usman,T13,dine_in,PAS,Pasta,Food,1,1650,1650.0,0.0,0,0,0,closed,card,1890.0,0.05,C5d28811f93
ORD000060,2026-04-27 09:43:48,S03,Bilal,,takeaway,ESP,Espresso,Coffee,1,420,420.0,0.0,0,0,0,closed,qr,1124.0,0.05,Cd0b424e50a
ORD000060,2026-04-27 09:43:48,S03,Bilal,,takeaway,MOC,Mocha,Coffee,1,650,650.0,0.0,0,0,0,closed,qr,1124.0,0.05,Cd0b424e50a
ORD000061,2026-04-27 19:33:32,S05,Usman,,takeaway,FLW,Flat White,Coffee,1,600,600.0,0.0,0,0,0,closed,card,3990.0,0.05,Cfca32e0b35
ORD000061,2026-04-27 19:33:32,S05,Usman,,takeaway,SAN,Chicken Sandwich,Food,1,1350,1350.0,0.0,0,0,0,closed,card,3990.0,0.05,Cfca32e0b35
ORD000061,2026-04-27 19:33:32,S05,Usman,,takeaway,BFP,Big Breakfast,Food,1,1850,1850.0,0.0,0,0,0,closed,card,3990.0,0.05,Cfca32e0b35
ORD000062,2026-04-27 07:29:23,S05,Usman,T12,dine_in,IMP,Imported Soda,Other,1,480,480.0,0.0,0,0,0,closed,card,1134.0,0.05,Cf4895fd9dd
ORD000062,2026-04-27 07:29:23,S05,Usman,T12,dine_in,FLW,Flat White,Coffee,1,600,600.0,0.0,0,0,0,closed,card,1134.0,0.05,Cf4895fd9dd
ORD000063,2026-04-27 07:02:19,S08,Mahnoor,T8,dine_in,IMP,Imported Soda,Other,1,480,480.0,0.0,0,0,0,closed,wallet,504.0,0.05,C998fad6fa0
ORD000064,2026-04-27 20:41:06,S08,Mahnoor,T9,dine_in,LAT,Cafe Latte,Coffee,1,580,580.0,0.0,0,0,0,closed,card,609.0,0.05,C58cf770e72
ORD000065,2026-04-27 22:03:25,S05,Usman,T4,dine_in,CRO,Butter Croissant,Bakery,1,520,442.0,78.0,0,0,0,closed,qr,1010.0,0.05,Cde4622a747
ORD000065,2026-04-27 22:03:25,S05,Usman,T4,dine_in,CRO,Butter Croissant,Bakery,1,520,520.0,0.0,0,0,0,closed,qr,1010.0,0.05,Cde4622a747
ORD000066,2026-04-27 08:52:55,S04,Sara,T5,dine_in,CAP,Cappuccino,Coffee,1,560,560.0,0.0,0,0,0,closed,wallet,1117.0,0.05,C8ce57845d3
ORD000066,2026-04-27 08:52:55,S04,Sara,T5,dine_in,CAP,Cappuccino,Coffee,1,560,504.0,56.0,0,0,0,closed,wallet,1117.0,0.05,C8ce57845d3
ORD000067,2026-04-27 14:11:16,S01,Ayesha,T14,dine_in,AVT,Avocado Toast,Food,1,1450,1450.0,0.0,0,0,0,closed,cash,1667.0,0.15,
ORD000068,2026-04-27 09:29:41,S01,Ayesha,T16,dine_in,PAS,Pasta,Food,1,1650,1650.0,0.0,0,0,0,closed,wallet,1732.0,0.05,Cdcafa2df6c
ORD000069,2026-04-27 09:24:38,S05,Usman,T14,dine_in,PAS,Pasta,Food,2,1650,3300.0,0.0,0,0,0,closed,card,4221.0,0.05,Ce4c9a1f3d4
ORD000069,2026-04-27 09:24:38,S05,Usman,T14,dine_in,MAT,Matcha Latte,Coffee,1,720,720.0,0.0,0,0,0,closed,card,4221.0,0.05,Ce4c9a1f3d4
ORD000070,2026-04-27 12:42:16,S06,Zainab,,takeaway,AMR,Americano,Coffee,1,480,480.0,0.0,0,0,0,closed,cash,552.0,0.15,
ORD000071,2026-04-27 07:37:35,S06,Zainab,,takeaway,CLB,Cold Brew,Coffee,1,680,680.0,0.0,0,0,0,closed,cash,2772.0,0.15,
ORD000071,2026-04-27 07:37:35,S06,Zainab,,takeaway,SAL,Garden Salad,Food,1,1250,1250.0,0.0,0,0,0,closed,cash,2772.0,0.15,
ORD000071,2026-04-27 07:37:35,S06,Zainab,,takeaway,AMR,Americano,Coffee,1,480,480.0,0.0,0,0,0,closed,cash,2772.0,0.15,
ORD000072,2026-04-27 08:51:27,S01,Ayesha,T9,dine_in,FLW,Flat White,Coffee,1,600,540.0,60.0,0,0,0,closed,card,567.0,0.05,C47c5e28c85
ORD000073,2026-04-27 07:05:47,S04,Sara,T15,dine_in,AVT,Avocado Toast,Food,1,1450,1305.0,145.0,0,0,0,closed,cash,2145.0,0.15,
ORD000073,2026-04-27 07:05:47,S04,Sara,T15,dine_in,HOT,Hot Chocolate,Coffee,1,560,560.0,0.0,0,0,0,closed,cash,2145.0,0.15,
ORD000074,2026-04-27 15:17:13,S02,Hamza,T4,dine_in,FLW,Flat White,Coffee,1,600,600.0,0.0,0,0,0,closed,card,630.0,0.05,C7aac1c4d67
ORD000075,2026-04-27 08:49:08,S05,Usman,T4,dine_in,MAT,Matcha Latte,Coffee,1,720,720.0,0.0,0,0,0,closed,card,756.0,0.05,C1dfc0aff25
ORD000076,2026-04-27 12:55:47,S01,Ayesha,T15,dine_in,CLB,Cold Brew,Coffee,1,680,680.0,0.0,0,0,0,closed,qr,714.0,0.05,C86629c6deb
ORD000077,2026-04-27 21:51:39,S08,Mahnoor,,takeaway,CLB,Cold Brew,Coffee,1,680,680.0,0.0,0,0,0,closed,qr,714.0,0.05,C6b051e9554
ORD000078,2026-04-27 18:21:49,S03,Bilal,T4,dine_in,BFP,Big Breakfast,Food,1,1850,1850.0,0.0,0,0,0,closed,cash,4255.0,0.15,C0ae131a4f8
ORD000078,2026-04-27 18:21:49,S03,Bilal,T4,dine_in,BFP,Big Breakfast,Food,1,1850,1850.0,0.0,0,0,0,closed,cash,4255.0,0.15,C0ae131a4f8
ORD000079,2026-04-27 13:48:37,S08,Mahnoor,,takeaway,WTR,Bottled Water,Other,1,150,150.0,0.0,0,0,0,closed,wallet,158.0,0.05,C6eb210a64e
ORD000080,2026-04-27 19:37:03,S06,Zainab,T10,dine_in,SAN,Chicken Sandwich,Food,2,1350,2700.0,0.0,0,0,0,closed,cash,3105.0,0.15,Cdf99103aeb
ORD000081,2026-04-27 16:57:02,S08,Mahnoor,,takeaway,AMR,Americano,Coffee,1,480,480.0,0.0,0,0,0,closed,cash,552.0,0.15,C7fbe3398f9
ORD000082,2026-04-27 18:02:15,S08,Mahnoor,,takeaway,SAL,Garden Salad,Food,1,1250,1250.0,0.0,0,0,0,closed,cash,1438.0,0.15,
ORD000083,2026-04-27 19:04:21,S02,Hamza,T13,dine_in,CRO,Butter Croissant,Bakery,1,520,520.0,0.0,0,0,0,closed,card,1638.0,0.05,C3b6e1c2740
ORD000083,2026-04-27 19:04:21,S02,Hamza,T13,dine_in,CAP,Cappuccino,Coffee,1,560,560.0,0.0,0,0,0,closed,card,1638.0,0.05,C3b6e1c2740
ORD000083,2026-04-27 19:04:21,S02,Hamza,T13,dine_in,AMR,Americano,Coffee,1,480,480.0,0.0,0,0,0,closed,card,1638.0,0.05,C3b6e1c2740
ORD000084,2026-04-27 19:52:08,S02,Hamza,,takeaway,LAT,Cafe Latte,Coffee,1,580,580.0,0.0,0,0,0,closed,cash,667.0,0.15,
ORD000085,2026-04-27 08:09:04,S05,Usman,,takeaway,MAT,Matcha Latte,Coffee,1,720,720.0,0.0,0,0,0,closed,card,1386.0,0.05,Cd2e31a2e79
ORD000085,2026-04-27 08:09:04,S05,Usman,,takeaway,PNC,Pain au Chocolat,Bakery,1,600,600.0,0.0,0,0,0,closed,card,1386.0,0.05,Cd2e31a2e79
ORD000086,2026-04-27 18:46:28,S01,Ayesha,T8,dine_in,CLB,Cold Brew,Coffee,1,680,680.0,0.0,0,0,0,closed,qr,1470.0,0.05,C704cdee453
ORD000086,2026-04-27 18:46:28,S01,Ayesha,T8,dine_in,MAT,Matcha Latte,Coffee,1,720,720.0,0.0,0,0,0,closed,qr,1470.0,0.05,C704cdee453
ORD000087,2026-04-27 22:49:18,S07,Daniyal,T14,dine_in,LAT,Cafe Latte,Coffee,1,580,580.0,0.0,0,0,0,closed,qr,609.0,0.05,C679f8bd881
ORD000088,2026-04-27 07:18:05,S03,Bilal,T17,dine_in,PAS,Pasta,Food,1,1650,1650.0,0.0,0,0,0,closed,card,3045.0,0.05,C63391bb904
ORD000088,2026-04-27 07:18:05,S03,Bilal,T17,dine_in,SAL,Garden Salad,Food,1,1250,1250.0,0.0,0,0,0,closed,card,3045.0,0.05,C63391bb904
ORD000089,2026-04-27 19:50:09,S03,Bilal,T16,dine_in,PAS,Pasta,Food,1,1650,1650.0,0.0,0,0,0,closed,cash,2380.0,0.15,Cf66ffdf0eb
ORD000089,2026-04-27 19:50:09,S03,Bilal,T16,dine_in,ESP,Espresso,Coffee,1,420,420.0,0.0,0,0,0,closed,cash,2380.0,0.15,Cf66ffdf0eb
ORD000090,2026-04-27 08:26:40,S08,Mahnoor,T16,dine_in,FLW,Flat White,Coffee,1,600,600.0,0.0,0,0,0,closed,cash,1173.0,0.15,C63391bb904
ORD000090,2026-04-27 08:26:40,S08,Mahnoor,T16,dine_in,ESP,Espresso,Coffee,1,420,420.0,0.0,0,0,0,closed,cash,1173.0,0.15,C63391bb904
ORD000091,2026-04-28 21:24:55,S08,Mahnoor,T13,dine_in,AMR,Americano,Coffee,1,480,480.0,0.0,0,0,0,closed,qr,504.0,0.05,Cf4895fd9dd
ORD000092,2026-04-28 15:08:02,S06,Zainab,T6,dine_in,LAT,Cafe Latte,Coffee,1,580,580.0,0.0,0,0,0,closed,wallet,609.0,0.05,C5ac439c909
ORD000093,2026-04-28 08:02:50,S04,Sara,,takeaway,MAT,Matcha Latte,Coffee,1,720,720.0,0.0,0,0,0,closed,card,2888.0,0.05,Cbf1fa8f7c6
ORD000093,2026-04-28 08:02:50,S04,Sara,,takeaway,LAT,Cafe Latte,Coffee,1,580,580.0,0.0,0,0,0,closed,card,2888.0,0.05,Cbf1fa8f7c6
ORD000093,2026-04-28 08:02:50,S04,Sara,,takeaway,AVT,Avocado Toast,Food,1,1450,1450.0,0.0,0,0,0,closed,card,2888.0,0.05,Cbf1fa8f7c6
ORD000094,2026-04-28 11:31:44,S08,Mahnoor,T17,dine_in,CRO,Butter Croissant,Bakery,1,520,520.0,0.0,0,0,0,closed,card,546.0,0.05,C25fde7e354
ORD000095,2026-04-28 09:19:28,S07,Daniyal,T15,dine_in,CLB,Cold Brew,Coffee,1,680,680.0,0.0,0,0,0,closed,cash,1380.0,0.15,C24de84328a
ORD000095,2026-04-28 09:19:28,S07,Daniyal,T15,dine_in,CRO,Butter Croissant,Bakery,1,520,520.0,0.0,0,0,0,closed,cash,1380.0,0.15,C24de84328a
ORD000096,2026-04-28 07:09:54,S08,Mahnoor,T3,dine_in,HOT,Hot Chocolate,Coffee,1,560,560.0,0.0,0,0,0,closed,card,588.0,0.05,C641da9029c
ORD000097,2026-04-28 11:36:08,S06,Zainab,T9,dine_in,ICL,Iced Latte,Coffee,1,640,640.0,0.0,0,0,0,closed,card,672.0,0.05,C52cc78336b
ORD000098,2026-04-28 18:39:18,S08,Mahnoor,T5,dine_in,BFP,Big Breakfast,Food,1,1850,1850.0,0.0,0,0,0,closed,wallet,2258.0,0.05,C3d3ed875c0
ORD000098,2026-04-28 18:39:18,S08,Mahnoor,T5,dine_in,WTR,Bottled Water,Other,1,150,150.0,0.0,0,0,0,closed,wallet,2258.0,0.05,C3d3ed875c0
ORD000098,2026-04-28 18:39:18,S08,Mahnoor,T5,dine_in,WTR,Bottled Water,Other,1,150,150.0,0.0,0,0,0,closed,wallet,2258.0,0.05,C3d3ed875c0
ORD000099,2026-04-28 08:50:08,S04,Sara,,takeaway,WTR,Bottled Water,Other,1,150,150.0,0.0,0,0,0,closed,card,158.0,0.05,Cd0ad7fb517
ORD000100,2026-04-28 13:46:30,S07,Daniyal,,takeaway,CLB,Cold Brew,Coffee,1,680,680.0,0.0,0,0,0,closed,wallet,1533.0,0.05,C4d4f7e93b0
ORD000100,2026-04-28 13:46:30,S07,Daniyal,,takeaway,CKE,Slice of Cake,Bakery,1,780,780.0,0.0,0,0,0,closed,wallet,1533.0,0.05,C4d4f7e93b0
ORD000101,2026-04-28 11:53:07,S03,Bilal,T6,dine_in,MAT,Matcha Latte,Coffee,1,720,720.0,0.0,0,0,0,closed,card,1890.0,0.05,Cb53245bd93
ORD000101,2026-04-28 11:53:07,S03,Bilal,T6,dine_in,FLW,Flat White,Coffee,1,600,600.0,0.0,0,0,0,closed,card,1890.0,0.05,Cb53245bd93
ORD000101,2026-04-28 11:53:07,S03,Bilal,T6,dine_in,AMR,Americano,Coffee,1,480,480.0,0.0,0,0,0,closed,card,1890.0,0.05,Cb53245bd93
ORD000102,2026-04-28 09:53:59,S01,Ayesha,,takeaway,LAT,Cafe Latte,Coffee,1,580,580.0,0.0,0,0,0,closed,card,1218.0,0.05,C23c60fd394
ORD000102,2026-04-28 09:53:59,S01,Ayesha,,takeaway,LAT,Cafe Latte,Coffee,1,580,580.0,0.0,0,0,0,closed,card,1218.0,0.05,C23c60fd394
ORD000103,2026-04-28 11:51:51,S07,Daniyal,T3,dine_in,CRO,Butter Croissant,Bakery,1,520,520.0,0.0,0,0,0,closed,cash,598.0,0.15,C998fad6fa0
ORD000104,2026-04-28 20:08:48,S06,Zainab,T4,dine_in,CAP,Cappuccino,Coffee,1,560,476.0,84.0,0,0,0,closed,card,500.0,0.05,Ce6722bf747
ORD000105,2026-04-28 21:52:20,S06,Zainab,T6,dine_in,FLW,Flat White,Coffee,1,600,510.0,90.0,0,0,0,closed,cash,586.0,0.15,
ORD000106,2026-04-28 09:03:03,S05,Usman,T16,dine_in,PAS,Pasta,Food,1,1650,1650.0,0.0,0,0,0,closed,card,1732.0,0.05,Ca4c85907e3
ORD000107,2026-04-28 14:23:35,S05,Usman,T17,dine_in,CRO,Butter Croissant,Bakery,1,520,520.0,0.0,0,0,0,closed,cash,1196.0,0.15,
ORD000107,2026-04-28 14:23:35,S05,Usman,T17,dine_in,CRO,Butter Croissant,Bakery,1,520,520.0,0.0,0,0,0,closed,cash,1196.0,0.15,
ORD000108,2026-04-28 10:32:02,S01,Ayesha,T11,dine_in,ICL,Iced Latte,Coffee,1,640,640.0,0.0,0,0,0,closed,wallet,1302.0,0.05,Ca2da62fdc7
ORD000108,2026-04-28 10:32:02,S01,Ayesha,T11,dine_in,FLW,Flat White,Coffee,1,600,600.0,0.0,0,0,0,closed,wallet,1302.0,0.05,Ca2da62fdc7
ORD000109,2026-04-28 20:45:36,S05,Usman,T1,dine_in,CRO,Butter Croissant,Bakery,1,520,520.0,0.0,0,0,0,closed,cash,5865.0,0.15,
ORD000109,2026-04-28 20:45:36,S05,Usman,T1,dine_in,BFP,Big Breakfast,Food,2,1850,3700.0,0.0,0,0,0,closed,cash,5865.0,0.15,
ORD000109,2026-04-28 20:45:36,S05,Usman,T1,dine_in,CKE2,Cheesecake,Bakery,1,880,880.0,0.0,0,0,0,closed,cash,5865.0,0.15,
ORD000110,2026-04-28 20:09:52,S04,Sara,T4,dine_in,CKE,Slice of Cake,Bakery,1,780,780.0,0.0,0,0,0,closed,card,819.0,0.05,Ce6c49b0fd1
ORD000111,2026-04-28 17:45:08,S04,Sara,T16,dine_in,SAL,Garden Salad,Food,1,1250,1250.0,0.0,0,0,0,closed,cash,1438.0,0.15,
ORD000112,2026-04-28 19:39:30,S04,Sara,,takeaway,CKE,Slice of Cake,Bakery,1,780,780.0,0.0,0,0,0,closed,card,1638.0,0.05,Ca2c33b664c
ORD000112,2026-04-28 19:39:30,S04,Sara,,takeaway,CKE,Slice of Cake,Bakery,1,780,780.0,0.0,0,0,0,closed,card,1638.0,0.05,Ca2c33b664c
ORD000113,2026-04-28 16:24:57,S07,Daniyal,,takeaway,IMP,Imported Soda,Other,1,480,480.0,0.0,0,0,0,closed,qr,504.0,0.05,C300be8a3bd
ORD000114,2026-04-28 18:12:52,S05,Usman,,takeaway,AMR,Americano,Coffee,1,480,480.0,0.0,0,0,0,closed,cash,552.0,0.15,C99574e458e
ORD000115,2026-04-28 09:45:30,S02,Hamza,,takeaway,SAL,Garden Salad,Food,2,1250,2500.0,0.0,0,0,0,closed,card,2625.0,0.05,Cb76f2d371b
ORD000116,2026-04-28 13:03:58,S02,Hamza,,takeaway,SAL,Garden Salad,Food,1,1250,1250.0,0.0,0,0,0,closed,card,1900.0,0.05,Cfb242cf811
ORD000116,2026-04-28 13:03:58,S02,Hamza,,takeaway,CAP,Cappuccino,Coffee,1,560,560.0,0.0,0,0,0,closed,card,1900.0,0.05,Cfb242cf811
ORD000116,2026-04-28 13:03:58,S02,Hamza,,takeaway,PAS,Pasta,Food,2,1650,0.0,0.0,0,0,1,closed,card,1900.0,0.05,Cfb242cf811
ORD000117,2026-04-28 14:59:21,S05,Usman,T18,dine_in,ICL,Iced Latte,Coffee,1,640,640.0,0.0,0,0,0,closed,cash,736.0,0.15,
ORD000118,2026-04-28 19:45:11,S01,Ayesha,,takeaway,CRO,Butter Croissant,Bakery,1,520,520.0,0.0,0,0,0,closed,wallet,546.0,0.05,C2d2743bc09
ORD000119,2026-04-28 12:42:06,S03,Bilal,,takeaway,MOC,Mocha,Coffee,1,650,650.0,0.0,0,0,0,closed,cash,747.0,0.15,
ORD000120,2026-04-28 16:00:16,S06,Zainab,,takeaway,CKE,Slice of Cake,Bakery,1,780,780.0,0.0,0,0,0,closed,card,819.0,0.05,Ca2c33b664c
ORD000121,2026-04-28 19:23:39,S04,Sara,T5,dine_in,MOC,Mocha,Coffee,1,650,650.0,0.0,0,0,0,closed,cash,3082.0,0.15,
ORD000121,2026-04-28 19:23:39,S04,Sara,T5,dine_in,CKE,Slice of Cake,Bakery,1,780,780.0,0.0,0,0,0,closed,cash,3082.0,0.15,
ORD000121,2026-04-28 19:23:39,S04,Sara,T5,dine_in,SAL,Garden Salad,Food,1,1250,1250.0,0.0,0,0,0,closed,cash,3082.0,0.15,
ORD000122,2026-04-28 21:03:53,S04,Sara,T5,dine_in,LAT,Cafe Latte,Coffee,1,580,580.0,0.0,0,0,0,closed,card,609.0,0.05,Ca309d5271a
ORD000123,2026-04-28 20:08:32,S07,Daniyal,T2,dine_in,ESP,Espresso,Coffee,1,420,0.0,0.0,0,0,1,closed,cash,0.0,0.15,
ORD000124,2026-04-28 07:02:27,S06,Zainab,,takeaway,CLB,Cold Brew,Coffee,1,680,680.0,0.0,0,0,0,closed,cash,782.0,0.15,C7ba883c24a
ORD000125,2026-04-28 20:23:57,S07,Daniyal,T13,dine_in,MAT,Matcha Latte,Coffee,1,720,720.0,0.0,0,0,0,closed,cash,1518.0,0.15,
ORD000125,2026-04-28 20:23:57,S07,Daniyal,T13,dine_in,PNC,Pain au Chocolat,Bakery,1,600,600.0,0.0,0,0,0,closed,cash,1518.0,0.15,
ORD000126,2026-04-28 07:19:29,S07,Daniyal,T8,dine_in,PAS,Pasta,Food,1,1650,1320.0,330.0,0,0,0,closed,card,1386.0,0.05,C49e1d6c4d1
ORD000127,2026-04-28 17:15:13,S02,Hamza,T2,dine_in,LAT,Cafe Latte,Coffee,1,580,580.0,0.0,0,0,0,closed,cash,1219.0,0.15,
ORD000127,2026-04-28 17:15:13,S02,Hamza,T2,dine_in,AMR,Americano,Coffee,1,480,480.0,0.0,0,0,0,closed,cash,1219.0,0.15,
ORD000128,2026-04-28 09:36:38,S06,Zainab,T5,dine_in,AMR,Americano,Coffee,1,480,480.0,0.0,0,0,0,closed,qr,504.0,0.05,Ce6c49b0fd1
ORD000129,2026-04-28 20:35:31,S01,Ayesha,,takeaway,CKE,Slice of Cake,Bakery,1,780,780.0,0.0,0,0,0,closed,qr,819.0,0.05,Cc1c9de1ef2
ORD000130,2026-04-28 14:54:14,S05,Usman,,takeaway,WTR,Bottled Water,Other,1,150,150.0,0.0,0,0,0,closed,card,746.0,0.05,C44fdf11b8b
ORD000130,2026-04-28 14:54:14,S05,Usman,,takeaway,HOT,Hot Chocolate,Coffee,1,560,560.0,0.0,0,0,0,closed,card,746.0,0.05,C44fdf11b8b
ORD000131,2026-04-28 08:03:17,S07,Daniyal,,takeaway,AVT,Avocado Toast,Food,1,1450,1450.0,0.0,0,0,0,closed,cash,1667.0,0.15,
ORD000132,2026-04-28 11:13:59,S04,Sara,,takeaway,CKE,Slice of Cake,Bakery,1,780,780.0,0.0,0,0,0,closed,card,2320.0,0.05,Cddbc96f82e
ORD000132,2026-04-28 11:13:59,S04,Sara,,takeaway,CKE,Slice of Cake,Bakery,1,780,780.0,0.0,0,0,0,closed,card,2320.0,0.05,Cddbc96f82e
ORD000132,2026-04-28 11:13:59,S04,Sara,,takeaway,MOC,Mocha,Coffee,1,650,650.0,0.0,0,0,0,closed,card,2320.0,0.05,Cddbc96f82e
ORD000133,2026-04-28 20:48:53,S06,Zainab,,takeaway,LAT,Cafe Latte,Coffee,1,580,580.0,0.0,0,0,0,closed,cash,1311.0,0.15,
ORD000133,2026-04-28 20:48:53,S06,Zainab,,takeaway,CAP,Cappuccino,Coffee,1,560,560.0,0.0,0,0,0,closed,cash,1311.0,0.15,
ORD000134,2026-04-28 11:31:35,S06,Zainab,T16,dine_in,CKE2,Cheesecake,Bakery,1,880,880.0,0.0,0,0,0,closed,qr,924.0,0.05,C9a8479a5d0
ORD000135,2026-04-28 07:33:02,S02,Hamza,,takeaway,SAN,Chicken Sandwich,Food,1,1350,0.0,0.0,0,0,1,closed,cash,0.0,0.15,
ORD000136,2026-04-28 15:03:39,S08,Mahnoor,,takeaway,MAT,Matcha Latte,Coffee,1,720,720.0,0.0,0,0,0,closed,card,756.0,0.05,Ce6c49b0fd1
ORD000137,2026-04-28 20:51:58,S03,Bilal,T4,dine_in,LAT,Cafe Latte,Coffee,1,580,580.0,0.0,0,0,0,closed,cash,1414.0,0.15,C6edd6d8816
ORD000137,2026-04-28 20:51:58,S03,Bilal,T4,dine_in,MOC,Mocha,Coffee,1,650,650.0,0.0,0,0,0,closed,cash,1414.0,0.15,C6edd6d8816
ORD000138,2026-04-28 17:05:25,S07,Daniyal,T16,dine_in,SAN,Chicken Sandwich,Food,1,1350,1350.0,0.0,0,0,0,closed,card,1418.0,0.05,Cadc987ad2c
ORD000139,2026-04-28 17:14:13,S08,Mahnoor,T3,dine_in,PNC,Pain au Chocolat,Bakery,1,600,600.0,0.0,0,0,0,closed,cash,690.0,0.15,
ORD000140,2026-04-28 08:48:52,S07,Daniyal,,takeaway,MOC,Mocha,Coffee,1,650,650.0,0.0,0,0,0,closed,card,4148.0,0.05,C85143319da
ORD000140,2026-04-28 08:48:52,S07,Daniyal,,takeaway,PAS,Pasta,Food,2,1650,3300.0,0.0,0,0,0,closed,card,4148.0,0.05,C85143319da
ORD000141,2026-04-28 10:14:53,S02,Hamza,T13,dine_in,WTR,Bottled Water,Other,1,150,150.0,0.0,0,0,0,closed,qr,158.0,0.05,Cf75f1d84fe
ORD000142,2026-04-28 13:37:42,S07,Daniyal,T10,dine_in,MOC,Mocha,Coffee,1,650,650.0,0.0,0,0,0,closed,wallet,682.0,0.05,C71c383a2d1
ORD000143,2026-04-28 11:00:19,S08,Mahnoor,T9,dine_in,HOT,Hot Chocolate,Coffee,1,560,560.0,0.0,0,0,0,closed,card,588.0,0.05,C25fde7e354
ORD000144,2026-04-28 09:55:24,S01,Ayesha,T13,dine_in,WTR,Bottled Water,Other,1,150,150.0,0.0,0,0,0,closed,wallet,1334.0,0.05,C696a0e3c55
ORD000144,2026-04-28 09:55:24,S01,Ayesha,T13,dine_in,HOT,Hot Chocolate,Coffee,1,560,560.0,0.0,0,0,0,closed,wallet,1334.0,0.05,C696a0e3c55
ORD000144,2026-04-28 09:55:24,S01,Ayesha,T13,dine_in,CAP,Cappuccino,Coffee,1,560,560.0,0.0,0,0,0,closed,wallet,1334.0,0.05,C696a0e3c55
ORD000145,2026-04-28 08:46:40,S08,Mahnoor,T7,dine_in,CRO,Butter Croissant,Bakery,1,520,520.0,0.0,0,0,0,closed,cash,598.0,0.15,Cbf1fa8f7c6
ORD000146,2026-04-28 18:19:20,S04,Sara,T6,dine_in,CRO,Butter Croissant,Bakery,1,520,520.0,0.0,0,0,0,closed,qr,704.0,0.05,C686b9d8e79
ORD000146,2026-04-28 18:19:20,S04,Sara,T6,dine_in,WTR,Bottled Water,Other,1,150,150.0,0.0,0,0,0,closed,qr,704.0,0.05,C686b9d8e79
ORD000147,2026-04-28 08:43:49,S01,Ayesha,,takeaway,FLW,Flat White,Coffee,1,600,600.0,0.0,0,0,0,closed,cash,690.0,0.15,
ORD000148,2026-04-28 12:08:40,S05,Usman,T5,dine_in,WTR,Bottled Water,Other,1,150,150.0,0.0,0,0,0,closed,cash,172.0,0.15,
ORD000149,2026-04-28 22:34:02,S06,Zainab,,takeaway,LAT,Cafe Latte,Coffee,1,580,580.0,0.0,0,0,0,closed,wallet,609.0,0.05,C71c383a2d1
ORD000150,2026-04-28 16:43:41,S07,Daniyal,,takeaway,LAT,Cafe Latte,Coffee,1,580,580.0,0.0,0,0,0,closed,card,609.0,0.05,C0c8278966c
ORD000151,2026-04-28 15:23:25,S08,Mahnoor,,takeaway,ESP,Espresso,Coffee,1,420,420.0,0.0,0,0,0,closed,cash,483.0,0.15,
ORD000152,2026-04-28 08:22:19,S06,Zainab,T7,dine_in,CKE,Slice of Cake,Bakery,1,780,780.0,0.0,0,0,0,closed,cash,897.0,0.15,
ORD000153,2026-04-28 17:54:21,S02,Hamza,,takeaway,MAT,Matcha Latte,Coffee,1,720,720.0,0.0,0,0,0,closed,card,756.0,0.05,Cdcb92a4a73
ORD000154,2026-04-28 18:11:40,S07,Daniyal,T7,dine_in,LAT,Cafe Latte,Coffee,1,580,580.0,0.0,0,0,0,closed,cash,667.0,0.15,
ORD000155,2026-04-28 16:11:23,S06,Zainab,T4,dine_in,FLW,Flat White,Coffee,1,600,600.0,0.0,0,0,0,closed,card,1995.0,0.05,Cbf11a6fd53
ORD000155,2026-04-28 16:11:23,S06,Zainab,T4,dine_in,MOC,Mocha,Coffee,1,650,650.0,0.0,0,0,0,closed,card,1995.0,0.05,Cbf11a6fd53
ORD000155,2026-04-28 16:11:23,S06,Zainab,T4,dine_in,MOC,Mocha,Coffee,1,650,650.0,0.0,0,0,0,closed,card,1995.0,0.05,Cbf11a6fd53
ORD000156,2026-04-28 11:19:07,S03,Bilal,T5,dine_in,MOC,Mocha,Coffee,1,650,650.0,0.0,0,0,0,closed,cash,747.0,0.15,
ORD000157,2026-04-28 18:35:10,S08,Mahnoor,T6,dine_in,IMP,Imported Soda,Other,1,480,480.0,0.0,0,0,0,closed,card,1176.0,0.05,C44fdf11b8b
ORD000157,2026-04-28 18:35:10,S08,Mahnoor,T6,dine_in,ICL,Iced Latte,Coffee,1,640,640.0,0.0,0,0,0,closed,card,1176.0,0.05,C44fdf11b8b
ORD000158,2026-04-28 20:31:10,S02,Hamza,T8,dine_in,AVT,Avocado Toast,Food,1,1450,1450.0,0.0,0,0,0,closed,card,1522.0,0.05,C27c059f294
ORD000159,2026-04-28 15:49:34,S06,Zainab,T2,dine_in,CAP,Cappuccino,Coffee,1,560,560.0,0.0,0,0,0,closed,wallet,4053.0,0.05,C5135e572df
ORD000159,2026-04-28 15:49:34,S06,Zainab,T2,dine_in,BFP,Big Breakfast,Food,1,1850,1850.0,0.0,0,0,0,closed,wallet,4053.0,0.05,C5135e572df
ORD000159,2026-04-28 15:49:34,S06,Zainab,T2,dine_in,AVT,Avocado Toast,Food,1,1450,1450.0,0.0,0,0,0,closed,wallet,4053.0,0.05,C5135e572df
ORD000160,2026-04-28 13:39:40,S07,Daniyal,T5,dine_in,MAT,Matcha Latte,Coffee,1,720,720.0,0.0,0,0,0,closed,wallet,1302.0,0.05,C8ebb65bde5
ORD000160,2026-04-28 13:39:40,S07,Daniyal,T5,dine_in,CRO,Butter Croissant,Bakery,1,520,520.0,0.0,0,0,0,closed,wallet,1302.0,0.05,C8ebb65bde5
ORD000161,2026-04-28 21:08:48,S07,Daniyal,,takeaway,CAP,Cappuccino,Coffee,1,560,560.0,0.0,0,0,0,closed,qr,1176.0,0.05,C27e2e0b8bc
ORD000161,2026-04-28 21:08:48,S07,Daniyal,,takeaway,CAP,Cappuccino,Coffee,1,560,560.0,0.0,0,0,0,closed,qr,1176.0,0.05,C27e2e0b8bc
ORD000162,2026-04-28 20:28:04,S02,Hamza,T9,dine_in,ICL,Iced Latte,Coffee,1,640,640.0,0.0,0,0,0,closed,cash,736.0,0.15,
ORD000163,2026-04-28 10:40:42,S06,Zainab,,takeaway,ICL,Iced Latte,Coffee,1,640,640.0,0.0,0,0,0,closed,wallet,1302.0,0.05,C25fde7e354
ORD000163,2026-04-28 10:40:42,S06,Zainab,,takeaway,FLW,Flat White,Coffee,1,600,600.0,0.0,0,0,0,closed,wallet,1302.0,0.05,C25fde7e354
ORD000164,2026-04-28 17:06:40,S08,Mahnoor,T6,dine_in,PAS,Pasta,Food,2,1650,3300.0,0.0,0,0,0,closed,cash,6382.0,0.15,C0441997eb4
ORD000164,2026-04-28 17:06:40,S08,Mahnoor,T6,dine_in,PAS,Pasta,Food,1,1650,1650.0,0.0,0,0,0,closed,cash,6382.0,0.15,C0441997eb4
ORD000164,2026-04-28 17:06:40,S08,Mahnoor,T6,dine_in,FLW,Flat White,Coffee,1,600,600.0,0.0,0,0,0,closed,cash,6382.0,0.15,C0441997eb4
ORD000165,2026-04-28 11:45:06,S01,Ayesha,T3,dine_in,ESP,Espresso,Coffee,1,420,420.0,0.0,0,0,0,closed,card,441.0,0.05,Ccdae6010f7
ORD000166,2026-04-28 20:04:14,S07,Daniyal,T4,dine_in,AVT,Avocado Toast,Food,1,1450,1450.0,0.0,0,0,0,closed,card,1522.0,0.05,Ca2c33b664c
ORD000167,2026-04-28 14:39:41,S03,Bilal,T7,dine_in,LAT,Cafe Latte,Coffee,1,580,580.0,0.0,0,0,0,closed,cash,667.0,0.15,Ccdae6010f7
ORD000168,2026-04-28 19:27:20,S03,Bilal,T3,dine_in,AVT,Avocado Toast,Food,1,1450,1450.0,0.0,0,0,0,closed,card,2342.0,0.05,C4c1eb9433f
ORD000168,2026-04-28 19:27:20,S03,Bilal,T3,dine_in,CKE,Slice of Cake,Bakery,1,780,780.0,0.0,0,0,0,closed,card,2342.0,0.05,C4c1eb9433f
ORD000169,2026-04-28 08:31:24,S02,Hamza,T3,dine_in,SAL,Garden Salad,Food,1,1250,1250.0,0.0,0,0,0,closed,cash,3634.0,0.15,
ORD000169,2026-04-28 08:31:24,S02,Hamza,T3,dine_in,CAP,Cappuccino,Coffee,1,560,560.0,0.0,0,0,0,closed,cash,3634.0,0.15,
ORD000169,2026-04-28 08:31:24,S02,Hamza,T3,dine_in,SAN,Chicken Sandwich,Food,1,1350,1350.0,0.0,0,0,0,closed,cash,3634.0,0.15,
ORD000170,2026-04-28 19:40:45,S07,Daniyal,T13,dine_in,AMR,Americano,Coffee,1,480,480.0,0.0,0,0,0,closed,card,504.0,0.05,Cd8138e6b6b
ORD000171,2026-04-28 09:25:37,S02,Hamza,T14,dine_in,AMR,Americano,Coffee,1,480,480.0,0.0,0,0,0,closed,cash,552.0,0.15,
ORD000172,2026-04-28 13:42:47,S03,Bilal,T5,dine_in,BFP,Big Breakfast,Food,1,1850,1850.0,0.0,0,0,0,closed,cash,2128.0,0.15,Cad9a1a7d77
ORD000173,2026-04-28 17:49:57,S01,Ayesha,T14,dine_in,CRO,Butter Croissant,Bakery,1,520,416.0,104.0,0,0,0,closed,card,1109.0,0.05,C7bfa0588ba
ORD000173,2026-04-28 17:49:57,S01,Ayesha,T14,dine_in,ICL,Iced Latte,Coffee,1,640,640.0,0.0,0,0,0,closed,card,1109.0,0.05,C7bfa0588ba
ORD000173,2026-04-28 17:49:57,S01,Ayesha,T14,dine_in,ICL,Iced Latte,Coffee,1,640,0.0,0.0,1,0,0,partial_void,card,1109.0,0.05,C7bfa0588ba
ORD000174,2026-04-28 07:30:23,S07,Daniyal,,takeaway,SAL,Garden Salad,Food,1,1250,1250.0,0.0,0,0,0,closed,card,2236.0,0.05,Ca6230550d2
ORD000174,2026-04-28 07:30:23,S07,Daniyal,,takeaway,CKE2,Cheesecake,Bakery,1,880,880.0,0.0,0,0,0,closed,card,2236.0,0.05,Ca6230550d2
ORD000175,2026-04-28 14:11:14,S01,Ayesha,,takeaway,FLW,Flat White,Coffee,1,600,600.0,0.0,0,0,0,closed,card,1134.0,0.05,C12428ddf53
ORD000175,2026-04-28 14:11:14,S01,Ayesha,,takeaway,AMR,Americano,Coffee,1,480,480.0,0.0,0,0,0,closed,card,1134.0,0.05,C12428ddf53
ORD000176,2026-04-28 12:49:49,S04,Sara,,takeaway,SAL,Garden Salad,Food,1,1250,1250.0,0.0,0,0,0,closed,cash,1438.0,0.15,
ORD000177,2026-04-28 09:00:48,S07,Daniyal,,takeaway,IMP,Imported Soda,Other,1,480,480.0,0.0,0,0,0,closed,cash,552.0,0.15,C63391bb904
ORD000178,2026-04-28 08:57:54,S07,Daniyal,,takeaway,CAP,Cappuccino,Coffee,1,560,560.0,0.0,0,0,0,closed,cash,644.0,0.15,
ORD000179,2026-04-28 15:42:08,S04,Sara,T11,dine_in,FLW,Flat White,Coffee,1,600,600.0,0.0,0,0,0,closed,qr,1239.0,0.05,C033079de2c
ORD000179,2026-04-28 15:42:08,S04,Sara,T11,dine_in,LAT,Cafe Latte,Coffee,1,580,580.0,0.0,0,0,0,closed,qr,1239.0,0.05,C033079de2c
ORD000180,2026-04-28 12:07:34,S06,Zainab,,takeaway,CAP,Cappuccino,Coffee,1,560,560.0,0.0,0,0,0,closed,card,2530.0,0.05,C17a403a366
ORD000180,2026-04-28 12:07:34,S06,Zainab,,takeaway,BFP,Big Breakfast,Food,1,1850,1850.0,0.0,0,0,0,closed,card,2530.0,0.05,C17a403a366
ORD000181,2026-04-29 09:16:52,S03,Bilal,T13,dine_in,ICL,Iced Latte,Coffee,1,640,0.0,0.0,1,0,0,partial_void,wallet,0.0,0.05,C04b8757a8c
ORD000182,2026-04-29 21:12:52,S07,Daniyal,T3,dine_in,ESP,Espresso,Coffee,1,420,420.0,0.0,0,0,0,closed,cash,1035.0,0.15,
ORD000182,2026-04-29 21:12:52,S07,Daniyal,T3,dine_in,AMR,Americano,Coffee,1,480,480.0,0.0,0,0,0,closed,cash,1035.0,0.15,
ORD000183,2026-04-29 10:03:10,S07,Daniyal,,takeaway,PAS,Pasta,Food,1,1650,1650.0,0.0,0,0,0,closed,cash,1897.0,0.15,C1dfc0aff25
ORD000184,2026-04-29 16:18:31,S07,Daniyal,,takeaway,PAS,Pasta,Food,1,1650,1650.0,0.0,0,0,0,closed,cash,1897.0,0.15,Cfc5da82ed6
ORD000185,2026-04-29 22:30:34,S08,Mahnoor,T17,dine_in,LAT,Cafe Latte,Coffee,1,580,580.0,0.0,0,0,0,closed,card,609.0,0.05,Cf4895fd9dd
ORD000186,2026-04-29 22:49:37,S04,Sara,,takeaway,AVT,Avocado Toast,Food,1,1450,1450.0,0.0,0,0,0,closed,card,1522.0,0.05,C006ee82fbf
ORD000187,2026-04-29 22:22:59,S03,Bilal,T11,dine_in,CKE,Slice of Cake,Bakery,1,780,780.0,0.0,0,0,0,closed,wallet,819.0,0.05,C16e43ce1cc
ORD000188,2026-04-29 10:34:19,S03,Bilal,T3,dine_in,ESP,Espresso,Coffee,1,420,420.0,0.0,0,0,0,closed,card,441.0,0.05,Cfc6808fe6f
ORD000189,2026-04-29 19:03:01,S03,Bilal,T5,dine_in,MOC,Mocha,Coffee,1,650,552.0,98.0,0,0,0,closed,wallet,1766.0,0.05,C970f41b86e
ORD000189,2026-04-29 19:03:01,S03,Bilal,T5,dine_in,IMP,Imported Soda,Other,1,480,480.0,0.0,0,0,0,closed,wallet,1766.0,0.05,C970f41b86e
ORD000189,2026-04-29 19:03:01,S03,Bilal,T5,dine_in,MOC,Mocha,Coffee,1,650,650.0,0.0,0,0,0,closed,wallet,1766.0,0.05,C970f41b86e
ORD000190,2026-04-29 16:50:22,S04,Sara,,takeaway,CAP,Cappuccino,Coffee,1,560,560.0,0.0,0,0,0,closed,wallet,1512.0,0.05,Cbcf52aba85
ORD000190,2026-04-29 16:50:22,S04,Sara,,takeaway,CKE2,Cheesecake,Bakery,1,880,880.0,0.0,0,0,0,closed,wallet,1512.0,0.05,Cbcf52aba85
ORD000191,2026-04-29 16:14:40,S02,Hamza,,takeaway,FLW,Flat White,Coffee,1,600,600.0,0.0,0,0,0,closed,card,630.0,0.05,Cd7b1abffdd
ORD000192,2026-04-29 19:28:00,S05,Usman,T3,dine_in,AMR,Americano,Coffee,1,480,480.0,0.0,0,0,0,closed,cash,1334.0,0.15,
ORD000192,2026-04-29 19:28:00,S05,Usman,T3,dine_in,CLB,Cold Brew,Coffee,1,680,680.0,0.0,0,0,0,closed,cash,1334.0,0.15,
ORD000193,2026-04-29 18:10:28,S02,Hamza,,takeaway,AMR,Americano,Coffee,1,480,480.0,0.0,0,0,0,closed,card,1774.0,0.05,C17a403a366
ORD000193,2026-04-29 18:10:28,S02,Hamza,,takeaway,CAP,Cappuccino,Coffee,1,560,560.0,0.0,0,0,0,closed,card,1774.0,0.05,C17a403a366
ORD000193,2026-04-29 18:10:28,S02,Hamza,,takeaway,MOC,Mocha,Coffee,1,650,650.0,0.0,0,0,0,closed,card,1774.0,0.05,C17a403a366
ORD000194,2026-04-29 10:10:03,S02,Hamza,T7,dine_in,MAT,Matcha Latte,Coffee,1,720,720.0,0.0,0,0,0,closed,cash,1518.0,0.15,
ORD000194,2026-04-29 10:10:03,S02,Hamza,T7,dine_in,PNC,Pain au Chocolat,Bakery,1,600,0.0,0.0,1,1,0,partial_void,cash,1518.0,0.15,
ORD000194,2026-04-29 10:10:03,S02,Hamza,T7,dine_in,FLW,Flat White,Coffee,1,600,600.0,0.0,0,0,0,partial_void,cash,1518.0,0.15,
ORD000195,2026-04-29 08:10:40,S05,Usman,,takeaway,PNC,Pain au Chocolat,Bakery,1,600,600.0,0.0,0,0,0,closed,cash,690.0,0.15,C0f6d6d64da
ORD000196,2026-04-29 19:11:28,S01,Ayesha,T15,dine_in,AVT,Avocado Toast,Food,1,1450,1450.0,0.0,0,0,0,closed,card,1522.0,0.05,C62ce9fe1a9
ORD000197,2026-04-29 21:35:03,S07,Daniyal,,takeaway,ICL,Iced Latte,Coffee,1,640,640.0,0.0,0,0,0,closed,cash,2634.0,0.15,
ORD000197,2026-04-29 21:35:03,S07,Daniyal,,takeaway,PAS,Pasta,Food,1,1650,1650.0,0.0,0,0,0,closed,cash,2634.0,0.15,
ORD000198,2026-04-29 18:07:48,S08,Mahnoor,T6,dine_in,AMR,Americano,Coffee,1,480,480.0,0.0,0,0,0,closed,qr,504.0,0.05,C27e2e0b8bc
ORD000199,2026-04-29 09:20:58,S02,Hamza,T18,dine_in,ICL,Iced Latte,Coffee,1,640,640.0,0.0,0,0,0,closed,cash,736.0,0.15,
ORD000200,2026-04-29 15:07:26,S03,Bilal,T4,dine_in,SAN,Chicken Sandwich,Food,2,1350,2700.0,0.0,0,0,0,closed,qr,4568.0,0.05,Ca204788647
ORD000200,2026-04-29 15:07:26,S03,Bilal,T4,dine_in,PAS,Pasta,Food,1,1650,1650.0,0.0,0,0,0,closed,qr,4568.0,0.05,Ca204788647
ORD000201,2026-04-29 20:02:25,S06,Zainab,,takeaway,ESP,Espresso,Coffee,1,420,420.0,0.0,0,0,0,closed,card,3014.0,0.05,Ce6722bf747
ORD000201,2026-04-29 20:02:25,S06,Zainab,,takeaway,BFP,Big Breakfast,Food,1,1850,1850.0,0.0,0,0,0,closed,card,3014.0,0.05,Ce6722bf747
ORD000201,2026-04-29 20:02:25,S06,Zainab,,takeaway,FLW,Flat White,Coffee,1,600,600.0,0.0,0,0,0,closed,card,3014.0,0.05,Ce6722bf747
ORD000202,2026-04-29 13:05:12,S08,Mahnoor,T14,dine_in,ICL,Iced Latte,Coffee,1,640,640.0,0.0,0,0,0,closed,wallet,1260.0,0.05,C90c1284994
ORD000202,2026-04-29 13:05:12,S08,Mahnoor,T14,dine_in,CAP,Cappuccino,Coffee,1,560,560.0,0.0,0,0,0,closed,wallet,1260.0,0.05,C90c1284994
ORD000203,2026-04-29 08:53:03,S04,Sara,T2,dine_in,ICL,Iced Latte,Coffee,1,640,640.0,0.0,0,0,0,closed,qr,672.0,0.05,C8ce57845d3
ORD000204,2026-04-29 10:38:28,S03,Bilal,,takeaway,SAN,Chicken Sandwich,Food,1,1350,0.0,0.0,1,1,0,partial_void,cash,0.0,0.15,
ORD000205,2026-04-29 08:54:14,S04,Sara,,takeaway,WTR,Bottled Water,Other,1,150,150.0,0.0,0,0,0,closed,card,976.0,0.05,Cf4895fd9dd
ORD000205,2026-04-29 08:54:14,S04,Sara,,takeaway,CKE,Slice of Cake,Bakery,1,780,780.0,0.0,0,0,0,closed,card,976.0,0.05,Cf4895fd9dd
ORD000206,2026-04-29 22:27:57,S07,Daniyal,,takeaway,MOC,Mocha,Coffee,1,650,650.0,0.0,0,0,0,closed,cash,1392.0,0.15,C48bfa448ba
ORD000206,2026-04-29 22:27:57,S07,Daniyal,,takeaway,CAP,Cappuccino,Coffee,1,560,560.0,0.0,0,0,0,closed,cash,1392.0,0.15,C48bfa448ba
ORD000207,2026-04-29 07:30:04,S06,Zainab,,takeaway,CKE,Slice of Cake,Bakery,1,780,780.0,0.0,0,0,0,closed,cash,897.0,0.15,
ORD000208,2026-04-29 17:51:54,S07,Daniyal,,takeaway,WTR,Bottled Water,Other,1,150,150.0,0.0,0,0,0,closed,cash,839.0,0.15,
ORD000208,2026-04-29 17:51:54,S07,Daniyal,,takeaway,LAT,Cafe Latte,Coffee,1,580,580.0,0.0,0,0,0,closed,cash,839.0,0.15,
ORD000209,2026-04-29 18:43:34,S08,Mahnoor,,takeaway,SAN,Chicken Sandwich,Food,1,1350,1350.0,0.0,0,0,0,closed,cash,3450.0,0.15,
ORD000209,2026-04-29 18:43:34,S08,Mahnoor,,takeaway,PAS,Pasta,Food,1,1650,1650.0,0.0,0,0,0,closed,cash,3450.0,0.15,
ORD000210,2026-04-29 11:14:22,S04,Sara,,takeaway,CRO,Butter Croissant,Bakery,1,520,520.0,0.0,0,0,0,closed,card,546.0,0.05,Cbc0ee22da4
ORD000211,2026-04-29 17:30:56,S04,Sara,T13,dine_in,CAP,Cappuccino,Coffee,1,560,560.0,0.0,0,0,0,closed,cash,816.0,0.15,
ORD000211,2026-04-29 17:30:56,S04,Sara,T13,dine_in,WTR,Bottled Water,Other,1,150,150.0,0.0,0,0,0,closed,cash,816.0,0.15,
ORD000212,2026-04-29 07:31:21,S03,Bilal,T2,dine_in,HOT,Hot Chocolate,Coffee,1,560,560.0,0.0,0,0,0,closed,card,1176.0,0.05,C47c5e28c85
ORD000212,2026-04-29 07:31:21,S03,Bilal,T2,dine_in,CAP,Cappuccino,Coffee,1,560,560.0,0.0,0,0,0,closed,card,1176.0,0.05,C47c5e28c85
ORD000213,2026-04-29 11:02:34,S04,Sara,,takeaway,LAT,Cafe Latte,Coffee,1,580,580.0,0.0,0,0,0,closed,qr,1239.0,0.05,C414bfde76f
ORD000213,2026-04-29 11:02:34,S04,Sara,,takeaway,PNC,Pain au Chocolat,Bakery,1,600,600.0,0.0,0,0,0,closed,qr,1239.0,0.05,C414bfde76f
ORD000214,2026-04-29 14:04:52,S01,Ayesha,T10,dine_in,CLB,Cold Brew,Coffee,1,680,680.0,0.0,0,0,0,closed,cash,782.0,0.15,
ORD000215,2026-04-29 11:10:58,S07,Daniyal,T8,dine_in,CAP,Cappuccino,Coffee,1,560,560.0,0.0,0,0,0,closed,cash,644.0,0.15,C99574e458e
ORD000216,2026-04-29 17:38:03,S02,Hamza,,takeaway,CAP,Cappuccino,Coffee,1,560,560.0,0.0,0,0,0,closed,card,588.0,0.05,C413c221423
ORD000217,2026-04-29 17:19:26,S02,Hamza,,takeaway,PAS,Pasta,Food,1,1650,1650.0,0.0,0,0,0,closed,card,1732.0,0.05,C299bc05724
ORD000218,2026-04-29 13:12:49,S05,Usman,,takeaway,AMR,Americano,Coffee,1,480,480.0,0.0,0,0,0,closed,qr,504.0,0.05,Cfc5da82ed6
ORD000219,2026-04-29 11:00:42,S02,Hamza,,takeaway,AVT,Avocado Toast,Food,2,1450,2900.0,0.0,0,0,0,closed,wallet,4473.0,0.05,C549baded58
ORD000219,2026-04-29 11:00:42,S02,Hamza,,takeaway,AMR,Americano,Coffee,1,480,480.0,0.0,0,0,0,closed,wallet,4473.0,0.05,C549baded58
ORD000219,2026-04-29 11:00:42,S02,Hamza,,takeaway,CKE2,Cheesecake,Bakery,1,880,880.0,0.0,0,0,0,closed,wallet,4473.0,0.05,C549baded58
ORD000220,2026-04-29 20:47:07,S02,Hamza,,takeaway,CAP,Cappuccino,Coffee,1,560,560.0,0.0,0,0,0,closed,wallet,1270.0,0.05,C77ae45bf0e
ORD000220,2026-04-29 20:47:07,S02,Hamza,,takeaway,MOC,Mocha,Coffee,1,650,650.0,0.0,0,0,0,closed,wallet,1270.0,0.05,C77ae45bf0e
ORD000221,2026-04-29 12:17:53,S07,Daniyal,,takeaway,CAP,Cappuccino,Coffee,1,560,560.0,0.0,0,0,0,closed,cash,2300.0,0.15,
ORD000221,2026-04-29 12:17:53,S07,Daniyal,,takeaway,CAP,Cappuccino,Coffee,1,560,560.0,0.0,0,0,0,closed,cash,2300.0,0.15,
ORD000221,2026-04-29 12:17:53,S07,Daniyal,,takeaway,CKE2,Cheesecake,Bakery,1,880,880.0,0.0,0,0,0,closed,cash,2300.0,0.15,
ORD000222,2026-04-29 16:56:53,S03,Bilal,T16,dine_in,PNC,Pain au Chocolat,Bakery,1,600,480.0,120.0,0,0,0,closed,card,504.0,0.05,Ca77d93ef85
ORD000223,2026-04-29 18:42:55,S06,Zainab,T4,dine_in,PNC,Pain au Chocolat,Bakery,1,600,600.0,0.0,0,0,0,closed,cash,690.0,0.15,
ORD000224,2026-04-29 17:00:41,S03,Bilal,T16,dine_in,FLW,Flat White,Coffee,1,600,600.0,0.0,0,0,0,closed,wallet,630.0,0.05,C7c78beaa1e
ORD000224,2026-04-29 17:00:41,S03,Bilal,T16,dine_in,FLW,Flat White,Coffee,1,600,0.0,0.0,1,0,0,partial_void,wallet,630.0,0.05,C7c78beaa1e
ORD000225,2026-04-29 14:54:31,S08,Mahnoor,T16,dine_in,HOT,Hot Chocolate,Coffee,1,560,504.0,56.0,0,0,0,closed,wallet,529.0,0.05,Cbf1fa8f7c6
ORD000226,2026-04-29 18:41:42,S08,Mahnoor,,takeaway,AVT,Avocado Toast,Food,1,1450,1450.0,0.0,0,0,0,closed,cash,1667.0,0.15,C998fad6fa0
ORD000227,2026-04-29 08:00:21,S06,Zainab,,takeaway,CAP,Cappuccino,Coffee,1,560,560.0,0.0,0,0,0,closed,qr,588.0,0.05,C48bfa448ba
ORD000228,2026-04-29 20:06:16,S04,Sara,T13,dine_in,CAP,Cappuccino,Coffee,1,560,560.0,0.0,0,0,0,closed,card,1302.0,0.05,C99bc756521
ORD000228,2026-04-29 20:06:16,S04,Sara,T13,dine_in,CLB,Cold Brew,Coffee,1,680,680.0,0.0,0,0,0,closed,card,1302.0,0.05,C99bc756521
ORD000229,2026-04-29 21:31:00,S01,Ayesha,T14,dine_in,PAS,Pasta,Food,1,1650,1650.0,0.0,0,0,0,closed,wallet,2552.0,0.05,C13ed41d309
ORD000229,2026-04-29 21:31:00,S01,Ayesha,T14,dine_in,CKE,Slice of Cake,Bakery,1,780,780.0,0.0,0,0,0,closed,wallet,2552.0,0.05,C13ed41d309
ORD000230,2026-04-29 13:58:44,S04,Sara,T11,dine_in,CRO,Butter Croissant,Bakery,1,520,520.0,0.0,0,0,0,closed,qr,546.0,0.05,Ca2da62fdc7
ORD000231,2026-04-29 15:45:47,S04,Sara,T10,dine_in,CKE,Slice of Cake,Bakery,1,780,780.0,0.0,0,0,0,closed,cash,897.0,0.15,
ORD000232,2026-04-29 17:48:22,S08,Mahnoor,T14,dine_in,PAS,Pasta,Food,1,1650,1485.0,165.0,0,0,0,closed,cash,1708.0,0.15,
ORD000233,2026-04-29 18:17:48,S03,Bilal,,takeaway,AVT,Avocado Toast,Food,1,1450,1450.0,0.0,0,0,0,closed,cash,1667.0,0.15,C5d90c0fdc3
ORD000234,2026-04-29 18:47:41,S07,Daniyal,T10,dine_in,WTR,Bottled Water,Other,1,150,128.0,22.0,0,0,0,closed,cash,1665.0,0.15,Cfc5da82ed6
ORD000234,2026-04-29 18:47:41,S07,Daniyal,T10,dine_in,FLW,Flat White,Coffee,1,600,600.0,0.0,0,0,0,closed,cash,1665.0,0.15,Cfc5da82ed6
ORD000234,2026-04-29 18:47:41,S07,Daniyal,T10,dine_in,MAT,Matcha Latte,Coffee,1,720,720.0,0.0,0,0,0,closed,cash,1665.0,0.15,Cfc5da82ed6
ORD000235,2026-04-29 16:38:12,S04,Sara,T6,dine_in,CAP,Cappuccino,Coffee,1,560,560.0,0.0,0,0,0,closed,qr,588.0,0.05,Cb616ef25f5
ORD000235,2026-04-29 16:38:12,S04,Sara,T6,dine_in,AMR,Americano,Coffee,1,480,0.0,0.0,0,0,1,closed,qr,588.0,0.05,Cb616ef25f5
ORD000236,2026-04-29 11:02:09,S06,Zainab,T10,dine_in,AVT,Avocado Toast,Food,1,1450,1450.0,0.0,0,0,0,closed,cash,1667.0,0.15,
ORD000237,2026-04-29 15:34:34,S07,Daniyal,T8,dine_in,LAT,Cafe Latte,Coffee,1,580,580.0,0.0,0,0,0,closed,wallet,609.0,0.05,Cd037f6c52c
ORD000238,2026-04-29 17:07:42,S06,Zainab,T8,dine_in,BFP,Big Breakfast,Food,1,1850,1850.0,0.0,0,0,0,closed,qr,1942.0,0.05,Cd986eaf5ce
ORD000239,2026-04-29 15:32:51,S08,Mahnoor,T10,dine_in,CAP,Cappuccino,Coffee,1,560,560.0,0.0,0,0,0,closed,wallet,588.0,0.05,C48db1936bb
ORD000240,2026-04-29 18:42:40,S04,Sara,,takeaway,IMP,Imported Soda,Other,1,480,480.0,0.0,0,0,0,closed,cash,1564.0,0.15,Ce6c49b0fd1
ORD000240,2026-04-29 18:42:40,S04,Sara,,takeaway,CKE2,Cheesecake,Bakery,1,880,880.0,0.0,0,0,0,closed,cash,1564.0,0.15,Ce6c49b0fd1
ORD000241,2026-04-29 16:52:14,S05,Usman,T15,dine_in,PNC,Pain au Chocolat,Bakery,1,600,600.0,0.0,0,0,0,closed,cash,690.0,0.15,
ORD000242,2026-04-29 17:44:54,S02,Hamza,T17,dine_in,FLW,Flat White,Coffee,1,600,600.0,0.0,0,0,0,closed,card,1942.0,0.05,C90523f61ba
ORD000242,2026-04-29 17:44:54,S02,Hamza,T17,dine_in,SAL,Garden Salad,Food,1,1250,1250.0,0.0,0,0,0,closed,card,1942.0,0.05,C90523f61ba
ORD000243,2026-04-29 19:40:09,S05,Usman,,takeaway,IMP,Imported Soda,Other,1,480,480.0,0.0,0,0,0,closed,qr,945.0,0.05,C24feaf0822
ORD000243,2026-04-29 19:40:09,S05,Usman,,takeaway,ESP,Espresso,Coffee,1,420,420.0,0.0,0,0,0,closed,qr,945.0,0.05,C24feaf0822
ORD000244,2026-04-29 08:47:47,S06,Zainab,T17,dine_in,LAT,Cafe Latte,Coffee,1,580,580.0,0.0,0,0,0,closed,card,1218.0,0.05,C19ab330972
ORD000244,2026-04-29 08:47:47,S06,Zainab,T17,dine_in,LAT,Cafe Latte,Coffee,1,580,580.0,0.0,0,0,0,closed,card,1218.0,0.05,C19ab330972
ORD000245,2026-04-29 15:42:04,S05,Usman,T16,dine_in,CAP,Cappuccino,Coffee,1,560,560.0,0.0,0,0,0,closed,qr,1134.0,0.05,Cbac72cb73a
ORD000245,2026-04-29 15:42:04,S05,Usman,T16,dine_in,CRO,Butter Croissant,Bakery,1,520,520.0,0.0,0,0,0,closed,qr,1134.0,0.05,Cbac72cb73a
ORD000246,2026-04-29 15:51:20,S07,Daniyal,T11,dine_in,LAT,Cafe Latte,Coffee,1,580,580.0,0.0,0,0,0,closed,card,1292.0,0.05,C52cc78336b
ORD000246,2026-04-29 15:51:20,S07,Daniyal,T11,dine_in,MOC,Mocha,Coffee,1,650,650.0,0.0,0,0,0,closed,card,1292.0,0.05,C52cc78336b
ORD000247,2026-04-29 07:53:17,S03,Bilal,,takeaway,AMR,Americano,Coffee,1,480,384.0,96.0,0,0,0,closed,card,403.0,0.05,C09ec415454
ORD000248,2026-04-29 16:13:58,S01,Ayesha,T18,dine_in,MOC,Mocha,Coffee,1,650,650.0,0.0,0,0,0,closed,wallet,1292.0,0.05,C89fbcb4954
ORD000248,2026-04-29 16:13:58,S01,Ayesha,T18,dine_in,LAT,Cafe Latte,Coffee,1,580,580.0,0.0,0,0,0,closed,wallet,1292.0,0.05,C89fbcb4954
ORD000249,2026-04-29 16:15:54,S03,Bilal,,takeaway,PNC,Pain au Chocolat,Bakery,1,600,600.0,0.0,0,0,0,closed,card,1619.0,0.05,C6a2e726cff
ORD000249,2026-04-29 16:15:54,S03,Bilal,,takeaway,WTR,Bottled Water,Other,1,150,150.0,0.0,0,0,0,closed,card,1619.0,0.05,C6a2e726cff
ORD000249,2026-04-29 16:15:54,S03,Bilal,,takeaway,CKE2,Cheesecake,Bakery,1,880,792.0,88.0,0,0,0,closed,card,1619.0,0.05,C6a2e726cff
ORD000250,2026-04-29 12:56:02,S01,Ayesha,,takeaway,LAT,Cafe Latte,Coffee,1,580,580.0,0.0,0,0,0,closed,card,1533.0,0.05,Ca180bd2845
ORD000250,2026-04-29 12:56:02,S01,Ayesha,,takeaway,CKE2,Cheesecake,Bakery,1,880,880.0,0.0,0,0,0,closed,card,1533.0,0.05,Ca180bd2845
ORD000251,2026-04-29 09:24:58,S04,Sara,T12,dine_in,CRO,Butter Croissant,Bakery,1,520,520.0,0.0,0,0,0,closed,wallet,546.0,0.05,C5d90c0fdc3
ORD000252,2026-04-29 09:13:09,S03,Bilal,T4,dine_in,CAP,Cappuccino,Coffee,1,560,560.0,0.0,0,0,0,closed,cash,644.0,0.15,
ORD000253,2026-04-29 20:01:15,S01,Ayesha,T6,dine_in,CAP,Cappuccino,Coffee,1,560,560.0,0.0,0,0,0,closed,card,588.0,0.05,C561850d859
ORD000254,2026-04-29 21:56:46,S05,Usman,,takeaway,CAP,Cappuccino,Coffee,1,560,560.0,0.0,0,0,0,closed,card,2006.0,0.05,C66acd6d650
ORD000254,2026-04-29 21:56:46,S05,Usman,,takeaway,SAN,Chicken Sandwich,Food,1,1350,1350.0,0.0,0,0,0,closed,card,2006.0,0.05,C66acd6d650
ORD000255,2026-04-29 12:38:37,S02,Hamza,T13,dine_in,ICL,Iced Latte,Coffee,1,640,640.0,0.0,0,0,0,closed,card,1386.0,0.05,C48bfa448ba
ORD000255,2026-04-29 12:38:37,S02,Hamza,T13,dine_in,CLB,Cold Brew,Coffee,1,680,680.0,0.0,0,0,0,closed,card,1386.0,0.05,C48bfa448ba
ORD000256,2026-04-29 14:05:30,S03,Bilal,,takeaway,MAT,Matcha Latte,Coffee,1,720,576.0,144.0,0,0,0,closed,cash,1410.0,0.15,C078ab4b681
ORD000256,2026-04-29 14:05:30,S03,Bilal,,takeaway,MOC,Mocha,Coffee,1,650,650.0,0.0,0,0,0,closed,cash,1410.0,0.15,C078ab4b681
ORD000257,2026-04-29 17:27:08,S05,Usman,T8,dine_in,CLB,Cold Brew,Coffee,1,680,680.0,0.0,0,0,0,closed,qr,714.0,0.05,Ca5c0a2cc4b
ORD000257,2026-04-29 17:27:08,S05,Usman,T8,dine_in,LAT,Cafe Latte,Coffee,1,580,0.0,0.0,0,0,1,closed,qr,714.0,0.05,Ca5c0a2cc4b
ORD000258,2026-04-29 19:26:23,S02,Hamza,T9,dine_in,LAT,Cafe Latte,Coffee,1,580,580.0,0.0,0,0,0,closed,card,609.0,0.05,C561850d859
ORD000259,2026-04-29 20:11:23,S08,Mahnoor,T10,dine_in,CAP,Cappuccino,Coffee,1,560,560.0,0.0,0,0,0,closed,cash,644.0,0.15,
ORD000260,2026-04-29 18:06:13,S07,Daniyal,,takeaway,CAP,Cappuccino,Coffee,1,560,504.0,56.0,0,0,0,closed,wallet,687.0,0.05,C5d28811f93
ORD000260,2026-04-29 18:06:13,S07,Daniyal,,takeaway,WTR,Bottled Water,Other,1,150,150.0,0.0,0,0,0,closed,wallet,687.0,0.05,C5d28811f93
ORD000261,2026-04-29 13:02:46,S07,Daniyal,,takeaway,IMP,Imported Soda,Other,1,480,432.0,48.0,0,0,0,closed,cash,497.0,0.15,
ORD000262,2026-04-29 09:12:02,S04,Sara,T2,dine_in,AMR,Americano,Coffee,1,480,480.0,0.0,0,0,0,closed,cash,1833.0,0.15,
ORD000262,2026-04-29 09:12:02,S04,Sara,T2,dine_in,LAT,Cafe Latte,Coffee,1,580,464.0,116.0,0,0,0,closed,cash,1833.0,0.15,
ORD000262,2026-04-29 09:12:02,S04,Sara,T2,dine_in,MOC,Mocha,Coffee,1,650,650.0,0.0,0,0,0,closed,cash,1833.0,0.15,
ORD000263,2026-04-29 12:14:38,S04,Sara,T13,dine_in,CAP,Cappuccino,Coffee,1,560,560.0,0.0,0,0,0,closed,cash,644.0,0.15,
ORD000264,2026-04-29 19:56:34,S05,Usman,,takeaway,FLW,Flat White,Coffee,1,600,600.0,0.0,0,0,0,closed,qr,630.0,0.05,C1b39e25e1c
ORD000265,2026-04-29 20:07:16,S02,Hamza,T8,dine_in,ESP,Espresso,Coffee,1,420,420.0,0.0,0,0,0,closed,cash,483.0,0.15,Cc8157a5ef0
ORD000266,2026-04-29 19:04:35,S03,Bilal,T12,dine_in,CKE,Slice of Cake,Bakery,1,780,780.0,0.0,0,0,0,closed,card,3224.0,0.05,Cb122c0cb4f
ORD000266,2026-04-29 19:04:35,S03,Bilal,T12,dine_in,PAS,Pasta,Food,1,1650,1650.0,0.0,0,0,0,closed,card,3224.0,0.05,Cb122c0cb4f
ORD000266,2026-04-29 19:04:35,S03,Bilal,T12,dine_in,ICL,Iced Latte,Coffee,1,640,640.0,0.0,0,0,0,closed,card,3224.0,0.05,Cb122c0cb4f
ORD000267,2026-04-29 20:39:00,S01,Ayesha,,takeaway,PAS,Pasta,Food,1,1650,1650.0,0.0,0,0,0,closed,cash,3208.0,0.15,
ORD000267,2026-04-29 20:39:00,S01,Ayesha,,takeaway,HOT,Hot Chocolate,Coffee,1,560,560.0,0.0,0,0,0,closed,cash,3208.0,0.15,
ORD000267,2026-04-29 20:39:00,S01,Ayesha,,takeaway,LAT,Cafe Latte,Coffee,1,580,580.0,0.0,0,0,0,closed,cash,3208.0,0.15,
ORD000268,2026-04-29 13:49:11,S08,Mahnoor,,takeaway,ESP,Espresso,Coffee,1,420,420.0,0.0,0,0,0,closed,cash,1150.0,0.15,
ORD000268,2026-04-29 13:49:11,S08,Mahnoor,,takeaway,LAT,Cafe Latte,Coffee,1,580,580.0,0.0,0,0,0,closed,cash,1150.0,0.15,
ORD000269,2026-04-29 13:21:23,S03,Bilal,T7,dine_in,MOC,Mocha,Coffee,1,650,650.0,0.0,0,0,0,closed,cash,747.0,0.15,
ORD000270,2026-04-29 17:46:17,S04,Sara,T13,dine_in,BFP,Big Breakfast,Food,1,1850,1850.0,0.0,0,0,0,closed,card,1942.0,0.05,C945c146210
ORD000271,2026-04-29 16:20:50,S08,Mahnoor,T18,dine_in,AMR,Americano,Coffee,1,480,480.0,0.0,0,0,0,closed,wallet,2446.0,0.05,Ca4c85907e3
ORD000271,2026-04-29 16:20:50,S08,Mahnoor,T18,dine_in,BFP,Big Breakfast,Food,1,1850,1850.0,0.0,0,0,0,closed,wallet,2446.0,0.05,Ca4c85907e3
ORD000272,2026-04-29 07:26:07,S06,Zainab,,takeaway,MAT,Matcha Latte,Coffee,1,720,720.0,0.0,0,0,0,closed,qr,914.0,0.05,C6a2e726cff
ORD000272,2026-04-29 07:26:07,S06,Zainab,,takeaway,WTR,Bottled Water,Other,1,150,150.0,0.0,0,0,0,closed,qr,914.0,0.05,C6a2e726cff
ORD000273,2026-04-29 15:40:09,S03,Bilal,,takeaway,SAN,Chicken Sandwich,Food,1,1350,1350.0,0.0,0,0,0,closed,qr,1922.0,0.05,Cd8138e6b6b
ORD000273,2026-04-29 15:40:09,S03,Bilal,,takeaway,AMR,Americano,Coffee,1,480,480.0,0.0,0,0,0,closed,qr,1922.0,0.05,Cd8138e6b6b
ORD000274,2026-04-29 12:47:37,S08,Mahnoor,T6,dine_in,IMP,Imported Soda,Other,1,480,480.0,0.0,0,0,0,closed,wallet,1323.0,0.05,C84719e966a
ORD000274,2026-04-29 12:47:37,S08,Mahnoor,T6,dine_in,CKE,Slice of Cake,Bakery,1,780,780.0,0.0,0,0,0,closed,wallet,1323.0,0.05,C84719e966a
ORD000275,2026-04-29 10:33:48,S02,Hamza,T5,dine_in,LAT,Cafe Latte,Coffee,1,580,580.0,0.0,0,0,0,closed,card,609.0,0.05,Ca8d877cfa1
ORD000276,2026-04-29 17:02:42,S06,Zainab,,takeaway,MAT,Matcha Latte,Coffee,1,720,720.0,0.0,0,0,0,closed,card,1848.0,0.05,Cae4003d5ae
ORD000276,2026-04-29 17:02:42,S06,Zainab,,takeaway,CAP,Cappuccino,Coffee,1,560,560.0,0.0,0,0,0,closed,card,1848.0,0.05,Cae4003d5ae
ORD000276,2026-04-29 17:02:42,S06,Zainab,,takeaway,IMP,Imported Soda,Other,1,480,480.0,0.0,0,0,0,closed,card,1848.0,0.05,Cae4003d5ae
ORD000277,2026-04-29 11:51:05,S08,Mahnoor,T14,dine_in,AVT,Avocado Toast,Food,1,1450,1450.0,0.0,0,0,0,closed,card,1522.0,0.05,Ca376152b0e
ORD000278,2026-04-29 12:19:00,S07,Daniyal,,takeaway,LAT,Cafe Latte,Coffee,1,580,580.0,0.0,0,0,0,closed,cash,667.0,0.15,
ORD000279,2026-04-29 20:53:24,S04,Sara,T14,dine_in,CRO,Butter Croissant,Bakery,1,520,520.0,0.0,0,0,0,closed,cash,1495.0,0.15,
ORD000279,2026-04-29 20:53:24,S04,Sara,T14,dine_in,CKE,Slice of Cake,Bakery,1,780,780.0,0.0,0,0,0,closed,cash,1495.0,0.15,
ORD000280,2026-04-29 07:40:29,S08,Mahnoor,T16,dine_in,ESP,Espresso,Coffee,1,420,0.0,0.0,1,1,0,partial_void,card,772.0,0.05,Cd923cf20c8
ORD000280,2026-04-29 07:40:29,S08,Mahnoor,T16,dine_in,WTR,Bottled Water,Other,1,150,135.0,15.0,0,0,0,partial_void,card,772.0,0.05,Cd923cf20c8
ORD000280,2026-04-29 07:40:29,S08,Mahnoor,T16,dine_in,FLW,Flat White,Coffee,1,600,600.0,0.0,0,0,0,partial_void,card,772.0,0.05,Cd923cf20c8
ORD000281,2026-04-29 19:05:53,S03,Bilal,T13,dine_in,LAT,Cafe Latte,Coffee,1,580,580.0,0.0,0,0,0,closed,card,1732.0,0.05,C5135e572df
ORD000281,2026-04-29 19:05:53,S03,Bilal,T13,dine_in,MOC,Mocha,Coffee,1,650,650.0,0.0,0,0,0,closed,card,1732.0,0.05,C5135e572df
ORD000281,2026-04-29 19:05:53,S03,Bilal,T13,dine_in,ESP,Espresso,Coffee,1,420,420.0,0.0,0,0,0,closed,card,1732.0,0.05,C5135e572df
ORD000282,2026-04-29 18:30:24,S05,Usman,,takeaway,MAT,Matcha Latte,Coffee,1,720,720.0,0.0,0,0,0,closed,card,1911.0,0.05,Ca0367143e1
ORD000282,2026-04-29 18:30:24,S05,Usman,,takeaway,LAT,Cafe Latte,Coffee,1,580,580.0,0.0,0,0,0,closed,card,1911.0,0.05,Ca0367143e1
ORD000282,2026-04-29 18:30:24,S05,Usman,,takeaway,CRO,Butter Croissant,Bakery,1,520,520.0,0.0,0,0,0,closed,card,1911.0,0.05,Ca0367143e1
ORD000283,2026-04-30 08:00:02,S08,Mahnoor,,takeaway,CAP,Cappuccino,Coffee,1,560,560.0,0.0,0,0,0,closed,card,588.0,0.05,Ce248bcf38c
ORD000284,2026-04-30 17:22:41,S03,Bilal,,takeaway,HOT,Hot Chocolate,Coffee,1,560,560.0,0.0,0,0,0,closed,wallet,588.0,0.05,C651e9754b8
ORD000285,2026-04-30 17:44:24,S06,Zainab,,takeaway,FLW,Flat White,Coffee,1,600,600.0,0.0,0,0,0,closed,card,630.0,0.05,C7bfa0588ba
ORD000286,2026-04-30 13:29:17,S03,Bilal,T5,dine_in,CLB,Cold Brew,Coffee,1,680,680.0,0.0,0,0,0,closed,cash,782.0,0.15,
ORD000287,2026-04-30 19:49:39,S04,Sara,T3,dine_in,MAT,Matcha Latte,Coffee,1,720,720.0,0.0,0,0,0,closed,cash,828.0,0.15,
ORD000288,2026-04-30 13:20:07,S02,Hamza,T3,dine_in,LAT,Cafe Latte,Coffee,1,580,580.0,0.0,0,0,0,closed,card,1281.0,0.05,C21146796c2
ORD000288,2026-04-30 13:20:07,S02,Hamza,T3,dine_in,ICL,Iced Latte,Coffee,1,640,640.0,0.0,0,0,0,closed,card,1281.0,0.05,C21146796c2
ORD000289,2026-04-30 09:14:38,S02,Hamza,T7,dine_in,ICL,Iced Latte,Coffee,1,640,640.0,0.0,0,0,0,closed,cash,1334.0,0.15,
ORD000289,2026-04-30 09:14:38,S02,Hamza,T7,dine_in,CRO,Butter Croissant,Bakery,1,520,520.0,0.0,0,0,0,closed,cash,1334.0,0.15,
ORD000290,2026-04-30 16:02:46,S02,Hamza,,takeaway,CKE2,Cheesecake,Bakery,1,880,880.0,0.0,0,0,0,closed,card,924.0,0.05,C48bfa448ba
ORD000291,2026-04-30 08:35:47,S07,Daniyal,,takeaway,PNC,Pain au Chocolat,Bakery,1,600,600.0,0.0,0,0,0,closed,wallet,630.0,0.05,Cec806bb66d
ORD000292,2026-04-30 12:42:10,S08,Mahnoor,,takeaway,CLB,Cold Brew,Coffee,1,680,680.0,0.0,0,0,0,closed,qr,1260.0,0.05,C98aca05acf
ORD000292,2026-04-30 12:42:10,S08,Mahnoor,,takeaway,CRO,Butter Croissant,Bakery,1,520,520.0,0.0,0,0,0,closed,qr,1260.0,0.05,C98aca05acf
ORD000293,2026-04-30 19:28:28,S07,Daniyal,T2,dine_in,PAS,Pasta,Food,1,1650,1650.0,0.0,0,0,0,closed,qr,1732.0,0.05,Caf351da373
ORD000294,2026-04-30 19:58:35,S03,Bilal,T15,dine_in,LAT,Cafe Latte,Coffee,1,580,580.0,0.0,0,0,0,closed,cash,667.0,0.15,C3baae6f192
ORD000295,2026-04-30 07:46:20,S08,Mahnoor,T4,dine_in,HOT,Hot Chocolate,Coffee,1,560,476.0,84.0,0,0,0,closed,cash,1099.0,0.15,
ORD000295,2026-04-30 07:46:20,S08,Mahnoor,T4,dine_in,AMR,Americano,Coffee,1,480,480.0,0.0,0,0,0,closed,cash,1099.0,0.15,
ORD000296,2026-04-30 07:40:49,S07,Daniyal,T17,dine_in,CKE,Slice of Cake,Bakery,1,780,780.0,0.0,0,0,0,closed,card,819.0,0.05,Ca2da62fdc7
ORD000297,2026-04-30 21:14:27,S05,Usman,,takeaway,AMR,Americano,Coffee,1,480,480.0,0.0,0,0,0,closed,card,1186.0,0.05,Cd1e93a6d3b
ORD000297,2026-04-30 21:14:27,S05,Usman,,takeaway,MOC,Mocha,Coffee,1,650,650.0,0.0,0,0,0,closed,card,1186.0,0.05,Cd1e93a6d3b
ORD000298,2026-04-30 13:36:12,S04,Sara,T9,dine_in,PNC,Pain au Chocolat,Bakery,1,600,600.0,0.0,0,0,0,closed,wallet,630.0,0.05,C6a2e726cff
ORD000299,2026-04-30 14:49:19,S03,Bilal,,takeaway,CAP,Cappuccino,Coffee,1,560,504.0,56.0,0,0,0,closed,cash,580.0,0.15,
ORD000300,2026-04-30 17:07:47,S01,Ayesha,T5,dine_in,BFP,Big Breakfast,Food,1,1850,1850.0,0.0,0,0,0,closed,wallet,1942.0,0.05,C77c36ba861
ORD000301,2026-04-30 09:35:30,S03,Bilal,,takeaway,MAT,Matcha Latte,Coffee,1,720,720.0,0.0,0,0,0,closed,cash,1380.0,0.15,
ORD000301,2026-04-30 09:35:30,S03,Bilal,,takeaway,LAT,Cafe Latte,Coffee,1,580,0.0,0.0,1,1,0,partial_void,cash,1380.0,0.15,
ORD000301,2026-04-30 09:35:30,S03,Bilal,,takeaway,AMR,Americano,Coffee,1,480,480.0,0.0,0,0,0,partial_void,cash,1380.0,0.15,
ORD000302,2026-04-30 11:01:18,S07,Daniyal,T13,dine_in,ICL,Iced Latte,Coffee,1,640,640.0,0.0,0,0,0,closed,cash,1886.0,0.15,
ORD000302,2026-04-30 11:01:18,S07,Daniyal,T13,dine_in,CRO,Butter Croissant,Bakery,1,520,520.0,0.0,0,0,0,closed,cash,1886.0,0.15,
ORD000302,2026-04-30 11:01:18,S07,Daniyal,T13,dine_in,AMR,Americano,Coffee,1,480,480.0,0.0,0,0,0,closed,cash,1886.0,0.15,
ORD000303,2026-04-30 09:22:40,S05,Usman,T17,dine_in,PAS,Pasta,Food,1,1650,1650.0,0.0,0,0,0,closed,card,5618.0,0.05,C17a403a366
ORD000303,2026-04-30 09:22:40,S05,Usman,T17,dine_in,BFP,Big Breakfast,Food,2,1850,3700.0,0.0,0,0,0,closed,card,5618.0,0.05,C17a403a366
ORD000304,2026-04-30 21:26:15,S03,Bilal,T10,dine_in,PNC,Pain au Chocolat,Bakery,1,600,600.0,0.0,0,0,0,closed,qr,630.0,0.05,C27c059f294
ORD000305,2026-04-30 08:27:58,S03,Bilal,,takeaway,CAP,Cappuccino,Coffee,1,560,560.0,0.0,0,0,0,closed,cash,5129.0,0.15,C27c059f294
ORD000305,2026-04-30 08:27:58,S03,Bilal,,takeaway,FLW,Flat White,Coffee,1,600,600.0,0.0,0,0,0,closed,cash,5129.0,0.15,C27c059f294
ORD000305,2026-04-30 08:27:58,S03,Bilal,,takeaway,PAS,Pasta,Food,2,1650,3300.0,0.0,0,0,0,closed,cash,5129.0,0.15,C27c059f294
ORD000306,2026-04-30 17:08:11,S01,Ayesha,,takeaway,LAT,Cafe Latte,Coffee,1,580,580.0,0.0,0,0,0,closed,cash,1334.0,0.15,
ORD000306,2026-04-30 17:08:11,S01,Ayesha,,takeaway,LAT,Cafe Latte,Coffee,1,580,580.0,0.0,0,0,0,closed,cash,1334.0,0.15,
ORD000307,2026-04-30 19:11:54,S07,Daniyal,T5,dine_in,ESP,Espresso,Coffee,1,420,420.0,0.0,0,0,0,closed,card,1050.0,0.05,Cfc5da82ed6
ORD000307,2026-04-30 19:11:54,S07,Daniyal,T5,dine_in,LAT,Cafe Latte,Coffee,1,580,580.0,0.0,0,0,0,closed,card,1050.0,0.05,Cfc5da82ed6
ORD000308,2026-04-30 22:44:20,S08,Mahnoor,,takeaway,BFP,Big Breakfast,Food,1,1850,1850.0,0.0,0,0,0,closed,cash,3024.0,0.15,
ORD000308,2026-04-30 22:44:20,S08,Mahnoor,,takeaway,CKE,Slice of Cake,Bakery,1,780,780.0,0.0,0,0,0,closed,cash,3024.0,0.15,
ORD000309,2026-04-30 10:52:56,S01,Ayesha,,takeaway,ICL,Iced Latte,Coffee,1,640,544.0,96.0,0,0,0,closed,card,1117.0,0.05,C44fdf11b8b
ORD000309,2026-04-30 10:52:56,S01,Ayesha,,takeaway,CRO,Butter Croissant,Bakery,1,520,520.0,0.0,0,0,0,closed,card,1117.0,0.05,C44fdf11b8b
ORD000310,2026-04-30 07:44:33,S03,Bilal,T15,dine_in,IMP,Imported Soda,Other,1,480,480.0,0.0,0,0,0,closed,card,1323.0,0.05,C8f113a4739
ORD000310,2026-04-30 07:44:33,S03,Bilal,T15,dine_in,CKE,Slice of Cake,Bakery,1,780,780.0,0.0,0,0,0,closed,card,1323.0,0.05,C8f113a4739
ORD000311,2026-04-30 10:05:16,S06,Zainab,,takeaway,CAP,Cappuccino,Coffee,1,560,560.0,0.0,0,0,0,closed,qr,1407.0,0.05,C692a0e4176
ORD000311,2026-04-30 10:05:16,S06,Zainab,,takeaway,CKE,Slice of Cake,Bakery,1,780,780.0,0.0,0,0,0,closed,qr,1407.0,0.05,C692a0e4176
ORD000312,2026-04-30 10:02:49,S03,Bilal,,takeaway,SAN,Chicken Sandwich,Food,1,1350,1350.0,0.0,0,0,0,closed,cash,1552.0,0.15,
ORD000313,2026-04-30 20:18:40,S03,Bilal,T5,dine_in,ICL,Iced Latte,Coffee,1,640,0.0,0.0,1,0,0,partial_void,qr,0.0,0.05,C47c5e28c85
ORD000314,2026-04-30 10:29:26,S08,Mahnoor,T1,dine_in,BFP,Big Breakfast,Food,1,1850,1572.0,278.0,0,0,0,closed,card,2260.0,0.05,Cd8138e6b6b
ORD000314,2026-04-30 10:29:26,S08,Mahnoor,T1,dine_in,LAT,Cafe Latte,Coffee,1,580,580.0,0.0,0,0,0,closed,card,2260.0,0.05,Cd8138e6b6b
ORD000315,2026-04-30 21:06:26,S03,Bilal,T10,dine_in,AVT,Avocado Toast,Food,1,1450,1450.0,0.0,0,0,0,closed,cash,2312.0,0.15,
ORD000315,2026-04-30 21:06:26,S03,Bilal,T10,dine_in,CAP,Cappuccino,Coffee,1,560,560.0,0.0,0,0,0,closed,cash,2312.0,0.15,
ORD000316,2026-04-30 10:53:35,S02,Hamza,T5,dine_in,MAT,Matcha Latte,Coffee,1,720,720.0,0.0,0,0,0,closed,card,756.0,0.05,Cdc7289ee87
ORD000317,2026-04-30 17:30:46,S05,Usman,T11,dine_in,CAP,Cappuccino,Coffee,1,560,560.0,0.0,0,0,0,closed,card,588.0,0.05,C6eb210a64e
ORD000318,2026-04-30 11:56:39,S04,Sara,,takeaway,BFP,Big Breakfast,Food,1,1850,1850.0,0.0,0,0,0,closed,qr,1942.0,0.05,Cf4895fd9dd
ORD000319,2026-04-30 09:35:51,S04,Sara,T7,dine_in,FLW,Flat White,Coffee,1,600,600.0,0.0,0,0,0,closed,cash,690.0,0.15,
ORD000320,2026-04-30 12:46:36,S01,Ayesha,,takeaway,ICL,Iced Latte,Coffee,1,640,576.0,64.0,0,0,0,closed,card,605.0,0.05,Cdbee8eb360
ORD000321,2026-04-30 19:29:50,S07,Daniyal,,takeaway,FLW,Flat White,Coffee,1,600,600.0,0.0,0,0,0,closed,card,1386.0,0.05,C561850d859
ORD000321,2026-04-30 19:29:50,S07,Daniyal,,takeaway,MAT,Matcha Latte,Coffee,1,720,720.0,0.0,0,0,0,closed,card,1386.0,0.05,C561850d859
ORD000322,2026-04-30 07:21:24,S03,Bilal,T13,dine_in,CKE,Slice of Cake,Bakery,1,780,663.0,117.0,0,0,0,closed,card,1326.0,0.05,C5d90c0fdc3
ORD000322,2026-04-30 07:21:24,S03,Bilal,T13,dine_in,FLW,Flat White,Coffee,1,600,600.0,0.0,0,0,0,closed,card,1326.0,0.05,C5d90c0fdc3
ORD000323,2026-04-30 14:07:23,S01,Ayesha,,takeaway,PAS,Pasta,Food,1,1650,1650.0,0.0,0,0,0,closed,qr,2320.0,0.05,Cd6d385c74a
ORD000323,2026-04-30 14:07:23,S01,Ayesha,,takeaway,CAP,Cappuccino,Coffee,1,560,560.0,0.0,0,0,0,closed,qr,2320.0,0.05,Cd6d385c74a
ORD000324,2026-04-30 21:13:46,S01,Ayesha,T17,dine_in,CRO,Butter Croissant,Bakery,1,520,520.0,0.0,0,0,0,closed,card,1050.0,0.05,Ca77d93ef85
ORD000324,2026-04-30 21:13:46,S01,Ayesha,T17,dine_in,AMR,Americano,Coffee,1,480,480.0,0.0,0,0,0,closed,card,1050.0,0.05,Ca77d93ef85
ORD000325,2026-04-30 11:20:12,S04,Sara,T18,dine_in,CAP,Cappuccino,Coffee,1,560,560.0,0.0,0,0,0,closed,card,588.0,0.05,Cdcafa2df6c
ORD000326,2026-04-30 09:35:20,S05,Usman,T10,dine_in,AMR,Americano,Coffee,1,480,384.0,96.0,0,0,0,closed,cash,442.0,0.15,Cf7a6863213
ORD000327,2026-04-30 10:11:45,S08,Mahnoor,T10,dine_in,MAT,Matcha Latte,Coffee,1,720,720.0,0.0,0,0,0,closed,card,914.0,0.05,C47c5e28c85
ORD000327,2026-04-30 10:11:45,S08,Mahnoor,T10,dine_in,WTR,Bottled Water,Other,1,150,150.0,0.0,0,0,0,closed,card,914.0,0.05,C47c5e28c85
ORD000328,2026-04-30 13:41:45,S08,Mahnoor,T8,dine_in,MOC,Mocha,Coffee,1,650,650.0,0.0,0,0,0,closed,card,2009.0,0.05,C0d02c6d683
ORD000328,2026-04-30 13:41:45,S08,Mahnoor,T8,dine_in,CKE,Slice of Cake,Bakery,1,780,663.0,117.0,0,0,0,closed,card,2009.0,0.05,C0d02c6d683
ORD000328,2026-04-30 13:41:45,S08,Mahnoor,T8,dine_in,PNC,Pain au Chocolat,Bakery,1,600,600.0,0.0,0,0,0,closed,card,2009.0,0.05,C0d02c6d683
ORD000329,2026-04-30 16:06:25,S02,Hamza,T3,dine_in,LAT,Cafe Latte,Coffee,1,580,580.0,0.0,0,0,0,closed,wallet,1218.0,0.05,Cf1debaccc2
ORD000329,2026-04-30 16:06:25,S02,Hamza,T3,dine_in,LAT,Cafe Latte,Coffee,1,580,580.0,0.0,0,0,0,closed,wallet,1218.0,0.05,Cf1debaccc2
ORD000330,2026-04-30 22:34:44,S04,Sara,T3,dine_in,CAP,Cappuccino,Coffee,1,560,560.0,0.0,0,0,0,closed,cash,1242.0,0.15,
ORD000330,2026-04-30 22:34:44,S04,Sara,T3,dine_in,CRO,Butter Croissant,Bakery,1,520,520.0,0.0,0,0,0,closed,cash,1242.0,0.15,
ORD000331,2026-04-30 20:20:31,S01,Ayesha,T5,dine_in,AVT,Avocado Toast,Food,1,1450,1450.0,0.0,0,0,0,closed,wallet,2152.0,0.05,Cb8a2f04a6f
ORD000331,2026-04-30 20:20:31,S01,Ayesha,T5,dine_in,PNC,Pain au Chocolat,Bakery,1,600,600.0,0.0,0,0,0,closed,wallet,2152.0,0.05,Cb8a2f04a6f
ORD000332,2026-04-30 19:58:59,S07,Daniyal,,takeaway,WTR,Bottled Water,Other,1,150,150.0,0.0,0,0,0,closed,qr,158.0,0.05,Cf1a66632db
ORD000333,2026-04-30 13:03:00,S06,Zainab,T10,dine_in,CRO,Butter Croissant,Bakery,1,520,520.0,0.0,0,0,0,closed,wallet,1365.0,0.05,C280fc1bab1
ORD000333,2026-04-30 13:03:00,S06,Zainab,T10,dine_in,CKE,Slice of Cake,Bakery,1,780,780.0,0.0,0,0,0,closed,wallet,1365.0,0.05,C280fc1bab1
ORD000334,2026-04-30 19:53:26,S03,Bilal,T5,dine_in,PAS,Pasta,Food,1,1650,1650.0,0.0,0,0,0,closed,card,1732.0,0.05,Cf4895fd9dd
ORD000335,2026-04-30 20:57:50,S07,Daniyal,,takeaway,MOC,Mocha,Coffee,1,650,0.0,0.0,0,0,1,closed,cash,667.0,0.15,
ORD000335,2026-04-30 20:57:50,S07,Daniyal,,takeaway,LAT,Cafe Latte,Coffee,1,580,580.0,0.0,0,0,0,closed,cash,667.0,0.15,
ORD000336,2026-04-30 09:02:02,S08,Mahnoor,,takeaway,CKE2,Cheesecake,Bakery,1,880,880.0,0.0,0,0,0,closed,card,924.0,0.05,C572f9a346e
ORD000337,2026-04-30 11:33:56,S02,Hamza,T3,dine_in,CRO,Butter Croissant,Bakery,1,520,520.0,0.0,0,0,0,closed,cash,4393.0,0.15,
ORD000337,2026-04-30 11:33:56,S02,Hamza,T3,dine_in,PAS,Pasta,Food,2,1650,3300.0,0.0,0,0,0,closed,cash,4393.0,0.15,
ORD000338,2026-04-30 22:18:10,S01,Ayesha,,takeaway,LAT,Cafe Latte,Coffee,1,580,580.0,0.0,0,0,0,closed,cash,1265.0,0.15,
ORD000338,2026-04-30 22:18:10,S01,Ayesha,,takeaway,CRO,Butter Croissant,Bakery,1,520,520.0,0.0,0,0,0,closed,cash,1265.0,0.15,
ORD000339,2026-04-30 11:32:04,S05,Usman,T9,dine_in,CAP,Cappuccino,Coffee,1,560,560.0,0.0,0,0,0,closed,card,588.0,0.05,C52cc78336b
ORD000340,2026-04-30 19:50:44,S04,Sara,T17,dine_in,CRO,Butter Croissant,Bakery,1,520,520.0,0.0,0,0,0,closed,wallet,3694.0,0.05,C1771e35d2c
ORD000340,2026-04-30 19:50:44,S04,Sara,T17,dine_in,BFP,Big Breakfast,Food,1,1850,1850.0,0.0,0,0,0,closed,wallet,3694.0,0.05,C1771e35d2c
ORD000340,2026-04-30 19:50:44,S04,Sara,T17,dine_in,SAN,Chicken Sandwich,Food,1,1350,1148.0,202.0,0,0,0,closed,wallet,3694.0,0.05,C1771e35d2c
ORD000341,2026-04-30 10:30:19,S08,Mahnoor,,takeaway,MOC,Mocha,Coffee,1,650,650.0,0.0,0,0,0,closed,wallet,1292.0,0.05,Cf1debaccc2
ORD000341,2026-04-30 10:30:19,S08,Mahnoor,,takeaway,LAT,Cafe Latte,Coffee,1,580,580.0,0.0,0,0,0,closed,wallet,1292.0,0.05,Cf1debaccc2
ORD000342,2026-04-30 14:06:58,S06,Zainab,,takeaway,FLW,Flat White,Coffee,1,600,600.0,0.0,0,0,0,closed,cash,1357.0,0.15,
ORD000342,2026-04-30 14:06:58,S06,Zainab,,takeaway,LAT,Cafe Latte,Coffee,1,580,580.0,0.0,0,0,0,closed,cash,1357.0,0.15,
ORD000343,2026-04-30 14:33:21,S03,Bilal,T1,dine_in,CAP,Cappuccino,Coffee,1,560,476.0,84.0,0,0,0,closed,cash,547.0,0.15,
ORD000344,2026-04-30 07:01:39,S02,Hamza,T7,dine_in,AMR,Americano,Coffee,1,480,480.0,0.0,0,0,0,closed,qr,1732.0,0.05,Ce217f40c1f
ORD000344,2026-04-30 07:01:39,S02,Hamza,T7,dine_in,CRO,Butter Croissant,Bakery,1,520,520.0,0.0,0,0,0,closed,qr,1732.0,0.05,Ce217f40c1f
ORD000344,2026-04-30 07:01:39,S02,Hamza,T7,dine_in,MOC,Mocha,Coffee,1,650,650.0,0.0,0,0,0,closed,qr,1732.0,0.05,Ce217f40c1f
ORD000345,2026-04-30 12:49:27,S06,Zainab,T3,dine_in,AMR,Americano,Coffee,1,480,480.0,0.0,0,0,0,closed,card,504.0,0.05,C0b90585403
ORD000346,2026-04-30 11:39:25,S03,Bilal,,takeaway,PNC,Pain au Chocolat,Bakery,1,600,600.0,0.0,0,0,0,closed,card,630.0,0.05,Ce6c49b0fd1
ORD000347,2026-04-30 09:49:28,S01,Ayesha,,takeaway,LAT,Cafe Latte,Coffee,1,580,580.0,0.0,0,0,0,closed,card,1428.0,0.05,C15c08c63ba
ORD000347,2026-04-30 09:49:28,S01,Ayesha,,takeaway,CKE,Slice of Cake,Bakery,1,780,780.0,0.0,0,0,0,closed,card,1428.0,0.05,C15c08c63ba
ORD000348,2026-04-30 17:34:14,S01,Ayesha,T16,dine_in,FLW,Flat White,Coffee,1,600,480.0,120.0,0,0,0,closed,card,504.0,0.05,C882ffcc387
ORD000349,2026-04-30 21:53:29,S05,Usman,,takeaway,FLW,Flat White,Coffee,1,600,600.0,0.0,0,0,0,closed,card,1312.0,0.05,C0b90585403
ORD000349,2026-04-30 21:53:29,S05,Usman,,takeaway,MOC,Mocha,Coffee,1,650,650.0,0.0,0,0,0,closed,card,1312.0,0.05,C0b90585403
ORD000350,2026-04-30 07:46:37,S04,Sara,T3,dine_in,SAN,Chicken Sandwich,Food,1,1350,1350.0,0.0,0,0,0,closed,wallet,1418.0,0.05,Cb605dd63c7
ORD000351,2026-04-30 17:25:07,S04,Sara,,takeaway,SAN,Chicken Sandwich,Food,1,1350,1350.0,0.0,0,0,0,closed,cash,2196.0,0.15,
ORD000351,2026-04-30 17:25:07,S04,Sara,,takeaway,CAP,Cappuccino,Coffee,1,560,560.0,0.0,0,0,0,closed,cash,2196.0,0.15,
ORD000352,2026-04-30 08:00:11,S01,Ayesha,,takeaway,CRO,Butter Croissant,Bakery,1,520,520.0,0.0,0,0,0,closed,wallet,546.0,0.05,C19ab330972
ORD000353,2026-04-30 18:04:51,S04,Sara,T13,dine_in,FLW,Flat White,Coffee,1,600,600.0,0.0,0,0,0,closed,card,630.0,0.05,C86629c6deb
ORD000354,2026-04-30 07:07:17,S03,Bilal,,takeaway,SAL,Garden Salad,Food,1,1250,1000.0,250.0,0,0,0,closed,card,1050.0,0.05,Cadc987ad2c
ORD000355,2026-04-30 10:05:00,S01,Ayesha,T3,dine_in,CKE,Slice of Cake,Bakery,1,780,780.0,0.0,0,0,0,closed,cash,897.0,0.15,
ORD000356,2026-04-30 09:33:28,S07,Daniyal,T6,dine_in,AMR,Americano,Coffee,1,480,480.0,0.0,0,0,0,closed,cash,2680.0,0.15,C96285ec529
ORD000356,2026-04-30 09:33:28,S07,Daniyal,T6,dine_in,BFP,Big Breakfast,Food,1,1850,1850.0,0.0,0,0,0,closed,cash,2680.0,0.15,C96285ec529
ORD000357,2026-04-30 18:29:49,S04,Sara,T7,dine_in,ICL,Iced Latte,Coffee,1,640,512.0,128.0,0,0,0,closed,card,1756.0,0.05,C6b051e9554
ORD000357,2026-04-30 18:29:49,S04,Sara,T7,dine_in,CAP,Cappuccino,Coffee,1,560,560.0,0.0,0,0,0,closed,card,1756.0,0.05,C6b051e9554
ORD000357,2026-04-30 18:29:49,S04,Sara,T7,dine_in,PNC,Pain au Chocolat,Bakery,1,600,600.0,0.0,0,0,0,closed,card,1756.0,0.05,C6b051e9554
ORD000358,2026-04-30 14:50:01,S08,Mahnoor,T3,dine_in,CLB,Cold Brew,Coffee,1,680,680.0,0.0,0,0,0,closed,wallet,1638.0,0.05,C16e43ce1cc
ORD000358,2026-04-30 14:50:01,S08,Mahnoor,T3,dine_in,CKE2,Cheesecake,Bakery,1,880,880.0,0.0,0,0,0,closed,wallet,1638.0,0.05,C16e43ce1cc
ORD000359,2026-04-30 08:04:30,S08,Mahnoor,T14,dine_in,MOC,Mocha,Coffee,1,650,650.0,0.0,0,0,0,closed,card,682.0,0.05,C2636129801
ORD000360,2026-04-30 09:08:02,S01,Ayesha,T4,dine_in,LAT,Cafe Latte,Coffee,1,580,580.0,0.0,0,0,0,closed,wallet,1239.0,0.05,C8f113a4739
ORD000360,2026-04-30 09:08:02,S01,Ayesha,T4,dine_in,FLW,Flat White,Coffee,1,600,600.0,0.0,0,0,0,closed,wallet,1239.0,0.05,C8f113a4739
ORD000361,2026-04-30 10:54:33,S08,Mahnoor,,takeaway,CKE2,Cheesecake,Bakery,1,880,880.0,0.0,0,0,0,closed,card,924.0,0.05,C3d3ed875c0
ORD000362,2026-04-30 16:09:58,S01,Ayesha,T2,dine_in,MAT,Matcha Latte,Coffee,1,720,720.0,0.0,0,0,0,closed,card,756.0,0.05,C13ed41d309
ORD000363,2026-04-30 11:05:35,S01,Ayesha,,takeaway,CAP,Cappuccino,Coffee,1,560,560.0,0.0,0,0,0,closed,cash,1380.0,0.15,C84719e966a
ORD000363,2026-04-30 11:05:35,S01,Ayesha,,takeaway,ICL,Iced Latte,Coffee,1,640,640.0,0.0,0,0,0,closed,cash,1380.0,0.15,C84719e966a
ORD000364,2026-04-30 20:11:50,S06,Zainab,,takeaway,FLW,Flat White,Coffee,1,600,600.0,0.0,0,0,0,closed,cash,1955.0,0.15,Cd32984532a
ORD000364,2026-04-30 20:11:50,S06,Zainab,,takeaway,ESP,Espresso,Coffee,1,420,420.0,0.0,0,0,0,closed,cash,1955.0,0.15,Cd32984532a
ORD000364,2026-04-30 20:11:50,S06,Zainab,,takeaway,CLB,Cold Brew,Coffee,1,680,680.0,0.0,0,0,0,closed,cash,1955.0,0.15,Cd32984532a
ORD000365,2026-04-30 22:56:03,S02,Hamza,T15,dine_in,HOT,Hot Chocolate,Coffee,1,560,560.0,0.0,0,0,0,closed,cash,644.0,0.15,
ORD000366,2026-04-30 21:34:07,S08,Mahnoor,,takeaway,CKE2,Cheesecake,Bakery,1,880,880.0,0.0,0,0,0,closed,wallet,924.0,0.05,C405f15caeb
ORD000367,2026-04-30 19:03:04,S06,Zainab,T16,dine_in,MAT,Matcha Latte,Coffee,1,720,720.0,0.0,0,0,0,closed,cash,828.0,0.15,
ORD000368,2026-04-30 13:44:51,S02,Hamza,T15,dine_in,IMP,Imported Soda,Other,1,480,480.0,0.0,0,0,0,closed,card,504.0,0.05,Cb616ef25f5
ORD000369,2026-04-30 11:33:40,S01,Ayesha,T18,dine_in,PNC,Pain au Chocolat,Bakery,1,600,600.0,0.0,0,0,0,closed,qr,630.0,0.05,Ce6c49b0fd1
ORD000370,2026-04-30 09:26:37,S06,Zainab,,takeaway,SAN,Chicken Sandwich,Food,1,1350,1350.0,0.0,0,0,0,closed,wallet,2132.0,0.05,C0882deb692
ORD000370,2026-04-30 09:26:37,S06,Zainab,,takeaway,CLB,Cold Brew,Coffee,1,680,680.0,0.0,0,0,0,closed,wallet,2132.0,0.05,C0882deb692
ORD000371,2026-04-30 17:09:22,S05,Usman,T6,dine_in,SAN,Chicken Sandwich,Food,1,1350,1350.0,0.0,0,0,0,closed,cash,3139.0,0.15,C8f113a4739
ORD000371,2026-04-30 17:09:22,S05,Usman,T6,dine_in,CKE,Slice of Cake,Bakery,1,780,780.0,0.0,0,0,0,closed,cash,3139.0,0.15,C8f113a4739
ORD000371,2026-04-30 17:09:22,S05,Usman,T6,dine_in,PNC,Pain au Chocolat,Bakery,1,600,600.0,0.0,0,0,0,closed,cash,3139.0,0.15,C8f113a4739
ORD000372,2026-05-01 14:34:19,S02,Hamza,,takeaway,ICL,Iced Latte,Coffee,1,640,0.0,0.0,0,0,1,closed,cash,0.0,0.15,
ORD000373,2026-05-01 19:41:45,S05,Usman,T10,dine_in,BFP,Big Breakfast,Food,2,1850,3700.0,0.0,0,0,0,closed,qr,4624.0,0.05,C73389a1c70
ORD000373,2026-05-01 19:41:45,S05,Usman,T10,dine_in,CKE2,Cheesecake,Bakery,1,880,704.0,176.0,0,0,0,closed,qr,4624.0,0.05,C73389a1c70
ORD000374,2026-05-01 11:28:22,S02,Hamza,T7,dine_in,AMR,Americano,Coffee,1,480,480.0,0.0,0,0,0,closed,cash,552.0,0.15,Cbb0bb2dc8d
ORD000375,2026-05-01 22:12:31,S06,Zainab,T17,dine_in,CKE,Slice of Cake,Bakery,1,780,780.0,0.0,0,0,0,closed,qr,819.0,0.05,Cd4acb7eedb
ORD000376,2026-05-01 12:28:55,S02,Hamza,T15,dine_in,BFP,Big Breakfast,Food,2,1850,3700.0,0.0,0,0,0,closed,wallet,3885.0,0.05,C58cf770e72
ORD000377,2026-05-01 14:09:13,S05,Usman,T17,dine_in,AMR,Americano,Coffee,1,480,480.0,0.0,0,0,0,closed,qr,1218.0,0.05,C3baae6f192
ORD000377,2026-05-01 14:09:13,S05,Usman,T17,dine_in,CLB,Cold Brew,Coffee,1,680,680.0,0.0,0,0,0,closed,qr,1218.0,0.05,C3baae6f192
ORD000378,2026-05-01 10:18:35,S08,Mahnoor,T10,dine_in,LAT,Cafe Latte,Coffee,1,580,580.0,0.0,0,0,0,closed,wallet,2132.0,0.05,C19d751a040
ORD000378,2026-05-01 10:18:35,S08,Mahnoor,T10,dine_in,AVT,Avocado Toast,Food,1,1450,1450.0,0.0,0,0,0,closed,wallet,2132.0,0.05,C19d751a040
ORD000379,2026-05-01 08:01:07,S05,Usman,T3,dine_in,CLB,Cold Brew,Coffee,1,680,680.0,0.0,0,0,0,closed,cash,782.0,0.15,
ORD000380,2026-05-01 19:32:46,S01,Ayesha,,takeaway,CKE,Slice of Cake,Bakery,1,780,780.0,0.0,0,0,0,closed,card,819.0,0.05,C4d4f7e93b0
ORD000381,2026-05-01 19:03:18,S05,Usman,T3,dine_in,CAP,Cappuccino,Coffee,1,560,560.0,0.0,0,0,0,closed,cash,644.0,0.15,
ORD000382,2026-05-01 19:17:43,S06,Zainab,T12,dine_in,AVT,Avocado Toast,Food,1,1450,1450.0,0.0,0,0,0,closed,wallet,1522.0,0.05,C48bfa448ba
ORD000383,2026-05-01 14:50:57,S02,Hamza,T3,dine_in,FLW,Flat White,Coffee,1,600,600.0,0.0,0,0,0,closed,card,630.0,0.05,Cf4895fd9dd
ORD000384,2026-05-01 15:11:45,S05,Usman,T4,dine_in,FLW,Flat White,Coffee,1,600,600.0,0.0,0,0,0,closed,card,1239.0,0.05,C84f0c2a37f
ORD000384,2026-05-01 15:11:45,S05,Usman,T4,dine_in,LAT,Cafe Latte,Coffee,1,580,580.0,0.0,0,0,0,closed,card,1239.0,0.05,C84f0c2a37f
ORD000385,2026-05-01 11:06:02,S01,Ayesha,T9,dine_in,AVT,Avocado Toast,Food,1,1450,1450.0,0.0,0,0,0,closed,card,2835.0,0.05,Ca376152b0e
ORD000385,2026-05-01 11:06:02,S01,Ayesha,T9,dine_in,SAL,Garden Salad,Food,1,1250,1250.0,0.0,0,0,0,closed,card,2835.0,0.05,Ca376152b0e
ORD000386,2026-05-01 11:54:32,S04,Sara,T3,dine_in,CKE,Slice of Cake,Bakery,1,780,780.0,0.0,0,0,0,closed,card,819.0,0.05,C03a7195bef
ORD000387,2026-05-01 07:59:13,S08,Mahnoor,T6,dine_in,FLW,Flat White,Coffee,1,600,600.0,0.0,0,0,0,closed,cash,690.0,0.15,
ORD000388,2026-05-01 09:07:29,S02,Hamza,T16,dine_in,AMR,Americano,Coffee,1,480,480.0,0.0,0,0,0,closed,wallet,1176.0,0.05,C4895d2ab4e
ORD000388,2026-05-01 09:07:29,S02,Hamza,T16,dine_in,ICL,Iced Latte,Coffee,1,640,640.0,0.0,0,0,0,closed,wallet,1176.0,0.05,C4895d2ab4e
ORD000389,2026-05-01 12:12:54,S02,Hamza,,takeaway,WTR,Bottled Water,Other,1,150,150.0,0.0,0,0,0,closed,wallet,158.0,0.05,Cf2d9e252dc
ORD000390,2026-05-01 17:07:09,S07,Daniyal,T4,dine_in,WTR,Bottled Water,Other,1,150,150.0,0.0,0,0,0,closed,wallet,158.0,0.05,C0f84fbbc6a
ORD000391,2026-05-01 10:46:31,S05,Usman,,takeaway,PNC,Pain au Chocolat,Bakery,1,600,600.0,0.0,0,0,0,closed,wallet,1312.0,0.05,C2d2743bc09
ORD000391,2026-05-01 10:46:31,S05,Usman,,takeaway,MOC,Mocha,Coffee,1,650,650.0,0.0,0,0,0,closed,wallet,1312.0,0.05,C2d2743bc09
ORD000392,2026-05-01 09:31:31,S04,Sara,,takeaway,ICL,Iced Latte,Coffee,1,640,640.0,0.0,0,0,0,closed,card,1113.0,0.05,Cd923cf20c8
ORD000392,2026-05-01 09:31:31,S04,Sara,,takeaway,ESP,Espresso,Coffee,1,420,420.0,0.0,0,0,0,closed,card,1113.0,0.05,Cd923cf20c8
ORD000393,2026-05-01 20:50:29,S04,Sara,T16,dine_in,SAN,Chicken Sandwich,Food,1,1350,1350.0,0.0,0,0,0,closed,cash,1552.0,0.15,
ORD000394,2026-05-01 22:28:20,S07,Daniyal,T2,dine_in,CKE,Slice of Cake,Bakery,1,780,780.0,0.0,0,0,0,closed,card,819.0,0.05,C92c8f0f06b
ORD000395,2026-05-01 11:36:43,S08,Mahnoor,,takeaway,SAN,Chicken Sandwich,Food,1,1350,1350.0,0.0,0,0,0,closed,cash,1552.0,0.15,
ORD000396,2026-05-01 15:49:18,S06,Zainab,T2,dine_in,ESP,Espresso,Coffee,1,420,420.0,0.0,0,0,0,closed,card,2174.0,0.05,C74caaa80b4
ORD000396,2026-05-01 15:49:18,S06,Zainab,T2,dine_in,PAS,Pasta,Food,1,1650,1650.0,0.0,0,0,0,closed,card,2174.0,0.05,C74caaa80b4
ORD000397,2026-05-01 17:58:44,S02,Hamza,,takeaway,ICL,Iced Latte,Coffee,1,640,640.0,0.0,0,0,0,closed,card,672.0,0.05,C27c059f294
ORD000398,2026-05-01 10:37:01,S06,Zainab,T13,dine_in,PNC,Pain au Chocolat,Bakery,1,600,600.0,0.0,0,0,0,closed,card,630.0,0.05,C96285ec529
ORD000399,2026-05-01 13:19:23,S07,Daniyal,T3,dine_in,FLW,Flat White,Coffee,1,600,600.0,0.0,0,0,0,closed,wallet,630.0,0.05,C12428ddf53
ORD000400,2026-05-01 21:37:21,S05,Usman,T17,dine_in,ICL,Iced Latte,Coffee,1,640,640.0,0.0,0,0,0,closed,cash,1426.0,0.15,C09841a2802
ORD000400,2026-05-01 21:37:21,S05,Usman,T17,dine_in,FLW,Flat White,Coffee,1,600,600.0,0.0,0,0,0,closed,cash,1426.0,0.15,C09841a2802
ORD000401,2026-05-01 14:40:45,S03,Bilal,T7,dine_in,LAT,Cafe Latte,Coffee,1,580,580.0,0.0,0,0,0,closed,cash,2794.0,0.15,
ORD000401,2026-05-01 14:40:45,S03,Bilal,T7,dine_in,CRO,Butter Croissant,Bakery,1,520,0.0,0.0,0,0,1,closed,cash,2794.0,0.15,
ORD000401,2026-05-01 14:40:45,S03,Bilal,T7,dine_in,BFP,Big Breakfast,Food,1,1850,1850.0,0.0,0,0,0,closed,cash,2794.0,0.15,
ORD000402,2026-05-01 20:26:20,S02,Hamza,,takeaway,LAT,Cafe Latte,Coffee,1,580,580.0,0.0,0,0,0,closed,wallet,1155.0,0.05,Cdf99103aeb
ORD000402,2026-05-01 20:26:20,S02,Hamza,,takeaway,CRO,Butter Croissant,Bakery,1,520,520.0,0.0,0,0,0,closed,wallet,1155.0,0.05,Cdf99103aeb
ORD000403,2026-05-01 15:27:41,S01,Ayesha,T9,dine_in,MAT,Matcha Latte,Coffee,1,720,720.0,0.0,0,0,0,closed,card,756.0,0.05,C74caaa80b4
ORD000404,2026-05-01 17:55:57,S02,Hamza,T10,dine_in,PNC,Pain au Chocolat,Bakery,1,600,600.0,0.0,0,0,0,closed,wallet,3045.0,0.05,C2cb9488682
ORD000404,2026-05-01 17:55:57,S02,Hamza,T10,dine_in,PAS,Pasta,Food,1,1650,1650.0,0.0,0,0,0,closed,wallet,3045.0,0.05,C2cb9488682
ORD000404,2026-05-01 17:55:57,S02,Hamza,T10,dine_in,MOC,Mocha,Coffee,1,650,650.0,0.0,0,0,0,closed,wallet,3045.0,0.05,C2cb9488682
ORD000405,2026-05-01 11:15:38,S02,Hamza,,takeaway,CKE2,Cheesecake,Bakery,1,880,880.0,0.0,0,0,0,closed,card,924.0,0.05,Ce0cbd94e20
ORD000406,2026-05-01 09:28:26,S05,Usman,,takeaway,CLB,Cold Brew,Coffee,1,680,680.0,0.0,0,0,0,closed,card,714.0,0.05,Cdcafa2df6c
ORD000407,2026-05-01 22:30:45,S06,Zainab,,takeaway,CKE2,Cheesecake,Bakery,1,880,880.0,0.0,0,0,0,closed,card,924.0,0.05,C07835d8cd5
ORD000408,2026-05-01 19:35:24,S05,Usman,,takeaway,MAT,Matcha Latte,Coffee,1,720,0.0,0.0,0,0,1,closed,cash,667.0,0.15,
ORD000408,2026-05-01 19:35:24,S05,Usman,,takeaway,LAT,Cafe Latte,Coffee,1,580,580.0,0.0,0,0,0,closed,cash,667.0,0.15,
ORD000409,2026-05-01 11:19:13,S03,Bilal,,takeaway,CLB,Cold Brew,Coffee,1,680,680.0,0.0,0,0,0,closed,cash,1265.0,0.15,
ORD000409,2026-05-01 11:19:13,S03,Bilal,,takeaway,ESP,Espresso,Coffee,1,420,420.0,0.0,0,0,0,closed,cash,1265.0,0.15,
ORD000410,2026-05-01 17:52:10,S05,Usman,T12,dine_in,FLW,Flat White,Coffee,1,600,600.0,0.0,0,0,0,closed,cash,690.0,0.15,
ORD000411,2026-05-01 10:50:41,S03,Bilal,T7,dine_in,CAP,Cappuccino,Coffee,1,560,560.0,0.0,0,0,0,closed,cash,644.0,0.15,
ORD000412,2026-05-01 20:50:20,S08,Mahnoor,T5,dine_in,FLW,Flat White,Coffee,1,600,600.0,0.0,0,0,0,closed,card,630.0,0.05,Cc5dc15b61f
ORD000413,2026-05-01 13:14:01,S01,Ayesha,,takeaway,WTR,Bottled Water,Other,1,150,150.0,0.0,0,0,0,closed,cash,1736.0,0.15,
ORD000413,2026-05-01 13:14:01,S01,Ayesha,,takeaway,LAT,Cafe Latte,Coffee,1,580,580.0,0.0,0,0,0,closed,cash,1736.0,0.15,
ORD000413,2026-05-01 13:14:01,S01,Ayesha,,takeaway,CKE,Slice of Cake,Bakery,1,780,780.0,0.0,0,0,0,closed,cash,1736.0,0.15,
ORD000414,2026-05-01 12:52:43,S08,Mahnoor,T7,dine_in,CKE2,Cheesecake,Bakery,1,880,880.0,0.0,0,0,0,closed,card,924.0,0.05,C8cc6766d5c
ORD000415,2026-05-01 09:46:43,S04,Sara,T14,dine_in,CLB,Cold Brew,Coffee,1,680,680.0,0.0,0,0,0,closed,wallet,714.0,0.05,C17a403a366
ORD000416,2026-05-01 10:08:55,S06,Zainab,,takeaway,LAT,Cafe Latte,Coffee,1,580,493.0,87.0,0,0,0,closed,cash,1211.0,0.15,C25fde7e354
ORD000416,2026-05-01 10:08:55,S06,Zainab,,takeaway,CAP,Cappuccino,Coffee,1,560,560.0,0.0,0,0,0,closed,cash,1211.0,0.15,C25fde7e354
ORD000417,2026-05-01 17:00:16,S07,Daniyal,T13,dine_in,LAT,Cafe Latte,Coffee,1,580,580.0,0.0,0,0,0,closed,cash,1403.0,0.15,Cb52a0c16f5
ORD000417,2026-05-01 17:00:16,S07,Daniyal,T13,dine_in,ICL,Iced Latte,Coffee,1,640,640.0,0.0,0,0,0,closed,cash,1403.0,0.15,Cb52a0c16f5
ORD000418,2026-05-01 07:08:31,S05,Usman,,takeaway,AVT,Avocado Toast,Food,1,1450,1450.0,0.0,0,0,0,closed,qr,2132.0,0.05,C17a403a366
ORD000418,2026-05-01 07:08:31,S05,Usman,,takeaway,LAT,Cafe Latte,Coffee,1,580,580.0,0.0,0,0,0,closed,qr,2132.0,0.05,C17a403a366
ORD000419,2026-05-01 20:03:12,S03,Bilal,T6,dine_in,CAP,Cappuccino,Coffee,1,560,560.0,0.0,0,0,0,closed,card,588.0,0.05,C7bfa0588ba
ORD000420,2026-05-01 22:29:31,S02,Hamza,,takeaway,FLW,Flat White,Coffee,1,600,600.0,0.0,0,0,0,closed,wallet,630.0,0.05,C1771e35d2c
ORD000421,2026-05-01 16:37:13,S01,Ayesha,T6,dine_in,FLW,Flat White,Coffee,1,600,600.0,0.0,0,0,0,closed,cash,690.0,0.15,C6f592a9d0e
ORD000422,2026-05-01 11:53:20,S03,Bilal,T15,dine_in,LAT,Cafe Latte,Coffee,1,580,0.0,0.0,0,0,1,closed,wallet,630.0,0.05,C5adf111d60
ORD000422,2026-05-01 11:53:20,S03,Bilal,T15,dine_in,PNC,Pain au Chocolat,Bakery,1,600,600.0,0.0,0,0,0,closed,wallet,630.0,0.05,C5adf111d60
ORD000423,2026-05-01 21:13:55,S01,Ayesha,,takeaway,IMP,Imported Soda,Other,1,480,480.0,0.0,0,0,0,closed,card,504.0,0.05,Cbbde7dd4bd
ORD000424,2026-05-01 22:05:01,S04,Sara,T13,dine_in,FLW,Flat White,Coffee,1,600,600.0,0.0,0,0,0,closed,card,630.0,0.05,Cdf2d41884a
ORD000425,2026-05-01 21:22:42,S02,Hamza,,takeaway,ICL,Iced Latte,Coffee,1,640,640.0,0.0,0,0,0,closed,cash,2162.0,0.15,
ORD000425,2026-05-01 21:22:42,S02,Hamza,,takeaway,HOT,Hot Chocolate,Coffee,1,560,560.0,0.0,0,0,0,closed,cash,2162.0,0.15,
ORD000425,2026-05-01 21:22:42,S02,Hamza,,takeaway,CLB,Cold Brew,Coffee,1,680,680.0,0.0,0,0,0,closed,cash,2162.0,0.15,
ORD000426,2026-05-01 18:59:31,S02,Hamza,T14,dine_in,CAP,Cappuccino,Coffee,1,560,560.0,0.0,0,0,0,closed,card,588.0,0.05,Cd353ebc562
ORD000427,2026-05-01 07:35:04,S01,Ayesha,T17,dine_in,FLW,Flat White,Coffee,1,600,600.0,0.0,0,0,0,closed,cash,1288.0,0.15,C85143319da
ORD000427,2026-05-01 07:35:04,S01,Ayesha,T17,dine_in,CRO,Butter Croissant,Bakery,1,520,520.0,0.0,0,0,0,closed,cash,1288.0,0.15,C85143319da
ORD000428,2026-05-01 10:56:45,S05,Usman,T15,dine_in,SAL,Garden Salad,Food,1,1250,1250.0,0.0,0,0,0,closed,wallet,1312.0,0.05,Ce6722bf747
ORD000429,2026-05-01 07:27:34,S01,Ayesha,T4,dine_in,SAN,Chicken Sandwich,Food,1,1350,1350.0,0.0,0,0,0,closed,card,1575.0,0.05,Cbb35965df4
ORD000429,2026-05-01 07:27:34,S01,Ayesha,T4,dine_in,WTR,Bottled Water,Other,1,150,150.0,0.0,0,0,0,closed,card,1575.0,0.05,Cbb35965df4
ORD000430,2026-05-01 12:05:08,S03,Bilal,T4,dine_in,LAT,Cafe Latte,Coffee,1,580,580.0,0.0,0,0,0,closed,wallet,1239.0,0.05,C738668a590
ORD000430,2026-05-01 12:05:08,S03,Bilal,T4,dine_in,PNC,Pain au Chocolat,Bakery,1,600,600.0,0.0,0,0,0,closed,wallet,1239.0,0.05,C738668a590
ORD000431,2026-05-01 12:27:01,S02,Hamza,T5,dine_in,ESP,Espresso,Coffee,1,420,420.0,0.0,0,0,0,closed,cash,483.0,0.15,
ORD000432,2026-05-01 20:03:21,S01,Ayesha,T14,dine_in,CKE2,Cheesecake,Bakery,1,880,748.0,132.0,0,0,0,closed,qr,943.0,0.05,Ce0cbd94e20
ORD000432,2026-05-01 20:03:21,S01,Ayesha,T14,dine_in,WTR,Bottled Water,Other,1,150,150.0,0.0,0,0,0,closed,qr,943.0,0.05,Ce0cbd94e20
ORD000433,2026-05-01 13:03:33,S01,Ayesha,T11,dine_in,PAS,Pasta,Food,1,1650,1650.0,0.0,0,0,0,closed,cash,2542.0,0.15,
ORD000433,2026-05-01 13:03:33,S01,Ayesha,T11,dine_in,CAP,Cappuccino,Coffee,1,560,560.0,0.0,0,0,0,closed,cash,2542.0,0.15,
ORD000434,2026-05-01 13:14:37,S06,Zainab,,takeaway,FLW,Flat White,Coffee,1,600,600.0,0.0,0,0,0,closed,wallet,630.0,0.05,C591116544b
ORD000435,2026-05-01 19:50:30,S03,Bilal,,takeaway,CAP,Cappuccino,Coffee,1,560,560.0,0.0,0,0,0,closed,card,588.0,0.05,Cc754096e90
ORD000436,2026-05-01 22:19:15,S04,Sara,T1,dine_in,CAP,Cappuccino,Coffee,1,560,560.0,0.0,0,0,0,closed,cash,2196.0,0.15,
ORD000436,2026-05-01 22:19:15,S04,Sara,T1,dine_in,SAN,Chicken Sandwich,Food,1,1350,1350.0,0.0,0,0,0,closed,cash,2196.0,0.15,
ORD000437,2026-05-01 22:49:02,S05,Usman,,takeaway,CKE,Slice of Cake,Bakery,1,780,780.0,0.0,0,0,0,closed,wallet,2132.0,0.05,C92b88d0fe3
ORD000437,2026-05-01 22:49:02,S05,Usman,,takeaway,SAL,Garden Salad,Food,1,1250,1250.0,0.0,0,0,0,closed,wallet,2132.0,0.05,C92b88d0fe3
ORD000438,2026-05-01 21:32:06,S03,Bilal,,takeaway,CKE,Slice of Cake,Bakery,1,780,780.0,0.0,0,0,0,closed,wallet,2342.0,0.05,C595a048988
ORD000438,2026-05-01 21:32:06,S03,Bilal,,takeaway,AVT,Avocado Toast,Food,1,1450,1450.0,0.0,0,0,0,closed,wallet,2342.0,0.05,C595a048988
ORD000439,2026-05-01 21:15:53,S08,Mahnoor,T17,dine_in,MOC,Mocha,Coffee,1,650,650.0,0.0,0,0,0,closed,card,1312.0,0.05,C7bfa0588ba
ORD000439,2026-05-01 21:15:53,S08,Mahnoor,T17,dine_in,PNC,Pain au Chocolat,Bakery,1,600,600.0,0.0,0,0,0,closed,card,1312.0,0.05,C7bfa0588ba
ORD000440,2026-05-01 12:54:33,S06,Zainab,,takeaway,ICL,Iced Latte,Coffee,1,640,640.0,0.0,0,0,0,closed,cash,1288.0,0.15,
ORD000440,2026-05-01 12:54:33,S06,Zainab,,takeaway,AMR,Americano,Coffee,1,480,480.0,0.0,0,0,0,closed,cash,1288.0,0.15,
ORD000441,2026-05-01 21:57:36,S01,Ayesha,,takeaway,CLB,Cold Brew,Coffee,1,680,680.0,0.0,0,0,0,closed,qr,3266.0,0.05,C4c89cd728a
ORD000441,2026-05-01 21:57:36,S01,Ayesha,,takeaway,PAS,Pasta,Food,1,1650,1650.0,0.0,0,0,0,closed,qr,3266.0,0.05,C4c89cd728a
ORD000441,2026-05-01 21:57:36,S01,Ayesha,,takeaway,CKE,Slice of Cake,Bakery,1,780,780.0,0.0,0,0,0,closed,qr,3266.0,0.05,C4c89cd728a
ORD000442,2026-05-01 20:44:22,S07,Daniyal,,takeaway,CKE2,Cheesecake,Bakery,1,880,880.0,0.0,0,0,0,closed,wallet,924.0,0.05,C27c059f294
ORD000443,2026-05-01 07:32:35,S05,Usman,T6,dine_in,LAT,Cafe Latte,Coffee,1,580,580.0,0.0,0,0,0,closed,card,2132.0,0.05,C12f94e5dd1
ORD000443,2026-05-01 07:32:35,S05,Usman,T6,dine_in,AVT,Avocado Toast,Food,1,1450,1450.0,0.0,0,0,0,closed,card,2132.0,0.05,C12f94e5dd1
ORD000444,2026-05-01 07:28:19,S01,Ayesha,T8,dine_in,IMP,Imported Soda,Other,1,480,480.0,0.0,0,0,0,closed,wallet,1134.0,0.05,C7f267b17a3
ORD000444,2026-05-01 07:28:19,S01,Ayesha,T8,dine_in,PNC,Pain au Chocolat,Bakery,1,600,600.0,0.0,0,0,0,closed,wallet,1134.0,0.05,C7f267b17a3
ORD000445,2026-05-01 10:33:47,S04,Sara,T17,dine_in,CAP,Cappuccino,Coffee,1,560,560.0,0.0,0,0,0,closed,cash,644.0,0.15,
ORD000446,2026-05-01 08:30:13,S08,Mahnoor,T17,dine_in,SAN,Chicken Sandwich,Food,1,1350,1350.0,0.0,0,0,0,closed,cash,2150.0,0.15,
ORD000446,2026-05-01 08:30:13,S08,Mahnoor,T17,dine_in,CRO,Butter Croissant,Bakery,1,520,520.0,0.0,0,0,0,closed,cash,2150.0,0.15,
ORD000447,2026-05-01 15:45:29,S03,Bilal,,takeaway,ICL,Iced Latte,Coffee,1,640,640.0,0.0,0,0,0,closed,cash,1147.0,0.15,
ORD000447,2026-05-01 15:45:29,S03,Bilal,,takeaway,ESP,Espresso,Coffee,1,420,357.0,63.0,0,0,0,closed,cash,1147.0,0.15,
ORD000448,2026-05-01 08:07:23,S05,Usman,,takeaway,CRO,Butter Croissant,Bakery,1,520,442.0,78.0,0,0,0,closed,card,464.0,0.05,Ca2da62fdc7
ORD000449,2026-05-01 20:00:07,S06,Zainab,T2,dine_in,PAS,Pasta,Food,1,1650,1650.0,0.0,0,0,0,closed,cash,3565.0,0.15,
ORD000449,2026-05-01 20:00:07,S06,Zainab,T2,dine_in,AVT,Avocado Toast,Food,1,1450,1450.0,0.0,0,0,0,closed,cash,3565.0,0.15,
ORD000450,2026-05-01 19:05:51,S07,Daniyal,T13,dine_in,CKE2,Cheesecake,Bakery,1,880,880.0,0.0,0,0,0,closed,card,2972.0,0.05,Cbac72cb73a
ORD000450,2026-05-01 19:05:51,S07,Daniyal,T13,dine_in,PNC,Pain au Chocolat,Bakery,1,600,600.0,0.0,0,0,0,closed,card,2972.0,0.05,Cbac72cb73a
ORD000450,2026-05-01 19:05:51,S07,Daniyal,T13,dine_in,SAN,Chicken Sandwich,Food,1,1350,1350.0,0.0,0,0,0,closed,card,2972.0,0.05,Cbac72cb73a
ORD000451,2026-05-01 08:48:30,S01,Ayesha,T18,dine_in,BFP,Big Breakfast,Food,1,1850,1850.0,0.0,0,0,0,closed,card,1942.0,0.05,C5d90c0fdc3
ORD000452,2026-05-01 13:02:31,S01,Ayesha,T6,dine_in,LAT,Cafe Latte,Coffee,1,580,580.0,0.0,0,0,0,closed,cash,667.0,0.15,
ORD000453,2026-05-01 09:49:05,S03,Bilal,T14,dine_in,AMR,Americano,Coffee,1,480,480.0,0.0,0,0,0,closed,cash,552.0,0.15,Cc433bd18b5
ORD000454,2026-05-01 12:52:57,S02,Hamza,T8,dine_in,ICL,Iced Latte,Coffee,1,640,640.0,0.0,0,0,0,closed,wallet,672.0,0.05,C797e2d42c3
ORD000455,2026-05-01 14:30:01,S07,Daniyal,,takeaway,PNC,Pain au Chocolat,Bakery,1,600,600.0,0.0,0,0,0,closed,qr,1827.0,0.05,C19d751a040
ORD000455,2026-05-01 14:30:01,S07,Daniyal,,takeaway,LAT,Cafe Latte,Coffee,1,580,580.0,0.0,0,0,0,closed,qr,1827.0,0.05,C19d751a040
ORD000455,2026-05-01 14:30:01,S07,Daniyal,,takeaway,HOT,Hot Chocolate,Coffee,1,560,560.0,0.0,0,0,0,closed,qr,1827.0,0.05,C19d751a040
ORD000456,2026-05-01 20:58:35,S08,Mahnoor,T15,dine_in,ESP,Espresso,Coffee,1,420,420.0,0.0,0,0,0,closed,qr,2291.0,0.05,Cdf2d41884a
ORD000456,2026-05-01 20:58:35,S08,Mahnoor,T15,dine_in,SAL,Garden Salad,Food,1,1250,1250.0,0.0,0,0,0,closed,qr,2291.0,0.05,Cdf2d41884a
ORD000456,2026-05-01 20:58:35,S08,Mahnoor,T15,dine_in,ICL,Iced Latte,Coffee,1,640,512.0,128.0,0,0,0,closed,qr,2291.0,0.05,Cdf2d41884a
ORD000457,2026-05-01 07:53:08,S05,Usman,,takeaway,IMP,Imported Soda,Other,1,480,480.0,0.0,0,0,0,closed,card,1208.0,0.05,C77ab9059ad
ORD000457,2026-05-01 07:53:08,S05,Usman,,takeaway,CRO,Butter Croissant,Bakery,1,520,520.0,0.0,0,0,0,closed,card,1208.0,0.05,C77ab9059ad
ORD000457,2026-05-01 07:53:08,S05,Usman,,takeaway,WTR,Bottled Water,Other,1,150,150.0,0.0,0,0,0,closed,card,1208.0,0.05,C77ab9059ad
ORD000458,2026-05-02 22:00:57,S01,Ayesha,,takeaway,AVT,Avocado Toast,Food,1,1450,1450.0,0.0,0,0,0,closed,cash,2496.0,0.15,
ORD000458,2026-05-02 22:00:57,S01,Ayesha,,takeaway,MAT,Matcha Latte,Coffee,1,720,720.0,0.0,0,0,0,closed,cash,2496.0,0.15,
ORD000459,2026-05-02 12:52:38,S06,Zainab,T1,dine_in,LAT,Cafe Latte,Coffee,1,580,493.0,87.0,0,0,0,closed,card,518.0,0.05,C6694a28353
ORD000460,2026-05-02 09:51:45,S04,Sara,T16,dine_in,CKE,Slice of Cake,Bakery,1,780,780.0,0.0,0,0,0,closed,qr,2037.0,0.05,C96285ec529
ORD000460,2026-05-02 09:51:45,S04,Sara,T16,dine_in,LAT,Cafe Latte,Coffee,1,580,580.0,0.0,0,0,0,closed,qr,2037.0,0.05,C96285ec529
ORD000460,2026-05-02 09:51:45,S04,Sara,T16,dine_in,LAT,Cafe Latte,Coffee,1,580,580.0,0.0,0,0,0,closed,qr,2037.0,0.05,C96285ec529
ORD000461,2026-05-02 14:37:08,S02,Hamza,T8,dine_in,PNC,Pain au Chocolat,Bakery,1,600,600.0,0.0,0,0,0,closed,wallet,630.0,0.05,C8ce57845d3
ORD000462,2026-05-02 10:00:27,S01,Ayesha,,takeaway,CKE,Slice of Cake,Bakery,1,780,780.0,0.0,0,0,0,closed,card,819.0,0.05,C2cb9488682
ORD000463,2026-05-02 18:03:17,S07,Daniyal,T11,dine_in,BFP,Big Breakfast,Food,1,1850,1850.0,0.0,0,0,0,closed,card,2618.0,0.05,C1771e35d2c
ORD000463,2026-05-02 18:03:17,S07,Daniyal,T11,dine_in,WTR,Bottled Water,Other,1,150,150.0,0.0,0,0,0,closed,card,2618.0,0.05,C1771e35d2c
ORD000463,2026-05-02 18:03:17,S07,Daniyal,T11,dine_in,LAT,Cafe Latte,Coffee,1,580,493.0,87.0,0,0,0,closed,card,2618.0,0.05,C1771e35d2c
ORD000464,2026-05-02 19:53:16,S04,Sara,T8,dine_in,LAT,Cafe Latte,Coffee,1,580,580.0,0.0,0,0,0,closed,qr,609.0,0.05,C28e2b5e8e1
ORD000465,2026-05-02 10:37:07,S02,Hamza,,takeaway,AVT,Avocado Toast,Food,1,1450,1160.0,290.0,0,0,0,closed,qr,1722.0,0.05,C6b051e9554
ORD000465,2026-05-02 10:37:07,S02,Hamza,,takeaway,AMR,Americano,Coffee,1,480,480.0,0.0,0,0,0,closed,qr,1722.0,0.05,C6b051e9554
ORD000466,2026-05-02 11:39:48,S07,Daniyal,T1,dine_in,CRO,Butter Croissant,Bakery,1,520,520.0,0.0,0,0,0,closed,cash,598.0,0.15,
ORD000467,2026-05-02 09:37:12,S02,Hamza,T3,dine_in,CAP,Cappuccino,Coffee,1,560,560.0,0.0,0,0,0,closed,cash,2070.0,0.15,
ORD000467,2026-05-02 09:37:12,S02,Hamza,T3,dine_in,ICL,Iced Latte,Coffee,1,640,640.0,0.0,0,0,0,closed,cash,2070.0,0.15,
ORD000467,2026-05-02 09:37:12,S02,Hamza,T3,dine_in,FLW,Flat White,Coffee,1,600,600.0,0.0,0,0,0,closed,cash,2070.0,0.15,
ORD000468,2026-05-02 13:56:34,S03,Bilal,T10,dine_in,ICL,Iced Latte,Coffee,1,640,640.0,0.0,0,0,0,closed,cash,1966.0,0.15,
ORD000468,2026-05-02 13:56:34,S03,Bilal,T10,dine_in,PNC,Pain au Chocolat,Bakery,1,600,510.0,90.0,0,0,0,closed,cash,1966.0,0.15,
ORD000468,2026-05-02 13:56:34,S03,Bilal,T10,dine_in,CAP,Cappuccino,Coffee,1,560,560.0,0.0,0,0,0,closed,cash,1966.0,0.15,
ORD000469,2026-05-02 20:38:44,S06,Zainab,,takeaway,FLW,Flat White,Coffee,1,600,600.0,0.0,0,0,0,closed,cash,690.0,0.15,
ORD000470,2026-05-02 11:40:14,S04,Sara,T7,dine_in,CKE2,Cheesecake,Bakery,1,880,880.0,0.0,0,0,0,closed,card,924.0,0.05,C6268c7e38c
ORD000471,2026-05-02 11:22:01,S02,Hamza,T15,dine_in,WTR,Bottled Water,Other,1,150,150.0,0.0,0,0,0,closed,card,158.0,0.05,Cb0d3f4350d
ORD000472,2026-05-02 08:21:54,S04,Sara,T1,dine_in,PNC,Pain au Chocolat,Bakery,1,600,600.0,0.0,0,0,0,closed,card,630.0,0.05,Ca4c85907e3
ORD000473,2026-05-02 22:29:15,S06,Zainab,,takeaway,WTR,Bottled Water,Other,1,150,150.0,0.0,0,0,0,closed,cash,3967.0,0.15,
ORD000473,2026-05-02 22:29:15,S06,Zainab,,takeaway,PAS,Pasta,Food,1,1650,1650.0,0.0,0,0,0,closed,cash,3967.0,0.15,
ORD000473,2026-05-02 22:29:15,S06,Zainab,,takeaway,PAS,Pasta,Food,1,1650,1650.0,0.0,0,0,0,closed,cash,3967.0,0.15,
ORD000474,2026-05-02 14:54:34,S05,Usman,,takeaway,CAP,Cappuccino,Coffee,1,560,560.0,0.0,0,0,0,closed,card,588.0,0.05,C5d90c0fdc3
ORD000475,2026-05-02 20:50:42,S02,Hamza,T13,dine_in,MAT,Matcha Latte,Coffee,1,720,720.0,0.0,0,0,0,closed,wallet,756.0,0.05,Ca619461b77
ORD000476,2026-05-02 12:30:17,S07,Daniyal,,takeaway,LAT,Cafe Latte,Coffee,1,580,580.0,0.0,0,0,0,closed,wallet,609.0,0.05,C82d89424d0
ORD000477,2026-05-02 18:59:53,S06,Zainab,T3,dine_in,LAT,Cafe Latte,Coffee,1,580,464.0,116.0,0,0,0,closed,card,487.0,0.05,C58cf770e72
ORD000478,2026-05-02 12:23:51,S08,Mahnoor,T13,dine_in,MOC,Mocha,Coffee,1,650,650.0,0.0,0,0,0,closed,card,1186.0,0.05,Ce6722bf747
ORD000478,2026-05-02 12:23:51,S08,Mahnoor,T13,dine_in,AMR,Americano,Coffee,1,480,480.0,0.0,0,0,0,closed,card,1186.0,0.05,Ce6722bf747
ORD000479,2026-05-02 07:34:12,S06,Zainab,T11,dine_in,LAT,Cafe Latte,Coffee,1,580,580.0,0.0,0,0,0,closed,card,609.0,0.05,C8e93896e16
ORD000479,2026-05-02 07:34:12,S06,Zainab,T11,dine_in,CKE,Slice of Cake,Bakery,1,780,0.0,0.0,1,1,0,partial_void,card,609.0,0.05,C8e93896e16
ORD000480,2026-05-02 20:25:52,S01,Ayesha,T17,dine_in,CKE2,Cheesecake,Bakery,1,880,880.0,0.0,0,0,0,closed,qr,924.0,0.05,C794ddb894e
ORD000481,2026-05-02 15:46:52,S08,Mahnoor,T3,dine_in,CLB,Cold Brew,Coffee,1,680,612.0,68.0,0,0,0,closed,card,2060.0,0.05,Cdf0bd6d485
ORD000481,2026-05-02 15:46:52,S08,Mahnoor,T3,dine_in,CLB,Cold Brew,Coffee,1,680,0.0,0.0,0,0,1,closed,card,2060.0,0.05,Cdf0bd6d485
ORD000481,2026-05-02 15:46:52,S08,Mahnoor,T3,dine_in,SAN,Chicken Sandwich,Food,1,1350,1350.0,0.0,0,0,0,closed,card,2060.0,0.05,Cdf0bd6d485
ORD000482,2026-05-02 20:48:49,S05,Usman,T1,dine_in,BFP,Big Breakfast,Food,1,1850,1850.0,0.0,0,0,0,closed,cash,3565.0,0.15,Cf7a6863213
ORD000482,2026-05-02 20:48:49,S05,Usman,T1,dine_in,SAL,Garden Salad,Food,1,1250,1250.0,0.0,0,0,0,closed,cash,3565.0,0.15,Cf7a6863213
ORD000483,2026-05-02 22:05:10,S02,Hamza,,takeaway,LAT,Cafe Latte,Coffee,1,580,580.0,0.0,0,0,0,closed,card,609.0,0.05,Cabd31f1c0f
ORD000484,2026-05-02 07:29:03,S06,Zainab,T6,dine_in,CAP,Cappuccino,Coffee,1,560,560.0,0.0,0,0,0,closed,card,588.0,0.05,Caa760802e1
ORD000485,2026-05-02 21:08:55,S04,Sara,T16,dine_in,ICL,Iced Latte,Coffee,1,640,0.0,0.0,0,0,1,closed,card,819.0,0.05,Cd0b424e50a
ORD000485,2026-05-02 21:08:55,S04,Sara,T16,dine_in,CKE,Slice of Cake,Bakery,1,780,780.0,0.0,0,0,0,closed,card,819.0,0.05,Cd0b424e50a
ORD000486,2026-05-02 19:58:36,S08,Mahnoor,T2,dine_in,ICL,Iced Latte,Coffee,1,640,640.0,0.0,0,0,0,closed,cash,2530.0,0.15,
ORD000486,2026-05-02 19:58:36,S08,Mahnoor,T2,dine_in,CKE,Slice of Cake,Bakery,1,780,780.0,0.0,0,0,0,closed,cash,2530.0,0.15,
ORD000486,2026-05-02 19:58:36,S08,Mahnoor,T2,dine_in,CKE,Slice of Cake,Bakery,1,780,780.0,0.0,0,0,0,closed,cash,2530.0,0.15,
ORD000487,2026-05-02 07:25:44,S01,Ayesha,T6,dine_in,AMR,Americano,Coffee,1,480,480.0,0.0,0,0,0,closed,card,1428.0,0.05,Ca4dcc15132
ORD000487,2026-05-02 07:25:44,S01,Ayesha,T6,dine_in,CKE2,Cheesecake,Bakery,1,880,880.0,0.0,0,0,0,closed,card,1428.0,0.05,Ca4dcc15132
ORD000488,2026-05-02 19:26:28,S03,Bilal,T17,dine_in,CKE2,Cheesecake,Bakery,1,880,880.0,0.0,0,0,0,closed,card,1538.0,0.05,Cf75f1d84fe
ORD000488,2026-05-02 19:26:28,S03,Bilal,T17,dine_in,MOC,Mocha,Coffee,1,650,585.0,65.0,0,0,0,closed,card,1538.0,0.05,Cf75f1d84fe
ORD000489,2026-05-02 20:31:29,S02,Hamza,T8,dine_in,FLW,Flat White,Coffee,1,600,600.0,0.0,0,0,0,closed,cash,690.0,0.15,
ORD000490,2026-05-02 07:34:47,S07,Daniyal,T1,dine_in,PAS,Pasta,Food,1,1650,1320.0,330.0,0,0,0,closed,cash,2346.0,0.15,C1173024c92
ORD000490,2026-05-02 07:34:47,S07,Daniyal,T1,dine_in,MAT,Matcha Latte,Coffee,1,720,720.0,0.0,0,0,0,closed,cash,2346.0,0.15,C1173024c92
ORD000491,2026-05-02 11:38:00,S01,Ayesha,,takeaway,LAT,Cafe Latte,Coffee,1,580,522.0,58.0,0,0,0,closed,wallet,1430.0,0.05,Cd7f0005f94
ORD000491,2026-05-02 11:38:00,S01,Ayesha,,takeaway,ESP,Espresso,Coffee,1,420,420.0,0.0,0,0,0,closed,wallet,1430.0,0.05,Cd7f0005f94
ORD000491,2026-05-02 11:38:00,S01,Ayesha,,takeaway,ESP,Espresso,Coffee,1,420,420.0,0.0,0,0,0,closed,wallet,1430.0,0.05,Cd7f0005f94
ORD000492,2026-05-02 15:20:35,S04,Sara,,takeaway,LAT,Cafe Latte,Coffee,1,580,580.0,0.0,0,0,0,closed,qr,609.0,0.05,C25fde7e354
ORD000493,2026-05-02 12:13:29,S04,Sara,T9,dine_in,LAT,Cafe Latte,Coffee,1,580,580.0,0.0,0,0,0,closed,cash,667.0,0.15,
ORD000494,2026-05-02 08:16:06,S06,Zainab,,takeaway,CKE,Slice of Cake,Bakery,1,780,780.0,0.0,0,0,0,closed,cash,2185.0,0.15,
ORD000494,2026-05-02 08:16:06,S06,Zainab,,takeaway,FLW,Flat White,Coffee,1,600,600.0,0.0,0,0,0,closed,cash,2185.0,0.15,
ORD000494,2026-05-02 08:16:06,S06,Zainab,,takeaway,CRO,Butter Croissant,Bakery,1,520,520.0,0.0,0,0,0,closed,cash,2185.0,0.15,
ORD000495,2026-05-02 07:14:01,S02,Hamza,T14,dine_in,ICL,Iced Latte,Coffee,1,640,640.0,0.0,0,0,0,closed,wallet,672.0,0.05,C1ecad42cfe
ORD000496,2026-05-02 10:47:56,S06,Zainab,T11,dine_in,WTR,Bottled Water,Other,1,150,150.0,0.0,0,0,0,closed,cash,172.0,0.15,
ORD000497,2026-05-02 19:21:15,S04,Sara,T8,dine_in,MOC,Mocha,Coffee,1,650,0.0,0.0,0,0,1,closed,wallet,630.0,0.05,C06bdd13f9e
ORD000497,2026-05-02 19:21:15,S04,Sara,T8,dine_in,FLW,Flat White,Coffee,1,600,600.0,0.0,0,0,0,closed,wallet,630.0,0.05,C06bdd13f9e
ORD000498,2026-05-02 18:13:08,S02,Hamza,T18,dine_in,CLB,Cold Brew,Coffee,1,680,680.0,0.0,0,0,0,closed,wallet,714.0,0.05,C0668e26d5a
ORD000499,2026-05-02 13:15:19,S05,Usman,T7,dine_in,MOC,Mocha,Coffee,1,650,650.0,0.0,0,0,0,closed,card,2037.0,0.05,Cb023110c0f
ORD000499,2026-05-02 13:15:19,S05,Usman,T7,dine_in,MOC,Mocha,Coffee,1,650,650.0,0.0,0,0,0,closed,card,2037.0,0.05,Cb023110c0f
ORD000499,2026-05-02 13:15:19,S05,Usman,T7,dine_in,ICL,Iced Latte,Coffee,1,640,640.0,0.0,0,0,0,closed,card,2037.0,0.05,Cb023110c0f
ORD000500,2026-05-02 22:38:34,S03,Bilal,T6,dine_in,HOT,Hot Chocolate,Coffee,1,560,560.0,0.0,0,0,0,closed,card,588.0,0.05,C3d3ed875c0
ORD000501,2026-05-02 08:00:00,S06,Zainab,T14,dine_in,FLW,Flat White,Coffee,1,600,600.0,0.0,0,0,0,closed,qr,630.0,0.05,Cc9c35da787
ORD000502,2026-05-02 21:24:59,S03,Bilal,T14,dine_in,ICL,Iced Latte,Coffee,1,640,640.0,0.0,0,0,0,closed,qr,1344.0,0.05,C704cdee453
ORD000502,2026-05-02 21:24:59,S03,Bilal,T14,dine_in,ICL,Iced Latte,Coffee,1,640,640.0,0.0,0,0,0,closed,qr,1344.0,0.05,C704cdee453
ORD000503,2026-05-02 09:40:45,S01,Ayesha,,takeaway,CKE,Slice of Cake,Bakery,1,780,780.0,0.0,0,0,0,closed,cash,897.0,0.15,
ORD000504,2026-05-02 17:07:49,S02,Hamza,,takeaway,AMR,Americano,Coffee,1,480,480.0,0.0,0,0,0,closed,qr,3969.0,0.05,C3baae6f192
ORD000504,2026-05-02 17:07:49,S02,Hamza,,takeaway,PAS,Pasta,Food,1,1650,1650.0,0.0,0,0,0,closed,qr,3969.0,0.05,C3baae6f192
ORD000504,2026-05-02 17:07:49,S02,Hamza,,takeaway,PAS,Pasta,Food,1,1650,1650.0,0.0,0,0,0,closed,qr,3969.0,0.05,C3baae6f192
ORD000505,2026-05-02 09:52:09,S05,Usman,,takeaway,CAP,Cappuccino,Coffee,1,560,560.0,0.0,0,0,0,closed,qr,588.0,0.05,Ca2c33b664c
ORD000506,2026-05-02 12:41:18,S07,Daniyal,T12,dine_in,IMP,Imported Soda,Other,1,480,480.0,0.0,0,0,0,closed,card,504.0,0.05,C96285ec529
ORD000507,2026-05-02 08:51:48,S04,Sara,T14,dine_in,CRO,Butter Croissant,Bakery,1,520,520.0,0.0,0,0,0,closed,cash,598.0,0.15,
ORD000508,2026-05-02 07:37:15,S08,Mahnoor,T4,dine_in,AVT,Avocado Toast,Food,1,1450,1450.0,0.0,0,0,0,closed,card,2026.0,0.05,Ca376152b0e
ORD000508,2026-05-02 07:37:15,S08,Mahnoor,T4,dine_in,AMR,Americano,Coffee,1,480,480.0,0.0,0,0,0,closed,card,2026.0,0.05,Ca376152b0e
ORD000509,2026-05-02 20:21:23,S06,Zainab,,takeaway,CRO,Butter Croissant,Bakery,1,520,520.0,0.0,0,0,0,closed,wallet,546.0,0.05,C34ba41a4f5
ORD000510,2026-05-02 10:46:53,S03,Bilal,T4,dine_in,LAT,Cafe Latte,Coffee,1,580,580.0,0.0,0,0,0,closed,wallet,609.0,0.05,C280fc1bab1
ORD000510,2026-05-02 10:46:53,S03,Bilal,T4,dine_in,CLB,Cold Brew,Coffee,1,680,0.0,0.0,0,0,1,closed,wallet,609.0,0.05,C280fc1bab1
ORD000511,2026-05-02 19:01:40,S06,Zainab,,takeaway,CRO,Butter Croissant,Bakery,1,520,520.0,0.0,0,0,0,closed,qr,546.0,0.05,C6f592a9d0e
ORD000512,2026-05-02 12:42:54,S02,Hamza,,takeaway,PAS,Pasta,Food,1,1650,1402.0,248.0,0,0,0,closed,card,2995.0,0.05,Cadc75d3967
ORD000512,2026-05-02 12:42:54,S02,Hamza,,takeaway,AVT,Avocado Toast,Food,1,1450,1450.0,0.0,0,0,0,closed,card,2995.0,0.05,Cadc75d3967
ORD000513,2026-05-02 11:30:42,S04,Sara,T6,dine_in,WTR,Bottled Water,Other,1,150,128.0,22.0,0,0,0,closed,wallet,134.0,0.05,Cd0bca36078
ORD000514,2026-05-02 09:42:30,S02,Hamza,,takeaway,CKE,Slice of Cake,Bakery,1,780,780.0,0.0,0,0,0,closed,qr,819.0,0.05,C9a8479a5d0
ORD000515,2026-05-02 16:21:24,S07,Daniyal,,takeaway,LAT,Cafe Latte,Coffee,1,580,580.0,0.0,0,0,0,closed,wallet,1197.0,0.05,C15b5e71b1d
ORD000515,2026-05-02 16:21:24,S07,Daniyal,,takeaway,CAP,Cappuccino,Coffee,1,560,560.0,0.0,0,0,0,closed,wallet,1197.0,0.05,C15b5e71b1d
ORD000516,2026-05-02 12:24:36,S01,Ayesha,T18,dine_in,MOC,Mocha,Coffee,1,650,650.0,0.0,0,0,0,closed,card,682.0,0.05,C25fde7e354
ORD000517,2026-05-02 14:06:25,S01,Ayesha,T15,dine_in,ICL,Iced Latte,Coffee,1,640,640.0,0.0,0,0,0,closed,card,1344.0,0.05,C7bf04a46f8
ORD000517,2026-05-02 14:06:25,S01,Ayesha,T15,dine_in,ICL,Iced Latte,Coffee,1,640,640.0,0.0,0,0,0,closed,card,1344.0,0.05,C7bf04a46f8
ORD000518,2026-05-02 13:07:17,S08,Mahnoor,,takeaway,BFP,Big Breakfast,Food,1,1850,1850.0,0.0,0,0,0,closed,card,1942.0,0.05,C0b90585403
ORD000519,2026-05-02 07:59:55,S03,Bilal,,takeaway,SAL,Garden Salad,Food,1,1250,1250.0,0.0,0,0,0,closed,cash,1438.0,0.15,
ORD000519,2026-05-02 07:59:55,S03,Bilal,,takeaway,CAP,Cappuccino,Coffee,1,560,0.0,0.0,1,1,0,partial_void,cash,1438.0,0.15,
ORD000520,2026-05-02 19:44:59,S04,Sara,,takeaway,BFP,Big Breakfast,Food,1,1850,1850.0,0.0,0,0,0,closed,cash,3680.0,0.15,C5d90c0fdc3
ORD000520,2026-05-02 19:44:59,S04,Sara,,takeaway,SAN,Chicken Sandwich,Food,1,1350,1350.0,0.0,0,0,0,closed,cash,3680.0,0.15,C5d90c0fdc3
ORD000521,2026-05-02 17:23:46,S02,Hamza,,takeaway,CAP,Cappuccino,Coffee,1,560,560.0,0.0,0,0,0,closed,qr,1092.0,0.05,C25fde7e354
ORD000521,2026-05-02 17:23:46,S02,Hamza,,takeaway,AMR,Americano,Coffee,1,480,480.0,0.0,0,0,0,closed,qr,1092.0,0.05,C25fde7e354
ORD000522,2026-05-02 11:40:46,S07,Daniyal,T4,dine_in,PNC,Pain au Chocolat,Bakery,1,600,600.0,0.0,0,0,0,closed,card,2132.0,0.05,Cd8138e6b6b
ORD000522,2026-05-02 11:40:46,S07,Daniyal,T4,dine_in,MOC,Mocha,Coffee,1,650,650.0,0.0,0,0,0,closed,card,2132.0,0.05,Cd8138e6b6b
ORD000522,2026-05-02 11:40:46,S07,Daniyal,T4,dine_in,CKE,Slice of Cake,Bakery,1,780,780.0,0.0,0,0,0,closed,card,2132.0,0.05,Cd8138e6b6b
ORD000523,2026-05-02 10:41:42,S04,Sara,T16,dine_in,MOC,Mocha,Coffee,1,650,650.0,0.0,0,0,0,closed,card,840.0,0.05,C5e03bc8f55
ORD000523,2026-05-02 10:41:42,S04,Sara,T16,dine_in,WTR,Bottled Water,Other,1,150,150.0,0.0,0,0,0,closed,card,840.0,0.05,C5e03bc8f55
ORD000524,2026-05-02 15:52:44,S01,Ayesha,T18,dine_in,CRO,Butter Croissant,Bakery,1,520,520.0,0.0,0,0,0,closed,wallet,546.0,0.05,C572f9a346e
ORD000525,2026-05-02 17:11:55,S03,Bilal,T15,dine_in,PNC,Pain au Chocolat,Bakery,1,600,0.0,0.0,1,1,0,partial_void,wallet,504.0,0.05,C77ae45bf0e
ORD000525,2026-05-02 17:11:55,S03,Bilal,T15,dine_in,AMR,Americano,Coffee,1,480,480.0,0.0,0,0,0,partial_void,wallet,504.0,0.05,C77ae45bf0e
ORD000526,2026-05-02 21:15:19,S01,Ayesha,,takeaway,CLB,Cold Brew,Coffee,1,680,680.0,0.0,0,0,0,closed,cash,1426.0,0.15,
ORD000526,2026-05-02 21:15:19,S01,Ayesha,,takeaway,HOT,Hot Chocolate,Coffee,1,560,560.0,0.0,0,0,0,closed,cash,1426.0,0.15,
ORD000527,2026-05-02 07:15:02,S04,Sara,T7,dine_in,FLW,Flat White,Coffee,1,600,600.0,0.0,0,0,0,closed,qr,1554.0,0.05,C47ab0dca2b
ORD000527,2026-05-02 07:15:02,S04,Sara,T7,dine_in,CKE2,Cheesecake,Bakery,1,880,880.0,0.0,0,0,0,closed,qr,1554.0,0.05,C47ab0dca2b
ORD000528,2026-05-02 22:44:09,S04,Sara,T9,dine_in,HOT,Hot Chocolate,Coffee,1,560,560.0,0.0,0,0,0,closed,qr,1218.0,0.05,C3af134de53
ORD000528,2026-05-02 22:44:09,S04,Sara,T9,dine_in,PNC,Pain au Chocolat,Bakery,1,600,600.0,0.0,0,0,0,closed,qr,1218.0,0.05,C3af134de53
ORD000529,2026-05-02 21:04:17,S02,Hamza,T18,dine_in,PAS,Pasta,Food,1,1650,1650.0,0.0,0,0,0,closed,cash,1897.0,0.15,
ORD000530,2026-05-02 08:24:06,S02,Hamza,T10,dine_in,FLW,Flat White,Coffee,1,600,600.0,0.0,0,0,0,closed,cash,690.0,0.15,
ORD000531,2026-05-02 07:10:20,S07,Daniyal,T18,dine_in,CRO,Butter Croissant,Bakery,1,520,520.0,0.0,0,0,0,closed,cash,598.0,0.15,
ORD000532,2026-05-02 18:24:36,S05,Usman,T12,dine_in,CLB,Cold Brew,Coffee,1,680,680.0,0.0,0,0,0,closed,cash,782.0,0.15,C3ac4264808
ORD000533,2026-05-02 21:19:40,S02,Hamza,,takeaway,AMR,Americano,Coffee,1,480,480.0,0.0,0,0,0,closed,cash,552.0,0.15,
ORD000534,2026-05-02 09:35:59,S08,Mahnoor,,takeaway,CKE2,Cheesecake,Bakery,1,880,880.0,0.0,0,0,0,closed,card,924.0,0.05,C4fd56c1eae
ORD000535,2026-05-02 17:25:00,S04,Sara,,takeaway,FLW,Flat White,Coffee,1,600,600.0,0.0,0,0,0,closed,wallet,630.0,0.05,C3a7a2f7c00
ORD000536,2026-05-02 21:38:28,S03,Bilal,,takeaway,MOC,Mocha,Coffee,1,650,0.0,0.0,1,0,0,partial_void,wallet,0.0,0.05,C63391bb904
ORD000537,2026-05-02 07:21:58,S04,Sara,,takeaway,FLW,Flat White,Coffee,1,600,600.0,0.0,0,0,0,closed,wallet,630.0,0.05,C300be8a3bd
ORD000538,2026-05-02 09:59:59,S01,Ayesha,,takeaway,CRO,Butter Croissant,Bakery,1,520,0.0,0.0,1,0,0,partial_void,wallet,0.0,0.05,C3a419ed055
ORD000539,2026-05-02 09:00:06,S07,Daniyal,T3,dine_in,SAL,Garden Salad,Food,1,1250,1250.0,0.0,0,0,0,closed,cash,1438.0,0.15,
ORD000540,2026-05-02 12:27:57,S03,Bilal,T9,dine_in,FLW,Flat White,Coffee,1,600,600.0,0.0,0,0,0,closed,card,630.0,0.05,C3d3ed875c0
ORD000541,2026-05-02 08:18:02,S03,Bilal,T11,dine_in,IMP,Imported Soda,Other,1,480,480.0,0.0,0,0,0,closed,qr,1250.0,0.05,C6694a28353
ORD000541,2026-05-02 08:18:02,S03,Bilal,T11,dine_in,WTR,Bottled Water,Other,1,150,150.0,0.0,0,0,0,closed,qr,1250.0,0.05,C6694a28353
ORD000541,2026-05-02 08:18:02,S03,Bilal,T11,dine_in,CAP,Cappuccino,Coffee,1,560,560.0,0.0,0,0,0,closed,qr,1250.0,0.05,C6694a28353
ORD000542,2026-05-02 18:07:06,S01,Ayesha,T12,dine_in,PNC,Pain au Chocolat,Bakery,1,600,600.0,0.0,0,0,0,closed,cash,690.0,0.15,
ORD000543,2026-05-02 12:18:31,S02,Hamza,,takeaway,FLW,Flat White,Coffee,1,600,600.0,0.0,0,0,0,closed,card,630.0,0.05,C48db1936bb
ORD000544,2026-05-02 20:12:30,S02,Hamza,,takeaway,CAP,Cappuccino,Coffee,1,560,560.0,0.0,0,0,0,closed,cash,1288.0,0.15,Ce1f85704ba
ORD000544,2026-05-02 20:12:30,S02,Hamza,,takeaway,CAP,Cappuccino,Coffee,1,560,560.0,0.0,0,0,0,closed,cash,1288.0,0.15,Ce1f85704ba
ORD000545,2026-05-02 20:26:33,S05,Usman,,takeaway,ICL,Iced Latte,Coffee,1,640,640.0,0.0,0,0,0,closed,qr,672.0,0.05,C25fde7e354
ORD000546,2026-05-02 09:45:26,S04,Sara,T2,dine_in,LAT,Cafe Latte,Coffee,1,580,580.0,0.0,0,0,0,closed,card,1281.0,0.05,Cbac72cb73a
ORD000546,2026-05-02 09:45:26,S04,Sara,T2,dine_in,ICL,Iced Latte,Coffee,1,640,640.0,0.0,0,0,0,closed,card,1281.0,0.05,Cbac72cb73a
ORD000547,2026-05-02 07:43:35,S03,Bilal,T12,dine_in,PNC,Pain au Chocolat,Bakery,1,600,600.0,0.0,0,0,0,closed,wallet,630.0,0.05,Cbe8b6c2a41
ORD000548,2026-05-02 07:02:37,S04,Sara,T15,dine_in,FLW,Flat White,Coffee,1,600,600.0,0.0,0,0,0,closed,qr,1302.0,0.05,C27c059f294
ORD000548,2026-05-02 07:02:37,S04,Sara,T15,dine_in,ICL,Iced Latte,Coffee,1,640,640.0,0.0,0,0,0,closed,qr,1302.0,0.05,C27c059f294
ORD000549,2026-05-02 19:57:23,S08,Mahnoor,,takeaway,SAL,Garden Salad,Food,1,1250,1000.0,250.0,0,0,0,closed,card,1050.0,0.05,C52886faf9f
ORD000550,2026-05-02 07:50:44,S04,Sara,,takeaway,WTR,Bottled Water,Other,1,150,150.0,0.0,0,0,0,closed,cash,816.0,0.15,
ORD000550,2026-05-02 07:50:44,S04,Sara,,takeaway,CAP,Cappuccino,Coffee,1,560,560.0,0.0,0,0,0,closed,cash,816.0,0.15,
ORD000551,2026-05-02 08:37:44,S01,Ayesha,,takeaway,SAN,Chicken Sandwich,Food,1,1350,1350.0,0.0,0,0,0,closed,wallet,1418.0,0.05,C13ed41d309
ORD000552,2026-05-02 15:02:40,S03,Bilal,,takeaway,WTR,Bottled Water,Other,1,150,150.0,0.0,0,0,0,closed,card,158.0,0.05,C5d90c0fdc3
ORD000553,2026-05-02 19:20:05,S05,Usman,,takeaway,AMR,Americano,Coffee,1,480,480.0,0.0,0,0,0,closed,cash,552.0,0.15,
ORD000554,2026-05-02 21:16:01,S02,Hamza,,takeaway,CRO,Butter Croissant,Bakery,1,520,520.0,0.0,0,0,0,closed,cash,598.0,0.15,
ORD000555,2026-05-02 11:37:40,S07,Daniyal,T8,dine_in,ICL,Iced Latte,Coffee,1,640,640.0,0.0,0,0,0,closed,cash,736.0,0.15,
ORD000556,2026-05-02 10:46:11,S05,Usman,T6,dine_in,AMR,Americano,Coffee,1,480,480.0,0.0,0,0,0,closed,wallet,1008.0,0.05,C5d0684f46e
ORD000556,2026-05-02 10:46:11,S05,Usman,T6,dine_in,AMR,Americano,Coffee,1,480,480.0,0.0,0,0,0,closed,wallet,1008.0,0.05,C5d0684f46e
ORD000557,2026-05-02 17:24:24,S01,Ayesha,T1,dine_in,AVT,Avocado Toast,Food,1,1450,1450.0,0.0,0,0,0,closed,wallet,1522.0,0.05,Cb66f1be648
ORD000558,2026-05-02 07:34:47,S06,Zainab,,takeaway,CLB,Cold Brew,Coffee,1,680,680.0,0.0,0,0,0,closed,card,1302.0,0.05,C47c5e28c85
ORD000558,2026-05-02 07:34:47,S06,Zainab,,takeaway,CAP,Cappuccino,Coffee,1,560,560.0,0.0,0,0,0,closed,card,1302.0,0.05,C47c5e28c85
ORD000559,2026-05-02 17:34:18,S02,Hamza,T14,dine_in,MOC,Mocha,Coffee,1,650,650.0,0.0,0,0,0,closed,card,682.0,0.05,C78f51e42af
ORD000560,2026-05-02 17:31:10,S02,Hamza,T10,dine_in,SAL,Garden Salad,Food,2,1250,2500.0,0.0,0,0,0,closed,cash,2875.0,0.15,
ORD000561,2026-05-02 16:11:43,S07,Daniyal,T10,dine_in,LAT,Cafe Latte,Coffee,1,580,580.0,0.0,0,0,0,closed,cash,1403.0,0.15,
ORD000561,2026-05-02 16:11:43,S07,Daniyal,T10,dine_in,ICL,Iced Latte,Coffee,1,640,640.0,0.0,0,0,0,closed,cash,1403.0,0.15,
ORD000562,2026-05-02 21:20:09,S07,Daniyal,T16,dine_in,FLW,Flat White,Coffee,1,600,600.0,0.0,0,0,0,closed,wallet,1376.0,0.05,C25fde7e354
ORD000562,2026-05-02 21:20:09,S07,Daniyal,T16,dine_in,CAP,Cappuccino,Coffee,1,560,560.0,0.0,0,0,0,closed,wallet,1376.0,0.05,C25fde7e354
ORD000562,2026-05-02 21:20:09,S07,Daniyal,T16,dine_in,WTR,Bottled Water,Other,1,150,150.0,0.0,0,0,0,closed,wallet,1376.0,0.05,C25fde7e354
ORD000563,2026-05-02 18:24:26,S08,Mahnoor,T16,dine_in,CRO,Butter Croissant,Bakery,1,520,520.0,0.0,0,0,0,closed,cash,598.0,0.15,
ORD000564,2026-05-02 17:15:23,S01,Ayesha,T1,dine_in,CAP,Cappuccino,Coffee,1,560,560.0,0.0,0,0,0,closed,cash,644.0,0.15,
ORD000565,2026-05-02 18:18:29,S03,Bilal,,takeaway,LAT,Cafe Latte,Coffee,1,580,580.0,0.0,0,0,0,closed,cash,667.0,0.15,
ORD000566,2026-05-02 18:24:46,S01,Ayesha,,takeaway,SAN,Chicken Sandwich,Food,2,1350,2295.0,405.0,0,0,0,closed,cash,2639.0,0.15,C3baae6f192
ORD000567,2026-05-02 10:09:48,S03,Bilal,T5,dine_in,CKE,Slice of Cake,Bakery,1,780,0.0,0.0,1,1,0,partial_void,wallet,0.0,0.05,Ca1e8edbdac
ORD000568,2026-05-02 07:38:48,S03,Bilal,T1,dine_in,CLB,Cold Brew,Coffee,1,680,680.0,0.0,0,0,0,closed,cash,2346.0,0.15,
ORD000568,2026-05-02 07:38:48,S03,Bilal,T1,dine_in,CKE,Slice of Cake,Bakery,1,780,780.0,0.0,0,0,0,closed,cash,2346.0,0.15,
ORD000568,2026-05-02 07:38:48,S03,Bilal,T1,dine_in,LAT,Cafe Latte,Coffee,1,580,580.0,0.0,0,0,0,closed,cash,2346.0,0.15,
ORD000569,2026-05-02 11:14:25,S03,Bilal,,takeaway,ICL,Iced Latte,Coffee,1,640,640.0,0.0,0,0,0,closed,qr,1302.0,0.05,Ce3447f7952
ORD000569,2026-05-02 11:14:25,S03,Bilal,,takeaway,FLW,Flat White,Coffee,1,600,600.0,0.0,0,0,0,closed,qr,1302.0,0.05,Ce3447f7952
ORD000570,2026-05-02 07:23:38,S06,Zainab,T10,dine_in,AVT,Avocado Toast,Food,1,1450,1450.0,0.0,0,0,0,closed,card,2152.0,0.05,C1173024c92
ORD000570,2026-05-02 07:23:38,S06,Zainab,T10,dine_in,FLW,Flat White,Coffee,1,600,600.0,0.0,0,0,0,closed,card,2152.0,0.05,C1173024c92
ORD000571,2026-05-02 17:03:20,S02,Hamza,,takeaway,ICL,Iced Latte,Coffee,1,640,640.0,0.0,0,0,0,closed,card,1984.0,0.05,Cdf99103aeb
ORD000571,2026-05-02 17:03:20,S02,Hamza,,takeaway,FLW,Flat White,Coffee,1,600,600.0,0.0,0,0,0,closed,card,1984.0,0.05,Cdf99103aeb
ORD000571,2026-05-02 17:03:20,S02,Hamza,,takeaway,MOC,Mocha,Coffee,1,650,650.0,0.0,0,0,0,closed,card,1984.0,0.05,Cdf99103aeb
ORD000572,2026-05-02 20:37:55,S01,Ayesha,T5,dine_in,LAT,Cafe Latte,Coffee,1,580,580.0,0.0,0,0,0,closed,cash,667.0,0.15,Cc84a993a25
ORD000573,2026-05-02 22:28:50,S03,Bilal,T12,dine_in,CKE,Slice of Cake,Bakery,1,780,780.0,0.0,0,0,0,closed,cash,897.0,0.15,
ORD000574,2026-05-02 14:36:40,S08,Mahnoor,T1,dine_in,BFP,Big Breakfast,Food,1,1850,1850.0,0.0,0,0,0,closed,card,3675.0,0.05,C5bec6a9b94
ORD000574,2026-05-02 14:36:40,S08,Mahnoor,T1,dine_in,PAS,Pasta,Food,1,1650,1650.0,0.0,0,0,0,closed,card,3675.0,0.05,C5bec6a9b94
ORD000575,2026-05-02 20:16:30,S05,Usman,,takeaway,WTR,Bottled Water,Other,1,150,150.0,0.0,0,0,0,closed,cash,1656.0,0.15,
ORD000575,2026-05-02 20:16:30,S05,Usman,,takeaway,ICL,Iced Latte,Coffee,1,640,640.0,0.0,0,0,0,closed,cash,1656.0,0.15,
ORD000575,2026-05-02 20:16:30,S05,Usman,,takeaway,MOC,Mocha,Coffee,1,650,650.0,0.0,0,0,0,closed,cash,1656.0,0.15,
ORD000576,2026-05-02 12:16:56,S01,Ayesha,,takeaway,BFP,Big Breakfast,Food,1,1850,1850.0,0.0,0,0,0,closed,cash,2128.0,0.15,
ORD000577,2026-05-02 11:14:24,S08,Mahnoor,,takeaway,BFP,Big Breakfast,Food,1,1850,1850.0,0.0,0,0,0,closed,cash,2128.0,0.15,
ORD000578,2026-05-02 12:12:25,S06,Zainab,T11,dine_in,CLB,Cold Brew,Coffee,1,680,680.0,0.0,0,0,0,closed,qr,714.0,0.05,C52886faf9f
ORD000579,2026-05-02 07:38:49,S07,Daniyal,T12,dine_in,SAN,Chicken Sandwich,Food,2,1350,2700.0,0.0,0,0,0,closed,wallet,2835.0,0.05,C29687033d9
ORD000580,2026-05-02 07:17:25,S02,Hamza,T15,dine_in,LAT,Cafe Latte,Coffee,1,580,580.0,0.0,0,0,0,closed,wallet,2846.0,0.05,C0882deb692
ORD000580,2026-05-02 07:17:25,S02,Hamza,T15,dine_in,AMR,Americano,Coffee,1,480,480.0,0.0,0,0,0,closed,wallet,2846.0,0.05,C0882deb692
ORD000580,2026-05-02 07:17:25,S02,Hamza,T15,dine_in,PAS,Pasta,Food,1,1650,1650.0,0.0,0,0,0,closed,wallet,2846.0,0.05,C0882deb692
ORD000581,2026-05-02 22:52:00,S04,Sara,T5,dine_in,CKE2,Cheesecake,Bakery,1,880,880.0,0.0,0,0,0,closed,card,1554.0,0.05,Cd26a61f3d8
ORD000581,2026-05-02 22:52:00,S04,Sara,T5,dine_in,FLW,Flat White,Coffee,1,600,600.0,0.0,0,0,0,closed,card,1554.0,0.05,Cd26a61f3d8
ORD000582,2026-05-02 13:46:00,S08,Mahnoor,,takeaway,CAP,Cappuccino,Coffee,1,560,560.0,0.0,0,0,0,closed,wallet,1354.0,0.05,C58809e5012
ORD000582,2026-05-02 13:46:00,S08,Mahnoor,,takeaway,LAT,Cafe Latte,Coffee,1,580,580.0,0.0,0,0,0,closed,wallet,1354.0,0.05,C58809e5012
ORD000582,2026-05-02 13:46:00,S08,Mahnoor,,takeaway,WTR,Bottled Water,Other,1,150,150.0,0.0,0,0,0,closed,wallet,1354.0,0.05,C58809e5012
ORD000583,2026-05-02 17:19:57,S05,Usman,T4,dine_in,CLB,Cold Brew,Coffee,1,680,680.0,0.0,0,0,0,closed,cash,782.0,0.15,
ORD000584,2026-05-02 17:59:11,S08,Mahnoor,T6,dine_in,CKE,Slice of Cake,Bakery,1,780,780.0,0.0,0,0,0,closed,cash,1679.0,0.15,C12428ddf53
ORD000584,2026-05-02 17:59:11,S08,Mahnoor,T6,dine_in,CLB,Cold Brew,Coffee,1,680,680.0,0.0,0,0,0,closed,cash,1679.0,0.15,C12428ddf53
ORD000585,2026-05-02 07:39:59,S07,Daniyal,T18,dine_in,PNC,Pain au Chocolat,Bakery,1,600,600.0,0.0,0,0,0,closed,card,2048.0,0.05,C561850d859
ORD000585,2026-05-02 07:39:59,S07,Daniyal,T18,dine_in,SAN,Chicken Sandwich,Food,1,1350,1350.0,0.0,0,0,0,closed,card,2048.0,0.05,C561850d859
ORD000586,2026-05-02 20:26:58,S07,Daniyal,T12,dine_in,LAT,Cafe Latte,Coffee,1,580,580.0,0.0,0,0,0,closed,wallet,3444.0,0.05,Ce6722bf747
ORD000586,2026-05-02 20:26:58,S07,Daniyal,T12,dine_in,SAN,Chicken Sandwich,Food,2,1350,2700.0,0.0,0,0,0,closed,wallet,3444.0,0.05,Ce6722bf747
ORD000587,2026-05-02 13:52:47,S06,Zainab,T14,dine_in,MOC,Mocha,Coffee,1,650,650.0,0.0,0,0,0,closed,card,1186.0,0.05,Cf8c57b6882
ORD000587,2026-05-02 13:52:47,S06,Zainab,T14,dine_in,AMR,Americano,Coffee,1,480,480.0,0.0,0,0,0,closed,card,1186.0,0.05,Cf8c57b6882
ORD000588,2026-05-02 11:27:14,S02,Hamza,,takeaway,SAN,Chicken Sandwich,Food,1,1350,1350.0,0.0,0,0,0,closed,card,1964.0,0.05,C6a2e726cff
ORD000588,2026-05-02 11:27:14,S02,Hamza,,takeaway,CRO,Butter Croissant,Bakery,1,520,520.0,0.0,0,0,0,closed,card,1964.0,0.05,C6a2e726cff
ORD000589,2026-05-02 14:39:45,S02,Hamza,T1,dine_in,AVT,Avocado Toast,Food,1,1450,1450.0,0.0,0,0,0,closed,wallet,2132.0,0.05,C998fad6fa0
ORD000589,2026-05-02 14:39:45,S02,Hamza,T1,dine_in,LAT,Cafe Latte,Coffee,1,580,580.0,0.0,0,0,0,closed,wallet,2132.0,0.05,C998fad6fa0
ORD000590,2026-05-02 07:17:05,S03,Bilal,,takeaway,ICL,Iced Latte,Coffee,1,640,640.0,0.0,0,0,0,closed,cash,736.0,0.15,
ORD000591,2026-05-02 17:04:31,S06,Zainab,,takeaway,AMR,Americano,Coffee,1,480,480.0,0.0,0,0,0,closed,card,504.0,0.05,C5d90c0fdc3
ORD000592,2026-05-02 12:40:58,S08,Mahnoor,,takeaway,CRO,Butter Croissant,Bakery,1,520,520.0,0.0,0,0,0,closed,card,546.0,0.05,Cb616ef25f5
ORD000592,2026-05-02 12:40:58,S08,Mahnoor,,takeaway,SAN,Chicken Sandwich,Food,2,1350,0.0,0.0,0,0,1,closed,card,546.0,0.05,Cb616ef25f5
ORD000593,2026-05-02 15:59:07,S04,Sara,T18,dine_in,MOC,Mocha,Coffee,1,650,650.0,0.0,0,0,0,closed,card,682.0,0.05,Ca2da62fdc7
ORD000594,2026-05-02 08:17:17,S08,Mahnoor,T3,dine_in,CKE2,Cheesecake,Bakery,1,880,880.0,0.0,0,0,0,closed,cash,1012.0,0.15,
ORD000595,2026-05-02 08:12:43,S05,Usman,,takeaway,AVT,Avocado Toast,Food,2,1450,2900.0,0.0,0,0,0,closed,card,3045.0,0.05,C8f13fb3cf5
ORD000596,2026-05-02 19:39:06,S07,Daniyal,T12,dine_in,CAP,Cappuccino,Coffee,1,560,448.0,112.0,0,0,0,closed,cash,515.0,0.15,
ORD000597,2026-05-02 16:33:22,S07,Daniyal,T6,dine_in,AMR,Americano,Coffee,1,480,480.0,0.0,0,0,0,closed,wallet,504.0,0.05,C8f113a4739
ORD000598,2026-05-02 09:44:00,S06,Zainab,T11,dine_in,LAT,Cafe Latte,Coffee,1,580,580.0,0.0,0,0,0,closed,wallet,609.0,0.05,Cd32984532a
ORD000599,2026-05-02 21:36:57,S07,Daniyal,,takeaway,AMR,Americano,Coffee,1,480,480.0,0.0,0,0,0,closed,cash,552.0,0.15,
ORD000600,2026-05-02 10:10:38,S06,Zainab,T8,dine_in,SAN,Chicken Sandwich,Food,2,1350,2700.0,0.0,0,0,0,closed,cash,3277.0,0.15,
ORD000600,2026-05-02 10:10:38,S06,Zainab,T8,dine_in,WTR,Bottled Water,Other,1,150,150.0,0.0,0,0,0,closed,cash,3277.0,0.15,
ORD000601,2026-05-02 17:30:06,S07,Daniyal,,takeaway,AVT,Avocado Toast,Food,1,1450,1232.0,218.0,0,0,0,closed,card,1294.0,0.05,Cc7556343c1
ORD000602,2026-05-02 17:53:23,S02,Hamza,T2,dine_in,CKE2,Cheesecake,Bakery,1,880,880.0,0.0,0,0,0,closed,wallet,924.0,0.05,C4d4f7e93b0
ORD000602,2026-05-02 17:53:23,S02,Hamza,T2,dine_in,LAT,Cafe Latte,Coffee,1,580,0.0,0.0,1,0,0,partial_void,wallet,924.0,0.05,C4d4f7e93b0
ORD000603,2026-05-02 07:07:03,S05,Usman,T11,dine_in,CKE,Slice of Cake,Bakery,1,780,780.0,0.0,0,0,0,closed,cash,897.0,0.15,
ORD000604,2026-05-02 11:48:37,S07,Daniyal,,takeaway,ICL,Iced Latte,Coffee,1,640,640.0,0.0,0,0,0,closed,cash,736.0,0.15,
ORD000605,2026-05-02 11:16:49,S05,Usman,,takeaway,PNC,Pain au Chocolat,Bakery,1,600,600.0,0.0,0,0,0,closed,cash,690.0,0.15,
ORD000606,2026-05-02 11:00:42,S04,Sara,T13,dine_in,AVT,Avocado Toast,Food,1,1450,1450.0,0.0,0,0,0,closed,card,2194.0,0.05,C1173024c92
ORD000606,2026-05-02 11:00:42,S04,Sara,T13,dine_in,ICL,Iced Latte,Coffee,1,640,640.0,0.0,0,0,0,closed,card,2194.0,0.05,C1173024c92
ORD000607,2026-05-02 22:28:55,S04,Sara,,takeaway,IMP,Imported Soda,Other,1,480,480.0,0.0,0,0,0,closed,card,1092.0,0.05,Cadc987ad2c
ORD000607,2026-05-02 22:28:55,S04,Sara,,takeaway,HOT,Hot Chocolate,Coffee,1,560,560.0,0.0,0,0,0,closed,card,1092.0,0.05,Cadc987ad2c
ORD000608,2026-05-02 10:42:33,S08,Mahnoor,T4,dine_in,MOC,Mocha,Coffee,1,650,650.0,0.0,0,0,0,closed,qr,682.0,0.05,C25fde7e354
ORD000609,2026-05-02 11:41:24,S07,Daniyal,T7,dine_in,ICL,Iced Latte,Coffee,1,640,640.0,0.0,0,0,0,closed,cash,736.0,0.15,
ORD000610,2026-05-02 21:07:03,S01,Ayesha,T8,dine_in,CKE,Slice of Cake,Bakery,1,780,780.0,0.0,0,0,0,closed,card,2216.0,0.05,C651e9754b8
ORD000610,2026-05-02 21:07:03,S01,Ayesha,T8,dine_in,CLB,Cold Brew,Coffee,1,680,680.0,0.0,0,0,0,closed,card,2216.0,0.05,C651e9754b8
ORD000610,2026-05-02 21:07:03,S01,Ayesha,T8,dine_in,MOC,Mocha,Coffee,1,650,650.0,0.0,0,0,0,closed,card,2216.0,0.05,C651e9754b8
ORD000611,2026-05-02 08:32:58,S08,Mahnoor,,takeaway,AMR,Americano,Coffee,1,480,480.0,0.0,0,0,0,closed,wallet,504.0,0.05,C525f85a518
ORD000612,2026-05-02 10:27:21,S01,Ayesha,T9,dine_in,CRO,Butter Croissant,Bakery,1,520,520.0,0.0,0,0,0,closed,wallet,704.0,0.05,C47c5e28c85
ORD000612,2026-05-02 10:27:21,S01,Ayesha,T9,dine_in,WTR,Bottled Water,Other,1,150,150.0,0.0,0,0,0,closed,wallet,704.0,0.05,C47c5e28c85
ORD000613,2026-05-02 21:33:32,S03,Bilal,,takeaway,CLB,Cold Brew,Coffee,1,680,680.0,0.0,0,0,0,closed,wallet,714.0,0.05,C74caaa80b4
ORD000613,2026-05-02 21:33:32,S03,Bilal,,takeaway,CKE2,Cheesecake,Bakery,1,880,0.0,0.0,0,0,1,closed,wallet,714.0,0.05,C74caaa80b4
ORD000614,2026-05-02 13:21:57,S08,Mahnoor,T17,dine_in,CAP,Cappuccino,Coffee,1,560,560.0,0.0,0,0,0,closed,cash,1380.0,0.15,C3967cf39d1
ORD000614,2026-05-02 13:21:57,S08,Mahnoor,T17,dine_in,ICL,Iced Latte,Coffee,1,640,640.0,0.0,0,0,0,closed,cash,1380.0,0.15,C3967cf39d1
ORD000615,2026-05-02 21:17:56,S08,Mahnoor,,takeaway,FLW,Flat White,Coffee,1,600,600.0,0.0,0,0,0,closed,wallet,630.0,0.05,Ccdae6010f7
ORD000616,2026-05-02 09:53:39,S02,Hamza,T15,dine_in,CAP,Cappuccino,Coffee,1,560,448.0,112.0,0,0,0,closed,cash,515.0,0.15,
ORD000617,2026-05-02 15:39:35,S03,Bilal,T10,dine_in,FLW,Flat White,Coffee,1,600,0.0,0.0,0,0,1,closed,card,0.0,0.05,C998fad6fa0
ORD000618,2026-05-02 12:22:42,S01,Ayesha,T5,dine_in,PNC,Pain au Chocolat,Bakery,1,600,600.0,0.0,0,0,0,closed,cash,4025.0,0.15,
ORD000618,2026-05-02 12:22:42,S01,Ayesha,T5,dine_in,AVT,Avocado Toast,Food,2,1450,2900.0,0.0,0,0,0,closed,cash,4025.0,0.15,
ORD000619,2026-05-02 10:59:22,S04,Sara,,takeaway,CAP,Cappuccino,Coffee,1,560,560.0,0.0,0,0,0,closed,cash,2001.0,0.15,
ORD000619,2026-05-02 10:59:22,S04,Sara,,takeaway,LAT,Cafe Latte,Coffee,1,580,580.0,0.0,0,0,0,closed,cash,2001.0,0.15,
ORD000619,2026-05-02 10:59:22,S04,Sara,,takeaway,FLW,Flat White,Coffee,1,600,600.0,0.0,0,0,0,closed,cash,2001.0,0.15,
ORD000620,2026-05-02 11:19:36,S08,Mahnoor,T13,dine_in,CLB,Cold Brew,Coffee,1,680,680.0,0.0,0,0,0,closed,wallet,714.0,0.05,Cea11b8bad5
ORD000621,2026-05-02 12:29:26,S07,Daniyal,T18,dine_in,CRO,Butter Croissant,Bakery,1,520,520.0,0.0,0,0,0,closed,card,1176.0,0.05,Cd0bca36078
ORD000621,2026-05-02 12:29:26,S07,Daniyal,T18,dine_in,FLW,Flat White,Coffee,1,600,600.0,0.0,0,0,0,closed,card,1176.0,0.05,Cd0bca36078
ORD000622,2026-05-03 11:29:51,S08,Mahnoor,,takeaway,CRO,Butter Croissant,Bakery,1,520,520.0,0.0,0,0,0,closed,card,546.0,0.05,C23c60fd394
ORD000623,2026-05-03 17:47:37,S01,Ayesha,,takeaway,CAP,Cappuccino,Coffee,1,560,560.0,0.0,0,0,0,closed,cash,5037.0,0.15,
ORD000623,2026-05-03 17:47:37,S01,Ayesha,,takeaway,PAS,Pasta,Food,2,1650,3300.0,0.0,0,0,0,closed,cash,5037.0,0.15,
ORD000623,2026-05-03 17:47:37,S01,Ayesha,,takeaway,CRO,Butter Croissant,Bakery,1,520,520.0,0.0,0,0,0,closed,cash,5037.0,0.15,
ORD000624,2026-05-03 14:13:06,S08,Mahnoor,T17,dine_in,LAT,Cafe Latte,Coffee,1,580,580.0,0.0,0,0,0,closed,cash,667.0,0.15,Cbf1fa8f7c6
ORD000625,2026-05-03 15:54:42,S02,Hamza,T1,dine_in,ICL,Iced Latte,Coffee,1,640,640.0,0.0,0,0,0,closed,card,672.0,0.05,C0039121431
ORD000626,2026-05-03 07:37:31,S06,Zainab,,takeaway,CLB,Cold Brew,Coffee,1,680,680.0,0.0,0,0,0,closed,cash,782.0,0.15,
ORD000627,2026-05-03 14:37:19,S01,Ayesha,,takeaway,FLW,Flat White,Coffee,1,600,0.0,0.0,0,0,1,closed,wallet,2320.0,0.05,C8720ab27ad
ORD000627,2026-05-03 14:37:19,S01,Ayesha,,takeaway,CAP,Cappuccino,Coffee,1,560,560.0,0.0,0,0,0,closed,wallet,2320.0,0.05,C8720ab27ad
ORD000627,2026-05-03 14:37:19,S01,Ayesha,,takeaway,PAS,Pasta,Food,1,1650,1650.0,0.0,0,0,0,closed,wallet,2320.0,0.05,C8720ab27ad
ORD000628,2026-05-03 08:22:41,S06,Zainab,T5,dine_in,AMR,Americano,Coffee,1,480,480.0,0.0,0,0,0,closed,card,2594.0,0.05,Ce48bdeaed6
ORD000628,2026-05-03 08:22:41,S06,Zainab,T5,dine_in,SAN,Chicken Sandwich,Food,1,1350,1350.0,0.0,0,0,0,closed,card,2594.0,0.05,Ce48bdeaed6
ORD000628,2026-05-03 08:22:41,S06,Zainab,T5,dine_in,ICL,Iced Latte,Coffee,1,640,640.0,0.0,0,0,0,closed,card,2594.0,0.05,Ce48bdeaed6
ORD000629,2026-05-03 15:04:02,S01,Ayesha,,takeaway,CKE,Slice of Cake,Bakery,1,780,780.0,0.0,0,0,0,closed,card,819.0,0.05,Ca4c85907e3
ORD000630,2026-05-03 21:06:57,S03,Bilal,,takeaway,AMR,Americano,Coffee,1,480,480.0,0.0,0,0,0,closed,cash,1104.0,0.15,
ORD000630,2026-05-03 21:06:57,S03,Bilal,,takeaway,LAT,Cafe Latte,Coffee,1,580,0.0,0.0,0,0,1,closed,cash,1104.0,0.15,
ORD000630,2026-05-03 21:06:57,S03,Bilal,,takeaway,AMR,Americano,Coffee,1,480,480.0,0.0,0,0,0,closed,cash,1104.0,0.15,
ORD000631,2026-05-03 08:12:16,S08,Mahnoor,T10,dine_in,BFP,Big Breakfast,Food,1,1850,1850.0,0.0,0,0,0,closed,card,2552.0,0.05,Cbadc3c1862
ORD000631,2026-05-03 08:12:16,S08,Mahnoor,T10,dine_in,LAT,Cafe Latte,Coffee,1,580,580.0,0.0,0,0,0,closed,card,2552.0,0.05,Cbadc3c1862
ORD000632,2026-05-03 13:55:04,S06,Zainab,T17,dine_in,ICL,Iced Latte,Coffee,1,640,640.0,0.0,0,0,0,closed,cash,1426.0,0.15,
ORD000632,2026-05-03 13:55:04,S06,Zainab,T17,dine_in,FLW,Flat White,Coffee,1,600,600.0,0.0,0,0,0,closed,cash,1426.0,0.15,
ORD000633,2026-05-03 07:08:50,S05,Usman,T16,dine_in,BFP,Big Breakfast,Food,1,1850,1850.0,0.0,0,0,0,closed,card,1942.0,0.05,Cd037f6c52c
ORD000634,2026-05-03 18:18:04,S04,Sara,,takeaway,MAT,Matcha Latte,Coffee,1,720,720.0,0.0,0,0,0,closed,qr,2228.0,0.05,Cf1debaccc2
ORD000634,2026-05-03 18:18:04,S04,Sara,,takeaway,PAS,Pasta,Food,1,1650,1402.0,248.0,0,0,0,closed,qr,2228.0,0.05,Cf1debaccc2
ORD000635,2026-05-03 18:13:35,S06,Zainab,,takeaway,AMR,Americano,Coffee,1,480,480.0,0.0,0,0,0,closed,cash,552.0,0.15,
ORD000636,2026-05-03 17:22:04,S07,Daniyal,T3,dine_in,AMR,Americano,Coffee,1,480,384.0,96.0,0,0,0,closed,wallet,403.0,0.05,Ca2da62fdc7
ORD000637,2026-05-03 11:01:59,S01,Ayesha,T7,dine_in,CKE2,Cheesecake,Bakery,1,880,748.0,132.0,0,0,0,closed,cash,1688.0,0.15,
ORD000637,2026-05-03 11:01:59,S01,Ayesha,T7,dine_in,MAT,Matcha Latte,Coffee,1,720,720.0,0.0,0,0,0,closed,cash,1688.0,0.15,
ORD000638,2026-05-03 19:22:12,S06,Zainab,T2,dine_in,CKE2,Cheesecake,Bakery,1,880,880.0,0.0,0,0,0,closed,card,924.0,0.05,Ca376152b0e
ORD000639,2026-05-03 21:55:46,S04,Sara,,takeaway,FLW,Flat White,Coffee,1,600,600.0,0.0,0,0,0,closed,card,630.0,0.05,Cb616ef25f5
ORD000640,2026-05-03 10:30:42,S02,Hamza,,takeaway,CKE2,Cheesecake,Bakery,1,880,880.0,0.0,0,0,0,closed,card,924.0,0.05,C4266c9e661
ORD000641,2026-05-03 19:49:35,S05,Usman,,takeaway,ICL,Iced Latte,Coffee,1,640,640.0,0.0,0,0,0,closed,card,1176.0,0.05,Cf6d9d2af48
ORD000641,2026-05-03 19:49:35,S05,Usman,,takeaway,AMR,Americano,Coffee,1,480,480.0,0.0,0,0,0,closed,card,1176.0,0.05,Cf6d9d2af48
ORD000642,2026-05-03 21:19:47,S04,Sara,T5,dine_in,CLB,Cold Brew,Coffee,1,680,680.0,0.0,0,0,0,closed,card,1302.0,0.05,C58cf770e72
ORD000642,2026-05-03 21:19:47,S04,Sara,T5,dine_in,CAP,Cappuccino,Coffee,1,560,560.0,0.0,0,0,0,closed,card,1302.0,0.05,C58cf770e72
ORD000643,2026-05-03 10:31:01,S07,Daniyal,T2,dine_in,AMR,Americano,Coffee,1,480,480.0,0.0,0,0,0,closed,card,504.0,0.05,Cbac72cb73a
ORD000644,2026-05-03 09:59:53,S05,Usman,,takeaway,BFP,Big Breakfast,Food,1,1850,1850.0,0.0,0,0,0,closed,cash,2128.0,0.15,
ORD000645,2026-05-03 07:35:24,S05,Usman,,takeaway,AVT,Avocado Toast,Food,2,1450,2900.0,0.0,0,0,0,closed,qr,3654.0,0.05,C561850d859
ORD000645,2026-05-03 07:35:24,S05,Usman,,takeaway,LAT,Cafe Latte,Coffee,1,580,580.0,0.0,0,0,0,closed,qr,3654.0,0.05,C561850d859
ORD000646,2026-05-03 08:49:34,S05,Usman,T13,dine_in,AVT,Avocado Toast,Food,1,1450,1450.0,0.0,0,0,0,closed,card,3465.0,0.05,C49e1d6c4d1
ORD000646,2026-05-03 08:49:34,S05,Usman,T13,dine_in,BFP,Big Breakfast,Food,1,1850,1850.0,0.0,0,0,0,closed,card,3465.0,0.05,C49e1d6c4d1
ORD000647,2026-05-03 12:30:40,S04,Sara,T3,dine_in,CLB,Cold Brew,Coffee,1,680,680.0,0.0,0,0,0,closed,card,2846.0,0.05,Ca6f854a3f2
ORD000647,2026-05-03 12:30:40,S04,Sara,T3,dine_in,LAT,Cafe Latte,Coffee,1,580,580.0,0.0,0,0,0,closed,card,2846.0,0.05,Ca6f854a3f2
ORD000647,2026-05-03 12:30:40,S04,Sara,T3,dine_in,AVT,Avocado Toast,Food,1,1450,1450.0,0.0,0,0,0,closed,card,2846.0,0.05,Ca6f854a3f2
ORD000648,2026-05-03 12:02:35,S04,Sara,T9,dine_in,FLW,Flat White,Coffee,1,600,600.0,0.0,0,0,0,closed,qr,1449.0,0.05,C6b051e9554
ORD000648,2026-05-03 12:02:35,S04,Sara,T9,dine_in,CKE,Slice of Cake,Bakery,1,780,780.0,0.0,0,0,0,closed,qr,1449.0,0.05,C6b051e9554
ORD000649,2026-05-03 12:53:52,S07,Daniyal,T14,dine_in,MOC,Mocha,Coffee,1,650,650.0,0.0,0,0,0,closed,wallet,840.0,0.05,C4d4f7e93b0
ORD000649,2026-05-03 12:53:52,S07,Daniyal,T14,dine_in,WTR,Bottled Water,Other,1,150,150.0,0.0,0,0,0,closed,wallet,840.0,0.05,C4d4f7e93b0
ORD000650,2026-05-03 08:58:37,S01,Ayesha,T7,dine_in,CKE,Slice of Cake,Bakery,1,780,780.0,0.0,0,0,0,closed,wallet,1323.0,0.05,C13ed41d309
ORD000650,2026-05-03 08:58:37,S01,Ayesha,T7,dine_in,IMP,Imported Soda,Other,1,480,480.0,0.0,0,0,0,closed,wallet,1323.0,0.05,C13ed41d309
ORD000651,2026-05-03 21:36:32,S07,Daniyal,T4,dine_in,PNC,Pain au Chocolat,Bakery,1,600,600.0,0.0,0,0,0,closed,wallet,1386.0,0.05,C44fdf11b8b
ORD000651,2026-05-03 21:36:32,S07,Daniyal,T4,dine_in,MAT,Matcha Latte,Coffee,1,720,720.0,0.0,0,0,0,closed,wallet,1386.0,0.05,C44fdf11b8b
ORD000652,2026-05-03 21:29:20,S02,Hamza,,takeaway,AMR,Americano,Coffee,1,480,480.0,0.0,0,0,0,closed,cash,552.0,0.15,
ORD000653,2026-05-03 11:28:50,S07,Daniyal,T5,dine_in,PNC,Pain au Chocolat,Bakery,1,600,600.0,0.0,0,0,0,closed,qr,1176.0,0.05,Cfc5da82ed6
ORD000653,2026-05-03 11:28:50,S07,Daniyal,T5,dine_in,CRO,Butter Croissant,Bakery,1,520,520.0,0.0,0,0,0,closed,qr,1176.0,0.05,Cfc5da82ed6
ORD000654,2026-05-03 11:57:11,S08,Mahnoor,T4,dine_in,ICL,Iced Latte,Coffee,1,640,640.0,0.0,0,0,0,closed,cash,1380.0,0.15,
ORD000654,2026-05-03 11:57:11,S08,Mahnoor,T4,dine_in,CAP,Cappuccino,Coffee,1,560,560.0,0.0,0,0,0,closed,cash,1380.0,0.15,
ORD000655,2026-05-03 15:57:27,S06,Zainab,T18,dine_in,PAS,Pasta,Food,2,1650,2640.0,660.0,0,0,0,closed,card,3864.0,0.05,Cf7a6863213
ORD000655,2026-05-03 15:57:27,S06,Zainab,T18,dine_in,CRO,Butter Croissant,Bakery,1,520,520.0,0.0,0,0,0,closed,card,3864.0,0.05,Cf7a6863213
ORD000655,2026-05-03 15:57:27,S06,Zainab,T18,dine_in,CRO,Butter Croissant,Bakery,1,520,520.0,0.0,0,0,0,closed,card,3864.0,0.05,Cf7a6863213
ORD000656,2026-05-03 17:09:57,S01,Ayesha,T12,dine_in,CAP,Cappuccino,Coffee,1,560,560.0,0.0,0,0,0,closed,cash,644.0,0.15,
ORD000657,2026-05-03 10:21:03,S07,Daniyal,T13,dine_in,IMP,Imported Soda,Other,1,480,480.0,0.0,0,0,0,closed,card,504.0,0.05,Cadc75d3967
ORD000658,2026-05-03 09:06:22,S05,Usman,T10,dine_in,SAL,Garden Salad,Food,2,1250,2500.0,0.0,0,0,0,closed,card,2625.0,0.05,C8f113a4739
ORD000659,2026-05-03 08:35:53,S03,Bilal,T2,dine_in,SAN,Chicken Sandwich,Food,1,1350,1350.0,0.0,0,0,0,closed,qr,1418.0,0.05,C5135e572df
ORD000660,2026-05-03 18:53:29,S05,Usman,,takeaway,PAS,Pasta,Food,1,1650,1650.0,0.0,0,0,0,closed,cash,1897.0,0.15,
ORD000661,2026-05-03 19:51:05,S04,Sara,,takeaway,CKE2,Cheesecake,Bakery,1,880,880.0,0.0,0,0,0,closed,card,924.0,0.05,Ce6722bf747
ORD000662,2026-05-03 17:27:06,S06,Zainab,T18,dine_in,CRO,Butter Croissant,Bakery,1,520,468.0,52.0,0,0,0,closed,cash,538.0,0.15,
ORD000663,2026-05-03 08:16:30,S03,Bilal,T6,dine_in,PAS,Pasta,Food,2,1650,0.0,0.0,1,1,0,partial_void,cash,0.0,0.15,
ORD000664,2026-05-03 08:45:11,S01,Ayesha,T9,dine_in,FLW,Flat White,Coffee,1,600,600.0,0.0,0,0,0,closed,cash,690.0,0.15,
ORD000665,2026-05-03 19:42:31,S08,Mahnoor,,takeaway,CAP,Cappuccino,Coffee,1,560,560.0,0.0,0,0,0,closed,cash,644.0,0.15,
ORD000666,2026-05-03 10:20:15,S07,Daniyal,T15,dine_in,CKE,Slice of Cake,Bakery,1,780,780.0,0.0,0,0,0,closed,qr,2342.0,0.05,Cb53245bd93
ORD000666,2026-05-03 10:20:15,S07,Daniyal,T15,dine_in,AVT,Avocado Toast,Food,1,1450,1450.0,0.0,0,0,0,closed,qr,2342.0,0.05,Cb53245bd93
ORD000667,2026-05-03 20:03:35,S06,Zainab,T11,dine_in,LAT,Cafe Latte,Coffee,1,580,493.0,87.0,0,0,0,closed,cash,567.0,0.15,
ORD000668,2026-05-03 19:28:26,S04,Sara,T6,dine_in,WTR,Bottled Water,Other,1,150,150.0,0.0,0,0,0,closed,cash,172.0,0.15,
ORD000669,2026-05-03 21:51:24,S02,Hamza,,takeaway,PNC,Pain au Chocolat,Bakery,1,600,600.0,0.0,0,0,0,closed,card,1386.0,0.05,Cdf0bd6d485
ORD000669,2026-05-03 21:51:24,S02,Hamza,,takeaway,MAT,Matcha Latte,Coffee,1,720,720.0,0.0,0,0,0,closed,card,1386.0,0.05,Cdf0bd6d485
ORD000670,2026-05-03 19:21:26,S04,Sara,T8,dine_in,MAT,Matcha Latte,Coffee,1,720,720.0,0.0,0,0,0,closed,qr,1294.0,0.05,Cf4895fd9dd
ORD000670,2026-05-03 19:21:26,S04,Sara,T8,dine_in,ICL,Iced Latte,Coffee,1,640,512.0,128.0,0,0,0,closed,qr,1294.0,0.05,Cf4895fd9dd
ORD000671,2026-05-03 07:52:50,S07,Daniyal,,takeaway,AMR,Americano,Coffee,1,480,480.0,0.0,0,0,0,closed,card,1176.0,0.05,Cb6ebf42a25
ORD000671,2026-05-03 07:52:50,S07,Daniyal,,takeaway,ICL,Iced Latte,Coffee,1,640,640.0,0.0,0,0,0,closed,card,1176.0,0.05,Cb6ebf42a25
ORD000672,2026-05-03 10:12:53,S05,Usman,,takeaway,ICL,Iced Latte,Coffee,1,640,640.0,0.0,0,0,0,closed,cash,736.0,0.15,
ORD000673,2026-05-03 12:05:14,S07,Daniyal,T16,dine_in,ESP,Espresso,Coffee,1,420,420.0,0.0,0,0,0,closed,card,441.0,0.05,C0f8251e144
ORD000674,2026-05-03 14:28:14,S01,Ayesha,T8,dine_in,FLW,Flat White,Coffee,1,600,600.0,0.0,0,0,0,closed,cash,690.0,0.15,
ORD000675,2026-05-03 14:55:31,S04,Sara,T13,dine_in,HOT,Hot Chocolate,Coffee,1,560,560.0,0.0,0,0,0,closed,cash,1311.0,0.15,
ORD000675,2026-05-03 14:55:31,S04,Sara,T13,dine_in,LAT,Cafe Latte,Coffee,1,580,580.0,0.0,0,0,0,closed,cash,1311.0,0.15,
ORD000676,2026-05-03 15:55:00,S05,Usman,,takeaway,IMP,Imported Soda,Other,1,480,480.0,0.0,0,0,0,closed,wallet,504.0,0.05,Ce8775f7546
ORD000677,2026-05-03 16:46:05,S02,Hamza,T3,dine_in,CKE2,Cheesecake,Bakery,1,880,880.0,0.0,0,0,0,closed,cash,1012.0,0.15,
ORD000678,2026-05-03 10:31:10,S08,Mahnoor,T18,dine_in,PAS,Pasta,Food,1,1650,1650.0,0.0,0,0,0,closed,cash,2564.0,0.15,Cdf99103aeb
ORD000678,2026-05-03 10:31:10,S08,Mahnoor,T18,dine_in,LAT,Cafe Latte,Coffee,1,580,580.0,0.0,0,0,0,closed,cash,2564.0,0.15,Cdf99103aeb
ORD000679,2026-05-03 22:33:38,S05,Usman,T7,dine_in,SAL,Garden Salad,Food,1,1250,1250.0,0.0,0,0,0,closed,qr,2132.0,0.05,C99f4d44a58
ORD000679,2026-05-03 22:33:38,S05,Usman,T7,dine_in,CAP,Cappuccino,Coffee,1,560,0.0,0.0,0,0,1,closed,qr,2132.0,0.05,C99f4d44a58
ORD000679,2026-05-03 22:33:38,S05,Usman,T7,dine_in,CKE,Slice of Cake,Bakery,1,780,780.0,0.0,0,0,0,closed,qr,2132.0,0.05,C99f4d44a58
ORD000680,2026-05-03 11:03:39,S08,Mahnoor,T3,dine_in,CRO,Butter Croissant,Bakery,1,520,520.0,0.0,0,0,0,closed,cash,598.0,0.15,
ORD000681,2026-05-03 19:23:39,S07,Daniyal,,takeaway,CRO,Butter Croissant,Bakery,1,520,520.0,0.0,0,0,0,closed,cash,598.0,0.15,
ORD000682,2026-05-03 14:51:33,S07,Daniyal,T9,dine_in,ICL,Iced Latte,Coffee,1,640,640.0,0.0,0,0,0,closed,qr,1260.0,0.05,C63037e2fcf
ORD000682,2026-05-03 14:51:33,S07,Daniyal,T9,dine_in,CAP,Cappuccino,Coffee,1,560,560.0,0.0,0,0,0,closed,qr,1260.0,0.05,C63037e2fcf
ORD000683,2026-05-03 19:04:57,S01,Ayesha,T15,dine_in,AVT,Avocado Toast,Food,1,1450,1450.0,0.0,0,0,0,closed,cash,1667.0,0.15,
ORD000684,2026-05-03 13:20:33,S02,Hamza,,takeaway,CKE,Slice of Cake,Bakery,1,780,780.0,0.0,0,0,0,closed,wallet,2236.0,0.05,Ce794fc7460
ORD000684,2026-05-03 13:20:33,S02,Hamza,,takeaway,SAN,Chicken Sandwich,Food,1,1350,1350.0,0.0,0,0,0,closed,wallet,2236.0,0.05,Ce794fc7460
ORD000685,2026-05-03 09:54:29,S06,Zainab,,takeaway,LAT,Cafe Latte,Coffee,1,580,580.0,0.0,0,0,0,closed,card,609.0,0.05,C738668a590
ORD000686,2026-05-03 14:37:19,S06,Zainab,T12,dine_in,ESP,Espresso,Coffee,1,420,420.0,0.0,0,0,0,closed,qr,1050.0,0.05,Cd6d385c74a
ORD000686,2026-05-03 14:37:19,S06,Zainab,T12,dine_in,LAT,Cafe Latte,Coffee,1,580,580.0,0.0,0,0,0,closed,qr,1050.0,0.05,Cd6d385c74a
ORD000687,2026-05-03 20:38:40,S08,Mahnoor,T16,dine_in,AMR,Americano,Coffee,1,480,480.0,0.0,0,0,0,closed,wallet,945.0,0.05,C3192fbe6cf
ORD000687,2026-05-03 20:38:40,S08,Mahnoor,T16,dine_in,ESP,Espresso,Coffee,1,420,420.0,0.0,0,0,0,closed,wallet,945.0,0.05,C3192fbe6cf
ORD000688,2026-05-03 17:28:40,S01,Ayesha,T18,dine_in,ESP,Espresso,Coffee,1,420,420.0,0.0,0,0,0,closed,card,3276.0,0.05,C9bbec76fd3
ORD000688,2026-05-03 17:28:40,S01,Ayesha,T18,dine_in,SAN,Chicken Sandwich,Food,2,1350,2700.0,0.0,0,0,0,closed,card,3276.0,0.05,C9bbec76fd3
ORD000689,2026-05-03 22:26:53,S01,Ayesha,T17,dine_in,LAT,Cafe Latte,Coffee,1,580,580.0,0.0,0,0,0,closed,card,609.0,0.05,Cb616ef25f5
ORD000690,2026-05-03 17:19:17,S06,Zainab,T15,dine_in,ICL,Iced Latte,Coffee,1,640,640.0,0.0,0,0,0,closed,cash,1380.0,0.15,
ORD000690,2026-05-03 17:19:17,S06,Zainab,T15,dine_in,CAP,Cappuccino,Coffee,1,560,560.0,0.0,0,0,0,closed,cash,1380.0,0.15,
ORD000691,2026-05-03 18:40:23,S08,Mahnoor,T8,dine_in,CKE2,Cheesecake,Bakery,1,880,880.0,0.0,0,0,0,closed,card,1554.0,0.05,C738668a590
ORD000691,2026-05-03 18:40:23,S08,Mahnoor,T8,dine_in,FLW,Flat White,Coffee,1,600,600.0,0.0,0,0,0,closed,card,1554.0,0.05,C738668a590
ORD000692,2026-05-03 08:11:18,S05,Usman,,takeaway,AVT,Avocado Toast,Food,1,1450,1450.0,0.0,0,0,0,closed,card,1522.0,0.05,C561850d859
ORD000693,2026-05-03 22:09:34,S04,Sara,,takeaway,FLW,Flat White,Coffee,1,600,600.0,0.0,0,0,0,closed,cash,1380.0,0.15,
ORD000693,2026-05-03 22:09:34,S04,Sara,,takeaway,FLW,Flat White,Coffee,1,600,600.0,0.0,0,0,0,closed,cash,1380.0,0.15,
ORD000694,2026-05-03 09:02:59,S02,Hamza,T6,dine_in,HOT,Hot Chocolate,Coffee,1,560,560.0,0.0,0,0,0,closed,cash,644.0,0.15,
ORD000695,2026-05-03 09:55:57,S01,Ayesha,T16,dine_in,MOC,Mocha,Coffee,1,650,650.0,0.0,0,0,0,closed,card,682.0,0.05,Ca204788647
ORD000696,2026-05-03 13:29:37,S07,Daniyal,,takeaway,PNC,Pain au Chocolat,Bakery,1,600,600.0,0.0,0,0,0,closed,cash,690.0,0.15,C96678b6c81
ORD000697,2026-05-03 17:26:27,S05,Usman,,takeaway,WTR,Bottled Water,Other,1,150,150.0,0.0,0,0,0,closed,cash,1392.0,0.15,C12428ddf53
ORD000697,2026-05-03 17:26:27,S05,Usman,,takeaway,IMP,Imported Soda,Other,1,480,480.0,0.0,0,0,0,closed,cash,1392.0,0.15,C12428ddf53
ORD000697,2026-05-03 17:26:27,S05,Usman,,takeaway,LAT,Cafe Latte,Coffee,1,580,580.0,0.0,0,0,0,closed,cash,1392.0,0.15,C12428ddf53
ORD000698,2026-05-03 11:29:00,S03,Bilal,T6,dine_in,CLB,Cold Brew,Coffee,1,680,680.0,0.0,0,0,0,closed,card,1546.0,0.05,C84719e966a
ORD000698,2026-05-03 11:29:00,S03,Bilal,T6,dine_in,CKE2,Cheesecake,Bakery,1,880,792.0,88.0,0,0,0,closed,card,1546.0,0.05,C84719e966a
ORD000699,2026-05-03 18:58:30,S07,Daniyal,,takeaway,CAP,Cappuccino,Coffee,1,560,560.0,0.0,0,0,0,closed,cash,644.0,0.15,
ORD000700,2026-05-03 20:38:25,S02,Hamza,T1,dine_in,MOC,Mocha,Coffee,1,650,0.0,0.0,0,0,1,closed,card,0.0,0.05,C8e93896e16
ORD000701,2026-05-03 15:58:04,S04,Sara,T7,dine_in,PNC,Pain au Chocolat,Bakery,1,600,600.0,0.0,0,0,0,closed,card,630.0,0.05,C1771e35d2c
ORD000702,2026-05-03 17:16:26,S03,Bilal,T17,dine_in,CKE2,Cheesecake,Bakery,1,880,880.0,0.0,0,0,0,closed,wallet,924.0,0.05,C572f9a346e
ORD000703,2026-05-03 08:36:32,S07,Daniyal,,takeaway,AVT,Avocado Toast,Food,1,1450,1450.0,0.0,0,0,0,closed,card,1522.0,0.05,C3e12d817f0
ORD000704,2026-05-03 20:32:23,S08,Mahnoor,,takeaway,WTR,Bottled Water,Other,1,150,150.0,0.0,0,0,0,closed,wallet,914.0,0.05,C265b1b1461
ORD000704,2026-05-03 20:32:23,S08,Mahnoor,,takeaway,MAT,Matcha Latte,Coffee,1,720,720.0,0.0,0,0,0,closed,wallet,914.0,0.05,C265b1b1461
ORD000705,2026-05-03 10:27:03,S08,Mahnoor,T4,dine_in,CKE,Slice of Cake,Bakery,1,780,780.0,0.0,0,0,0,closed,wallet,2058.0,0.05,C44fdf11b8b
ORD000705,2026-05-03 10:27:03,S08,Mahnoor,T4,dine_in,LAT,Cafe Latte,Coffee,1,580,580.0,0.0,0,0,0,closed,wallet,2058.0,0.05,C44fdf11b8b
ORD000705,2026-05-03 10:27:03,S08,Mahnoor,T4,dine_in,FLW,Flat White,Coffee,1,600,600.0,0.0,0,0,0,closed,wallet,2058.0,0.05,C44fdf11b8b
ORD000706,2026-05-03 11:34:47,S07,Daniyal,T3,dine_in,LAT,Cafe Latte,Coffee,1,580,580.0,0.0,0,0,0,closed,cash,667.0,0.15,C96285ec529
ORD000707,2026-05-03 20:02:04,S06,Zainab,T5,dine_in,CAP,Cappuccino,Coffee,1,560,560.0,0.0,0,0,0,closed,cash,1380.0,0.15,
ORD000707,2026-05-03 20:02:04,S06,Zainab,T5,dine_in,ICL,Iced Latte,Coffee,1,640,640.0,0.0,0,0,0,closed,cash,1380.0,0.15,
ORD000708,2026-05-03 17:53:58,S07,Daniyal,,takeaway,MAT,Matcha Latte,Coffee,1,720,720.0,0.0,0,0,0,closed,wallet,2278.0,0.05,Ce48bdeaed6
ORD000708,2026-05-03 17:53:58,S07,Daniyal,,takeaway,AVT,Avocado Toast,Food,1,1450,1450.0,0.0,0,0,0,closed,wallet,2278.0,0.05,Ce48bdeaed6
ORD000709,2026-05-03 07:38:25,S03,Bilal,,takeaway,PNC,Pain au Chocolat,Bakery,1,600,600.0,0.0,0,0,0,closed,card,630.0,0.05,Cf4895fd9dd
ORD000709,2026-05-03 07:38:25,S03,Bilal,,takeaway,LAT,Cafe Latte,Coffee,1,580,0.0,58.0,0,0,1,closed,card,630.0,0.05,Cf4895fd9dd
ORD000710,2026-05-03 11:39:18,S08,Mahnoor,T11,dine_in,FLW,Flat White,Coffee,1,600,600.0,0.0,0,0,0,closed,cash,1380.0,0.15,
ORD000710,2026-05-03 11:39:18,S08,Mahnoor,T11,dine_in,FLW,Flat White,Coffee,1,600,600.0,0.0,0,0,0,closed,cash,1380.0,0.15,
ORD000711,2026-05-03 12:02:42,S02,Hamza,,takeaway,WTR,Bottled Water,Other,1,150,150.0,0.0,0,0,0,closed,cash,172.0,0.15,
ORD000712,2026-05-03 17:09:39,S03,Bilal,,takeaway,AVT,Avocado Toast,Food,1,1450,1450.0,0.0,0,0,0,closed,cash,2358.0,0.15,
ORD000712,2026-05-03 17:09:39,S03,Bilal,,takeaway,FLW,Flat White,Coffee,1,600,600.0,0.0,0,0,0,closed,cash,2358.0,0.15,
ORD000713,2026-05-03 11:07:36,S05,Usman,T6,dine_in,FLW,Flat White,Coffee,1,600,600.0,0.0,0,0,0,closed,wallet,1239.0,0.05,Cd3eeaad438
ORD000713,2026-05-03 11:07:36,S05,Usman,T6,dine_in,LAT,Cafe Latte,Coffee,1,580,580.0,0.0,0,0,0,closed,wallet,1239.0,0.05,Cd3eeaad438
ORD000714,2026-05-03 19:32:34,S07,Daniyal,T13,dine_in,CLB,Cold Brew,Coffee,1,680,680.0,0.0,0,0,0,closed,cash,2220.0,0.15,
ORD000714,2026-05-03 19:32:34,S07,Daniyal,T13,dine_in,SAL,Garden Salad,Food,1,1250,1250.0,0.0,0,0,0,closed,cash,2220.0,0.15,
ORD000715,2026-05-03 13:26:26,S07,Daniyal,T1,dine_in,CKE2,Cheesecake,Bakery,1,880,880.0,0.0,0,0,0,closed,cash,1564.0,0.15,C43a45a2e1f
ORD000715,2026-05-03 13:26:26,S07,Daniyal,T1,dine_in,IMP,Imported Soda,Other,1,480,480.0,0.0,0,0,0,closed,cash,1564.0,0.15,C43a45a2e1f
ORD000716,2026-05-03 20:35:32,S04,Sara,,takeaway,SAL,Garden Salad,Food,2,1250,2500.0,0.0,0,0,0,closed,card,2625.0,0.05,C84719e966a
ORD000717,2026-05-03 10:29:15,S08,Mahnoor,,takeaway,BFP,Big Breakfast,Food,2,1850,3700.0,0.0,0,0,0,closed,wallet,5302.0,0.05,C2088835171
ORD000717,2026-05-03 10:29:15,S08,Mahnoor,,takeaway,SAN,Chicken Sandwich,Food,1,1350,1350.0,0.0,0,0,0,closed,wallet,5302.0,0.05,C2088835171
ORD000718,2026-05-03 15:55:24,S02,Hamza,,takeaway,AVT,Avocado Toast,Food,1,1450,1450.0,0.0,0,0,0,closed,qr,1522.0,0.05,C4e0f252c68
ORD000719,2026-05-03 19:51:25,S01,Ayesha,T17,dine_in,CAP,Cappuccino,Coffee,1,560,560.0,0.0,0,0,0,closed,cash,2196.0,0.15,
ORD000719,2026-05-03 19:51:25,S01,Ayesha,T17,dine_in,SAN,Chicken Sandwich,Food,1,1350,1350.0,0.0,0,0,0,closed,cash,2196.0,0.15,
ORD000720,2026-05-03 10:13:16,S02,Hamza,T3,dine_in,AVT,Avocado Toast,Food,1,1450,1450.0,0.0,0,0,0,closed,cash,2358.0,0.15,
ORD000720,2026-05-03 10:13:16,S02,Hamza,T3,dine_in,FLW,Flat White,Coffee,1,600,600.0,0.0,0,0,0,closed,cash,2358.0,0.15,
ORD000721,2026-05-03 14:14:56,S06,Zainab,T10,dine_in,ICL,Iced Latte,Coffee,1,640,640.0,0.0,0,0,0,closed,card,1386.0,0.05,C85143319da
ORD000721,2026-05-03 14:14:56,S06,Zainab,T10,dine_in,CLB,Cold Brew,Coffee,1,680,680.0,0.0,0,0,0,closed,card,1386.0,0.05,C85143319da
ORD000722,2026-05-03 17:54:13,S05,Usman,T1,dine_in,ICL,Iced Latte,Coffee,1,640,640.0,0.0,0,0,0,closed,card,1344.0,0.05,Ca0367143e1
ORD000722,2026-05-03 17:54:13,S05,Usman,T1,dine_in,ICL,Iced Latte,Coffee,1,640,640.0,0.0,0,0,0,closed,card,1344.0,0.05,Ca0367143e1
ORD000723,2026-05-03 12:41:10,S08,Mahnoor,T13,dine_in,LAT,Cafe Latte,Coffee,1,580,580.0,0.0,0,0,0,closed,card,609.0,0.05,C46181e283f
ORD000724,2026-05-03 08:22:31,S08,Mahnoor,T1,dine_in,CKE2,Cheesecake,Bakery,1,880,880.0,0.0,0,0,0,closed,wallet,2048.0,0.05,C7f56f70956
ORD000724,2026-05-03 08:22:31,S08,Mahnoor,T1,dine_in,MOC,Mocha,Coffee,1,650,650.0,0.0,0,0,0,closed,wallet,2048.0,0.05,C7f56f70956
ORD000724,2026-05-03 08:22:31,S08,Mahnoor,T1,dine_in,ESP,Espresso,Coffee,1,420,420.0,0.0,0,0,0,closed,wallet,2048.0,0.05,C7f56f70956
ORD000725,2026-05-03 13:15:15,S05,Usman,,takeaway,CKE,Slice of Cake,Bakery,1,780,780.0,0.0,0,0,0,closed,card,819.0,0.05,C59d132966a
ORD000726,2026-05-03 08:46:53,S02,Hamza,,takeaway,CRO,Butter Croissant,Bakery,1,520,520.0,0.0,0,0,0,closed,card,546.0,0.05,C1173024c92
ORD000727,2026-05-03 19:50:40,S02,Hamza,T4,dine_in,CRO,Butter Croissant,Bakery,1,520,0.0,0.0,1,0,0,partial_void,cash,0.0,0.15,
ORD000728,2026-05-03 22:49:41,S04,Sara,T15,dine_in,ICL,Iced Latte,Coffee,1,640,640.0,0.0,0,0,0,closed,qr,1260.0,0.05,Cfc5da82ed6
ORD000728,2026-05-03 22:49:41,S04,Sara,T15,dine_in,CAP,Cappuccino,Coffee,1,560,560.0,0.0,0,0,0,closed,qr,1260.0,0.05,Cfc5da82ed6
ORD000729,2026-05-03 09:40:28,S02,Hamza,,takeaway,ICL,Iced Latte,Coffee,1,640,640.0,0.0,0,0,0,closed,qr,1953.0,0.05,C77ab9059ad
ORD000729,2026-05-03 09:40:28,S02,Hamza,,takeaway,ICL,Iced Latte,Coffee,1,640,640.0,0.0,0,0,0,closed,qr,1953.0,0.05,C77ab9059ad
ORD000729,2026-05-03 09:40:28,S02,Hamza,,takeaway,LAT,Cafe Latte,Coffee,1,580,580.0,0.0,0,0,0,closed,qr,1953.0,0.05,C77ab9059ad
ORD000730,2026-05-03 09:32:19,S06,Zainab,,takeaway,LAT,Cafe Latte,Coffee,1,580,580.0,0.0,0,0,0,closed,cash,2047.0,0.15,
ORD000730,2026-05-03 09:32:19,S06,Zainab,,takeaway,PNC,Pain au Chocolat,Bakery,1,600,600.0,0.0,0,0,0,closed,cash,2047.0,0.15,
ORD000730,2026-05-03 09:32:19,S06,Zainab,,takeaway,FLW,Flat White,Coffee,1,600,600.0,0.0,0,0,0,closed,cash,2047.0,0.15,
ORD000731,2026-05-03 13:17:14,S05,Usman,T10,dine_in,BFP,Big Breakfast,Food,1,1850,0.0,0.0,1,0,0,partial_void,cash,586.0,0.15,
ORD000731,2026-05-03 13:17:14,S05,Usman,T10,dine_in,FLW,Flat White,Coffee,1,600,510.0,90.0,0,0,0,partial_void,cash,586.0,0.15,
ORD000732,2026-05-03 22:01:52,S04,Sara,T9,dine_in,MOC,Mocha,Coffee,1,650,650.0,0.0,0,0,0,closed,card,682.0,0.05,C4d4f7e93b0
ORD000733,2026-05-03 15:54:17,S02,Hamza,T6,dine_in,WTR,Bottled Water,Other,1,150,120.0,30.0,0,0,0,closed,card,126.0,0.05,C561850d859
ORD000734,2026-05-03 18:17:38,S07,Daniyal,T2,dine_in,SAL,Garden Salad,Food,1,1250,1250.0,0.0,0,0,0,closed,cash,1438.0,0.15,
ORD000735,2026-05-03 20:52:09,S03,Bilal,T7,dine_in,MAT,Matcha Latte,Coffee,1,720,720.0,0.0,0,0,0,closed,cash,828.0,0.15,
ORD000736,2026-05-03 18:49:49,S02,Hamza,,takeaway,MOC,Mocha,Coffee,1,650,650.0,0.0,0,0,0,closed,cash,3427.0,0.15,
ORD000736,2026-05-03 18:49:49,S02,Hamza,,takeaway,AVT,Avocado Toast,Food,1,1450,1450.0,0.0,0,0,0,closed,cash,3427.0,0.15,
ORD000736,2026-05-03 18:49:49,S02,Hamza,,takeaway,CKE2,Cheesecake,Bakery,1,880,880.0,0.0,0,0,0,closed,cash,3427.0,0.15,
ORD000737,2026-05-03 20:25:51,S08,Mahnoor,,takeaway,HOT,Hot Chocolate,Coffee,1,560,560.0,0.0,0,0,0,closed,wallet,588.0,0.05,C48db1936bb
ORD000738,2026-05-03 13:31:18,S06,Zainab,,takeaway,AVT,Avocado Toast,Food,1,1450,1450.0,0.0,0,0,0,closed,cash,4623.0,0.15,
ORD000738,2026-05-03 13:31:18,S06,Zainab,,takeaway,MAT,Matcha Latte,Coffee,1,720,720.0,0.0,0,0,0,closed,cash,4623.0,0.15,
ORD000738,2026-05-03 13:31:18,S06,Zainab,,takeaway,BFP,Big Breakfast,Food,1,1850,1850.0,0.0,0,0,0,closed,cash,4623.0,0.15,
ORD000739,2026-05-03 19:04:11,S06,Zainab,T14,dine_in,BFP,Big Breakfast,Food,1,1850,1850.0,0.0,0,0,0,closed,wallet,1942.0,0.05,Cdf99103aeb
ORD000740,2026-05-03 09:34:29,S04,Sara,,takeaway,SAN,Chicken Sandwich,Food,1,1350,1350.0,0.0,0,0,0,closed,cash,5532.0,0.15,
ORD000740,2026-05-03 09:34:29,S04,Sara,,takeaway,CAP,Cappuccino,Coffee,1,560,560.0,0.0,0,0,0,closed,cash,5532.0,0.15,
ORD000740,2026-05-03 09:34:29,S04,Sara,,takeaway,AVT,Avocado Toast,Food,2,1450,2900.0,0.0,0,0,0,closed,cash,5532.0,0.15,
ORD000741,2026-05-03 09:10:27,S05,Usman,T7,dine_in,IMP,Imported Soda,Other,1,480,384.0,96.0,0,0,0,closed,wallet,403.0,0.05,C58cf770e72
ORD000742,2026-05-03 10:25:12,S04,Sara,,takeaway,CKE2,Cheesecake,Bakery,1,880,880.0,0.0,0,0,0,closed,cash,4991.0,0.15,Cbff0e0960f
ORD000742,2026-05-03 10:25:12,S04,Sara,,takeaway,CAP,Cappuccino,Coffee,1,560,560.0,0.0,0,0,0,closed,cash,4991.0,0.15,Cbff0e0960f
ORD000742,2026-05-03 10:25:12,S04,Sara,,takeaway,AVT,Avocado Toast,Food,2,1450,2900.0,0.0,0,0,0,closed,cash,4991.0,0.15,Cbff0e0960f
ORD000743,2026-05-03 10:01:00,S07,Daniyal,,takeaway,IMP,Imported Soda,Other,1,480,480.0,0.0,0,0,0,closed,cash,552.0,0.15,
ORD000744,2026-05-03 13:05:41,S07,Daniyal,,takeaway,FLW,Flat White,Coffee,1,600,600.0,0.0,0,0,0,closed,card,1218.0,0.05,C8e2be06429
ORD000744,2026-05-03 13:05:41,S07,Daniyal,,takeaway,CAP,Cappuccino,Coffee,1,560,560.0,0.0,0,0,0,closed,card,1218.0,0.05,C8e2be06429
ORD000745,2026-05-03 08:55:47,S05,Usman,T14,dine_in,WTR,Bottled Water,Other,1,150,150.0,0.0,0,0,0,closed,wallet,3024.0,0.05,Cb616ef25f5
ORD000745,2026-05-03 08:55:47,S05,Usman,T14,dine_in,CKE2,Cheesecake,Bakery,1,880,880.0,0.0,0,0,0,closed,wallet,3024.0,0.05,Cb616ef25f5
ORD000745,2026-05-03 08:55:47,S05,Usman,T14,dine_in,BFP,Big Breakfast,Food,1,1850,1850.0,0.0,0,0,0,closed,wallet,3024.0,0.05,Cb616ef25f5
ORD000746,2026-05-03 19:01:56,S08,Mahnoor,T5,dine_in,CKE,Slice of Cake,Bakery,1,780,780.0,0.0,0,0,0,closed,qr,1407.0,0.05,C0b90585403
ORD000746,2026-05-03 19:01:56,S08,Mahnoor,T5,dine_in,CAP,Cappuccino,Coffee,1,560,560.0,0.0,0,0,0,closed,qr,1407.0,0.05,C0b90585403
ORD000747,2026-05-03 12:54:57,S08,Mahnoor,T1,dine_in,PNC,Pain au Chocolat,Bakery,1,600,600.0,0.0,0,0,0,closed,card,630.0,0.05,Ce6722bf747
ORD000748,2026-05-03 13:53:54,S04,Sara,T17,dine_in,CKE2,Cheesecake,Bakery,1,880,880.0,0.0,0,0,0,closed,card,1743.0,0.05,Cc4b0abd357
ORD000748,2026-05-03 13:53:54,S04,Sara,T17,dine_in,CKE,Slice of Cake,Bakery,1,780,780.0,0.0,0,0,0,closed,card,1743.0,0.05,Cc4b0abd357
ORD000749,2026-05-03 20:42:37,S05,Usman,,takeaway,CKE2,Cheesecake,Bakery,1,880,880.0,0.0,0,0,0,closed,card,924.0,0.05,C0882deb692
ORD000750,2026-05-03 18:11:00,S03,Bilal,,takeaway,HOT,Hot Chocolate,Coffee,1,560,560.0,0.0,0,0,0,closed,wallet,588.0,0.05,Cbf1fa8f7c6
ORD000751,2026-05-03 20:28:13,S08,Mahnoor,,takeaway,FLW,Flat White,Coffee,1,600,600.0,0.0,0,0,0,closed,cash,690.0,0.15,Cdf0bd6d485
ORD000752,2026-05-03 20:42:06,S06,Zainab,,takeaway,WTR,Bottled Water,Other,1,150,150.0,0.0,0,0,0,closed,card,746.0,0.05,Ccc5a2972a9
ORD000752,2026-05-03 20:42:06,S06,Zainab,,takeaway,CAP,Cappuccino,Coffee,1,560,560.0,0.0,0,0,0,closed,card,746.0,0.05,Ccc5a2972a9
ORD000753,2026-05-03 12:35:05,S03,Bilal,T17,dine_in,LAT,Cafe Latte,Coffee,1,580,580.0,0.0,0,0,0,closed,card,609.0,0.05,Cc2e0727899
ORD000753,2026-05-03 12:35:05,S03,Bilal,T17,dine_in,CKE2,Cheesecake,Bakery,1,880,0.0,0.0,0,0,1,closed,card,609.0,0.05,Cc2e0727899
ORD000754,2026-05-03 16:14:44,S03,Bilal,T4,dine_in,LAT,Cafe Latte,Coffee,1,580,580.0,0.0,0,0,0,closed,cash,667.0,0.15,
ORD000754,2026-05-03 16:14:44,S03,Bilal,T4,dine_in,SAL,Garden Salad,Food,1,1250,0.0,0.0,0,0,1,closed,cash,667.0,0.15,
ORD000755,2026-05-03 22:18:24,S07,Daniyal,,takeaway,CKE,Slice of Cake,Bakery,1,780,780.0,0.0,0,0,0,closed,cash,897.0,0.15,C67280c2a53
ORD000756,2026-05-03 14:03:48,S07,Daniyal,T16,dine_in,WTR,Bottled Water,Other,1,150,150.0,0.0,0,0,0,closed,wallet,1428.0,0.05,Cf8d129d056
ORD000756,2026-05-03 14:03:48,S07,Daniyal,T16,dine_in,MOC,Mocha,Coffee,1,650,650.0,0.0,0,0,0,closed,wallet,1428.0,0.05,Cf8d129d056
ORD000756,2026-05-03 14:03:48,S07,Daniyal,T16,dine_in,CAP,Cappuccino,Coffee,1,560,560.0,0.0,0,0,0,closed,wallet,1428.0,0.05,Cf8d129d056
ORD000757,2026-05-03 16:09:13,S08,Mahnoor,T9,dine_in,MAT,Matcha Latte,Coffee,1,720,720.0,0.0,0,0,0,closed,wallet,756.0,0.05,Ccc55e927ed
ORD000758,2026-05-03 11:34:47,S08,Mahnoor,T11,dine_in,PAS,Pasta,Food,1,1650,1650.0,0.0,0,0,0,closed,wallet,1732.0,0.05,C87e7d1be6f
ORD000759,2026-05-03 20:48:18,S04,Sara,T3,dine_in,LAT,Cafe Latte,Coffee,1,580,580.0,0.0,0,0,0,closed,qr,2026.0,0.05,C96678b6c81
ORD000759,2026-05-03 20:48:18,S04,Sara,T3,dine_in,SAN,Chicken Sandwich,Food,1,1350,1350.0,0.0,0,0,0,closed,qr,2026.0,0.05,C96678b6c81
ORD000760,2026-05-03 19:40:32,S06,Zainab,T9,dine_in,ICL,Iced Latte,Coffee,1,640,640.0,0.0,0,0,0,closed,qr,1218.0,0.05,Ca4c85907e3
ORD000760,2026-05-03 19:40:32,S06,Zainab,T9,dine_in,CRO,Butter Croissant,Bakery,1,520,520.0,0.0,0,0,0,closed,qr,1218.0,0.05,Ca4c85907e3
ORD000761,2026-05-03 16:24:38,S07,Daniyal,T4,dine_in,HOT,Hot Chocolate,Coffee,1,560,560.0,0.0,0,0,0,closed,cash,2955.0,0.15,
ORD000761,2026-05-03 16:24:38,S07,Daniyal,T4,dine_in,CAP,Cappuccino,Coffee,1,560,560.0,0.0,0,0,0,closed,cash,2955.0,0.15,
ORD000761,2026-05-03 16:24:38,S07,Daniyal,T4,dine_in,AVT,Avocado Toast,Food,1,1450,1450.0,0.0,0,0,0,closed,cash,2955.0,0.15,
ORD000762,2026-05-03 15:52:51,S07,Daniyal,,takeaway,FLW,Flat White,Coffee,1,600,600.0,0.0,0,0,0,closed,card,1260.0,0.05,C0fe7fda468
ORD000762,2026-05-03 15:52:51,S07,Daniyal,,takeaway,FLW,Flat White,Coffee,1,600,600.0,0.0,0,0,0,closed,card,1260.0,0.05,C0fe7fda468
ORD000763,2026-05-03 11:17:28,S01,Ayesha,T9,dine_in,MAT,Matcha Latte,Coffee,1,720,720.0,0.0,0,0,0,closed,wallet,1386.0,0.05,C19d751a040
ORD000763,2026-05-03 11:17:28,S01,Ayesha,T9,dine_in,FLW,Flat White,Coffee,1,600,600.0,0.0,0,0,0,closed,wallet,1386.0,0.05,C19d751a040
ORD000764,2026-05-03 16:51:53,S04,Sara,T10,dine_in,CRO,Butter Croissant,Bakery,1,520,520.0,0.0,0,0,0,closed,card,546.0,0.05,C58809e5012
ORD000765,2026-05-03 20:22:21,S08,Mahnoor,,takeaway,LAT,Cafe Latte,Coffee,1,580,580.0,0.0,0,0,0,closed,wallet,609.0,0.05,C54617d8007
ORD000766,2026-05-03 08:25:39,S02,Hamza,T3,dine_in,SAN,Chicken Sandwich,Food,1,1350,1350.0,0.0,0,0,0,closed,cash,2196.0,0.15,
ORD000766,2026-05-03 08:25:39,S02,Hamza,T3,dine_in,CAP,Cappuccino,Coffee,1,560,560.0,0.0,0,0,0,closed,cash,2196.0,0.15,
ORD000767,2026-05-03 17:20:14,S08,Mahnoor,,takeaway,LAT,Cafe Latte,Coffee,1,580,580.0,0.0,0,0,0,closed,card,609.0,0.05,C49e1d6c4d1
ORD000768,2026-05-03 11:09:00,S05,Usman,T1,dine_in,MAT,Matcha Latte,Coffee,1,720,720.0,0.0,0,0,0,closed,wallet,756.0,0.05,C3d3ed875c0
ORD000769,2026-05-03 16:36:56,S07,Daniyal,,takeaway,LAT,Cafe Latte,Coffee,1,580,580.0,0.0,0,0,0,closed,cash,1414.0,0.15,
ORD000769,2026-05-03 16:36:56,S07,Daniyal,,takeaway,MOC,Mocha,Coffee,1,650,650.0,0.0,0,0,0,closed,cash,1414.0,0.15,
ORD000770,2026-05-03 18:50:34,S03,Bilal,T17,dine_in,BFP,Big Breakfast,Food,1,1850,1850.0,0.0,0,0,0,closed,cash,2128.0,0.15,
ORD000771,2026-05-03 18:29:17,S01,Ayesha,T15,dine_in,CAP,Cappuccino,Coffee,1,560,476.0,84.0,0,0,0,closed,cash,1835.0,0.15,
ORD000771,2026-05-03 18:29:17,S01,Ayesha,T15,dine_in,HOT,Hot Chocolate,Coffee,1,560,560.0,0.0,0,0,0,closed,cash,1835.0,0.15,
ORD000771,2026-05-03 18:29:17,S01,Ayesha,T15,dine_in,HOT,Hot Chocolate,Coffee,1,560,560.0,0.0,0,0,0,closed,cash,1835.0,0.15,
ORD000772,2026-05-04 10:27:45,S03,Bilal,,takeaway,FLW,Flat White,Coffee,1,600,600.0,0.0,0,0,0,closed,card,1239.0,0.05,Cae4003d5ae
ORD000772,2026-05-04 10:27:45,S03,Bilal,,takeaway,LAT,Cafe Latte,Coffee,1,580,580.0,0.0,0,0,0,closed,card,1239.0,0.05,Cae4003d5ae
ORD000773,2026-05-04 17:45:48,S06,Zainab,T3,dine_in,CKE2,Cheesecake,Bakery,1,880,880.0,0.0,0,0,0,closed,cash,1679.0,0.15,
ORD000773,2026-05-04 17:45:48,S06,Zainab,T3,dine_in,LAT,Cafe Latte,Coffee,1,580,580.0,0.0,0,0,0,closed,cash,1679.0,0.15,
ORD000774,2026-05-04 07:06:25,S07,Daniyal,,takeaway,LAT,Cafe Latte,Coffee,1,580,580.0,0.0,0,0,0,closed,cash,1357.0,0.15,
ORD000774,2026-05-04 07:06:25,S07,Daniyal,,takeaway,FLW,Flat White,Coffee,1,600,600.0,0.0,0,0,0,closed,cash,1357.0,0.15,
ORD000775,2026-05-04 13:40:05,S06,Zainab,T4,dine_in,MOC,Mocha,Coffee,1,650,650.0,0.0,0,0,0,closed,cash,747.0,0.15,C4895d2ab4e
ORD000776,2026-05-04 10:19:01,S06,Zainab,,takeaway,MAT,Matcha Latte,Coffee,1,720,720.0,0.0,0,0,0,closed,qr,756.0,0.05,C19ab330972
ORD000777,2026-05-04 09:36:11,S08,Mahnoor,,takeaway,CLB,Cold Brew,Coffee,1,680,680.0,0.0,0,0,0,closed,wallet,1260.0,0.05,Cadc75d3967
ORD000777,2026-05-04 09:36:11,S08,Mahnoor,,takeaway,CRO,Butter Croissant,Bakery,1,520,520.0,0.0,0,0,0,closed,wallet,1260.0,0.05,Cadc75d3967
ORD000778,2026-05-04 08:37:33,S03,Bilal,,takeaway,SAL,Garden Salad,Food,1,1250,1250.0,0.0,0,0,0,closed,cash,3427.0,0.15,
ORD000778,2026-05-04 08:37:33,S03,Bilal,,takeaway,IMP,Imported Soda,Other,1,480,480.0,0.0,0,0,0,closed,cash,3427.0,0.15,
ORD000778,2026-05-04 08:37:33,S03,Bilal,,takeaway,SAL,Garden Salad,Food,1,1250,1250.0,0.0,0,0,0,closed,cash,3427.0,0.15,
ORD000779,2026-05-04 12:51:53,S02,Hamza,,takeaway,CKE,Slice of Cake,Bakery,1,780,780.0,0.0,0,0,0,closed,card,1575.0,0.05,Cc216e2623e
ORD000779,2026-05-04 12:51:53,S02,Hamza,,takeaway,MAT,Matcha Latte,Coffee,1,720,720.0,0.0,0,0,0,closed,card,1575.0,0.05,Cc216e2623e
ORD000780,2026-05-04 20:27:24,S02,Hamza,T16,dine_in,ICL,Iced Latte,Coffee,1,640,640.0,0.0,0,0,0,closed,card,672.0,0.05,C6f36fbd559
ORD000781,2026-05-04 07:12:05,S05,Usman,,takeaway,CKE2,Cheesecake,Bakery,1,880,748.0,132.0,0,0,0,closed,wallet,1541.0,0.05,C1dfc0aff25
ORD000781,2026-05-04 07:12:05,S05,Usman,,takeaway,MAT,Matcha Latte,Coffee,1,720,720.0,0.0,0,0,0,closed,wallet,1541.0,0.05,C1dfc0aff25
ORD000782,2026-05-04 13:33:54,S03,Bilal,T2,dine_in,CKE,Slice of Cake,Bakery,1,780,0.0,0.0,1,0,0,partial_void,qr,1052.0,0.05,Cb616ef25f5
ORD000782,2026-05-04 13:33:54,S03,Bilal,T2,dine_in,AMR,Americano,Coffee,1,480,480.0,0.0,0,0,0,partial_void,qr,1052.0,0.05,Cb616ef25f5
ORD000782,2026-05-04 13:33:54,S03,Bilal,T2,dine_in,LAT,Cafe Latte,Coffee,1,580,522.0,58.0,0,0,0,partial_void,qr,1052.0,0.05,Cb616ef25f5
ORD000783,2026-05-04 11:24:52,S04,Sara,T13,dine_in,LAT,Cafe Latte,Coffee,1,580,580.0,0.0,0,0,0,closed,card,1922.0,0.05,C84719e966a
ORD000783,2026-05-04 11:24:52,S04,Sara,T13,dine_in,SAL,Garden Salad,Food,1,1250,1250.0,0.0,0,0,0,closed,card,1922.0,0.05,C84719e966a
ORD000784,2026-05-04 11:26:52,S07,Daniyal,T7,dine_in,CKE,Slice of Cake,Bakery,1,780,663.0,117.0,0,0,0,closed,wallet,696.0,0.05,Cd8138e6b6b
ORD000785,2026-05-04 07:07:10,S08,Mahnoor,T18,dine_in,CKE,Slice of Cake,Bakery,1,780,780.0,0.0,0,0,0,closed,card,2268.0,0.05,C3ad2a63749
ORD000785,2026-05-04 07:07:10,S08,Mahnoor,T18,dine_in,CKE,Slice of Cake,Bakery,1,780,780.0,0.0,0,0,0,closed,card,2268.0,0.05,C3ad2a63749
ORD000785,2026-05-04 07:07:10,S08,Mahnoor,T18,dine_in,FLW,Flat White,Coffee,1,600,600.0,0.0,0,0,0,closed,card,2268.0,0.05,C3ad2a63749
ORD000786,2026-05-04 07:30:30,S02,Hamza,T2,dine_in,AMR,Americano,Coffee,1,480,480.0,0.0,0,0,0,closed,wallet,1218.0,0.05,C47c5e28c85
ORD000786,2026-05-04 07:30:30,S02,Hamza,T2,dine_in,CLB,Cold Brew,Coffee,1,680,680.0,0.0,0,0,0,closed,wallet,1218.0,0.05,C47c5e28c85
ORD000787,2026-05-04 21:46:20,S01,Ayesha,T5,dine_in,FLW,Flat White,Coffee,1,600,600.0,0.0,0,0,0,closed,cash,2047.0,0.15,
ORD000787,2026-05-04 21:46:20,S01,Ayesha,T5,dine_in,LAT,Cafe Latte,Coffee,1,580,580.0,0.0,0,0,0,closed,cash,2047.0,0.15,
ORD000787,2026-05-04 21:46:20,S01,Ayesha,T5,dine_in,PNC,Pain au Chocolat,Bakery,1,600,600.0,0.0,0,0,0,closed,cash,2047.0,0.15,
ORD000788,2026-05-04 08:38:33,S05,Usman,T5,dine_in,AMR,Americano,Coffee,1,480,480.0,0.0,0,0,0,closed,cash,552.0,0.15,
ORD000789,2026-05-04 19:23:02,S03,Bilal,,takeaway,AVT,Avocado Toast,Food,1,1450,0.0,0.0,1,1,0,partial_void,cash,644.0,0.15,Cd923cf20c8
ORD000789,2026-05-04 19:23:02,S03,Bilal,,takeaway,CAP,Cappuccino,Coffee,1,560,560.0,0.0,0,0,0,partial_void,cash,644.0,0.15,Cd923cf20c8
ORD000790,2026-05-04 19:43:39,S07,Daniyal,T8,dine_in,WTR,Bottled Water,Other,1,150,150.0,0.0,0,0,0,closed,cash,172.0,0.15,
ORD000791,2026-05-04 15:14:09,S05,Usman,,takeaway,MOC,Mocha,Coffee,1,650,650.0,0.0,0,0,0,closed,card,3066.0,0.05,C3e5bef3919
ORD000791,2026-05-04 15:14:09,S05,Usman,,takeaway,ESP,Espresso,Coffee,1,420,420.0,0.0,0,0,0,closed,card,3066.0,0.05,C3e5bef3919
ORD000791,2026-05-04 15:14:09,S05,Usman,,takeaway,BFP,Big Breakfast,Food,1,1850,1850.0,0.0,0,0,0,closed,card,3066.0,0.05,C3e5bef3919
ORD000792,2026-05-04 13:28:28,S07,Daniyal,T11,dine_in,LAT,Cafe Latte,Coffee,1,580,580.0,0.0,0,0,0,closed,card,609.0,0.05,Cbcf52aba85
ORD000793,2026-05-04 19:57:29,S07,Daniyal,T10,dine_in,CLB,Cold Brew,Coffee,1,680,680.0,0.0,0,0,0,closed,card,714.0,0.05,Ca4c85907e3
ORD000794,2026-05-04 11:13:21,S03,Bilal,,takeaway,LAT,Cafe Latte,Coffee,1,580,580.0,0.0,0,0,0,closed,qr,609.0,0.05,C3d3ed875c0
ORD000795,2026-05-04 18:41:25,S04,Sara,T11,dine_in,SAL,Garden Salad,Food,1,1250,1250.0,0.0,0,0,0,closed,cash,1438.0,0.15,
ORD000796,2026-05-04 17:50:04,S02,Hamza,T2,dine_in,CAP,Cappuccino,Coffee,1,560,560.0,0.0,0,0,0,closed,card,588.0,0.05,Cc8157a5ef0
ORD000797,2026-05-04 22:30:21,S03,Bilal,T4,dine_in,CAP,Cappuccino,Coffee,1,560,560.0,0.0,0,0,0,closed,wallet,588.0,0.05,Cadc75d3967
ORD000798,2026-05-04 19:44:54,S04,Sara,,takeaway,MOC,Mocha,Coffee,1,650,650.0,0.0,0,0,0,closed,cash,747.0,0.15,C44fdf11b8b
ORD000799,2026-05-04 19:59:28,S03,Bilal,T1,dine_in,FLW,Flat White,Coffee,1,600,510.0,90.0,0,0,0,closed,qr,536.0,0.05,C704a10ce47
ORD000800,2026-05-04 12:58:09,S02,Hamza,,takeaway,CKE,Slice of Cake,Bakery,1,780,780.0,0.0,0,0,0,closed,wallet,819.0,0.05,Cc506132833
ORD000801,2026-05-04 17:39:57,S07,Daniyal,,takeaway,WTR,Bottled Water,Other,1,150,150.0,0.0,0,0,0,closed,cash,172.0,0.15,
ORD000802,2026-05-04 08:44:19,S05,Usman,T14,dine_in,PNC,Pain au Chocolat,Bakery,1,600,480.0,120.0,0,0,0,closed,card,1134.0,0.05,C47c5e28c85
ORD000802,2026-05-04 08:44:19,S05,Usman,T14,dine_in,FLW,Flat White,Coffee,1,600,600.0,0.0,0,0,0,closed,card,1134.0,0.05,C47c5e28c85
ORD000803,2026-05-04 13:43:17,S07,Daniyal,T17,dine_in,CAP,Cappuccino,Coffee,1,560,560.0,0.0,0,0,0,closed,wallet,1218.0,0.05,C2cb9488682
ORD000803,2026-05-04 13:43:17,S07,Daniyal,T17,dine_in,FLW,Flat White,Coffee,1,600,600.0,0.0,0,0,0,closed,wallet,1218.0,0.05,C2cb9488682
ORD000804,2026-05-04 19:55:32,S02,Hamza,T5,dine_in,AMR,Americano,Coffee,1,480,480.0,0.0,0,0,0,closed,wallet,504.0,0.05,Ccb8af0dea2
ORD000805,2026-05-04 07:47:51,S06,Zainab,,takeaway,FLW,Flat White,Coffee,1,600,600.0,0.0,0,0,0,closed,cash,1380.0,0.15,Cbb35965df4
ORD000805,2026-05-04 07:47:51,S06,Zainab,,takeaway,PNC,Pain au Chocolat,Bakery,1,600,600.0,0.0,0,0,0,closed,cash,1380.0,0.15,Cbb35965df4
ORD000806,2026-05-04 17:00:27,S04,Sara,T3,dine_in,BFP,Big Breakfast,Food,1,1850,1850.0,0.0,0,0,0,closed,cash,2128.0,0.15,
ORD000807,2026-05-04 17:28:11,S01,Ayesha,T7,dine_in,CKE,Slice of Cake,Bakery,1,780,780.0,0.0,0,0,0,closed,card,2142.0,0.05,C86629c6deb
ORD000807,2026-05-04 17:28:11,S01,Ayesha,T7,dine_in,CKE,Slice of Cake,Bakery,1,780,780.0,0.0,0,0,0,closed,card,2142.0,0.05,C86629c6deb
ORD000807,2026-05-04 17:28:11,S01,Ayesha,T7,dine_in,AMR,Americano,Coffee,1,480,480.0,0.0,0,0,0,closed,card,2142.0,0.05,C86629c6deb
ORD000808,2026-05-04 12:47:15,S01,Ayesha,,takeaway,AMR,Americano,Coffee,1,480,480.0,0.0,0,0,0,closed,qr,504.0,0.05,C47c5e28c85
ORD000809,2026-05-04 20:05:43,S08,Mahnoor,T3,dine_in,CRO,Butter Croissant,Bakery,1,520,520.0,0.0,0,0,0,closed,card,1050.0,0.05,C641da9029c
ORD000809,2026-05-04 20:05:43,S08,Mahnoor,T3,dine_in,IMP,Imported Soda,Other,1,480,480.0,0.0,0,0,0,closed,card,1050.0,0.05,C641da9029c
ORD000810,2026-05-04 12:20:34,S04,Sara,T6,dine_in,FLW,Flat White,Coffee,1,600,600.0,0.0,0,0,0,closed,card,2572.0,0.05,C998fad6fa0
ORD000810,2026-05-04 12:20:34,S04,Sara,T6,dine_in,BFP,Big Breakfast,Food,1,1850,1850.0,0.0,0,0,0,closed,card,2572.0,0.05,C998fad6fa0
ORD000811,2026-05-04 21:50:20,S07,Daniyal,,takeaway,AVT,Avocado Toast,Food,1,1450,1450.0,0.0,0,0,0,closed,cash,1667.0,0.15,
ORD000812,2026-05-04 10:30:09,S05,Usman,T1,dine_in,LAT,Cafe Latte,Coffee,1,580,580.0,0.0,0,0,0,closed,cash,667.0,0.15,C66ae80d643
ORD000813,2026-05-04 20:42:03,S06,Zainab,,takeaway,CAP,Cappuccino,Coffee,1,560,560.0,0.0,0,0,0,closed,card,1344.0,0.05,Cd1e93a6d3b
ORD000813,2026-05-04 20:42:03,S06,Zainab,,takeaway,MAT,Matcha Latte,Coffee,1,720,720.0,0.0,0,0,0,closed,card,1344.0,0.05,Cd1e93a6d3b
ORD000814,2026-05-04 13:27:39,S02,Hamza,T17,dine_in,CAP,Cappuccino,Coffee,1,560,560.0,0.0,0,0,0,closed,card,1176.0,0.05,Cf8d129d056
ORD000814,2026-05-04 13:27:39,S02,Hamza,T17,dine_in,HOT,Hot Chocolate,Coffee,1,560,560.0,0.0,0,0,0,closed,card,1176.0,0.05,Cf8d129d056
ORD000815,2026-05-04 22:40:58,S08,Mahnoor,,takeaway,LAT,Cafe Latte,Coffee,1,580,580.0,0.0,0,0,0,closed,cash,667.0,0.15,
ORD000816,2026-05-04 21:45:37,S04,Sara,,takeaway,PAS,Pasta,Food,1,1650,1650.0,0.0,0,0,0,closed,card,1732.0,0.05,C080f505c6f
ORD000817,2026-05-04 13:17:04,S08,Mahnoor,T7,dine_in,AVT,Avocado Toast,Food,1,1450,0.0,0.0,0,0,1,closed,wallet,0.0,0.05,Cadc75d3967
ORD000818,2026-05-04 13:30:35,S03,Bilal,,takeaway,MAT,Matcha Latte,Coffee,1,720,720.0,0.0,0,0,0,closed,qr,2698.0,0.05,C77ab9059ad
ORD000818,2026-05-04 13:30:35,S03,Bilal,,takeaway,BFP,Big Breakfast,Food,1,1850,1850.0,0.0,0,0,0,closed,qr,2698.0,0.05,C77ab9059ad
ORD000819,2026-05-04 19:15:50,S07,Daniyal,T1,dine_in,PNC,Pain au Chocolat,Bakery,1,600,600.0,0.0,0,0,0,closed,card,630.0,0.05,Cdf99103aeb
ORD000820,2026-05-04 21:28:40,S07,Daniyal,T15,dine_in,LAT,Cafe Latte,Coffee,1,580,580.0,0.0,0,0,0,closed,wallet,609.0,0.05,C49e1d6c4d1
ORD000821,2026-05-04 11:07:03,S06,Zainab,T12,dine_in,CRO,Butter Croissant,Bakery,1,520,520.0,0.0,0,0,0,closed,card,1082.0,0.05,Cba34fe0fbe
ORD000821,2026-05-04 11:07:03,S06,Zainab,T12,dine_in,PNC,Pain au Chocolat,Bakery,1,600,510.0,90.0,0,0,0,closed,card,1082.0,0.05,Cba34fe0fbe
ORD000822,2026-05-04 07:46:45,S03,Bilal,T3,dine_in,LAT,Cafe Latte,Coffee,1,580,580.0,0.0,0,0,0,closed,card,2289.0,0.05,Cadc987ad2c
ORD000822,2026-05-04 07:46:45,S03,Bilal,T3,dine_in,AVT,Avocado Toast,Food,1,1450,1450.0,0.0,0,0,0,closed,card,2289.0,0.05,Cadc987ad2c
ORD000822,2026-05-04 07:46:45,S03,Bilal,T3,dine_in,WTR,Bottled Water,Other,1,150,150.0,0.0,0,0,0,closed,card,2289.0,0.05,Cadc987ad2c
ORD000823,2026-05-04 20:10:07,S05,Usman,T2,dine_in,SAN,Chicken Sandwich,Food,1,1350,1215.0,135.0,0,0,0,closed,cash,1397.0,0.15,
ORD000824,2026-05-04 21:32:20,S06,Zainab,T13,dine_in,CKE,Slice of Cake,Bakery,1,780,780.0,0.0,0,0,0,closed,card,819.0,0.05,C797e2d42c3
ORD000825,2026-05-04 08:37:31,S01,Ayesha,T3,dine_in,CAP,Cappuccino,Coffee,1,560,560.0,0.0,0,0,0,closed,cash,2139.0,0.15,
ORD000825,2026-05-04 08:37:31,S01,Ayesha,T3,dine_in,LAT,Cafe Latte,Coffee,1,580,580.0,0.0,0,0,0,closed,cash,2139.0,0.15,
ORD000825,2026-05-04 08:37:31,S01,Ayesha,T3,dine_in,MAT,Matcha Latte,Coffee,1,720,720.0,0.0,0,0,0,closed,cash,2139.0,0.15,
ORD000826,2026-05-04 12:25:07,S05,Usman,T15,dine_in,CLB,Cold Brew,Coffee,1,680,680.0,0.0,0,0,0,closed,cash,782.0,0.15,
ORD000827,2026-05-04 18:12:48,S05,Usman,,takeaway,MOC,Mocha,Coffee,1,650,650.0,0.0,0,0,0,closed,cash,1300.0,0.15,
ORD000827,2026-05-04 18:12:48,S05,Usman,,takeaway,AMR,Americano,Coffee,1,480,480.0,0.0,0,0,0,closed,cash,1300.0,0.15,
ORD000828,2026-05-04 08:55:21,S04,Sara,T13,dine_in,AVT,Avocado Toast,Food,2,1450,2900.0,0.0,0,0,0,closed,cash,3335.0,0.15,
ORD000829,2026-05-04 18:04:39,S02,Hamza,,takeaway,LAT,Cafe Latte,Coffee,1,580,493.0,87.0,0,0,0,closed,wallet,518.0,0.05,C6915c3ba71
ORD000830,2026-05-04 07:23:13,S04,Sara,,takeaway,ESP,Espresso,Coffee,1,420,420.0,0.0,0,0,0,closed,wallet,441.0,0.05,C49e1d6c4d1
ORD000831,2026-05-04 08:07:58,S01,Ayesha,,takeaway,LAT,Cafe Latte,Coffee,1,580,580.0,0.0,0,0,0,closed,qr,609.0,0.05,Ccc55e927ed
ORD000832,2026-05-04 10:04:46,S03,Bilal,T13,dine_in,WTR,Bottled Water,Other,1,150,0.0,0.0,0,0,1,closed,cash,0.0,0.15,C3d3ed875c0
ORD000833,2026-05-04 09:45:18,S08,Mahnoor,T9,dine_in,CLB,Cold Brew,Coffee,1,680,544.0,136.0,0,0,0,closed,card,571.0,0.05,C6694a28353
ORD000834,2026-05-04 20:50:14,S01,Ayesha,T3,dine_in,CAP,Cappuccino,Coffee,1,560,560.0,0.0,0,0,0,closed,cash,644.0,0.15,
ORD000835,2026-05-04 09:26:11,S07,Daniyal,T12,dine_in,ICL,Iced Latte,Coffee,1,640,640.0,0.0,0,0,0,closed,wallet,1428.0,0.05,Ccdae6010f7
ORD000835,2026-05-04 09:26:11,S07,Daniyal,T12,dine_in,MAT,Matcha Latte,Coffee,1,720,720.0,0.0,0,0,0,closed,wallet,1428.0,0.05,Ccdae6010f7
ORD000836,2026-05-04 13:55:43,S03,Bilal,,takeaway,CAP,Cappuccino,Coffee,1,560,560.0,0.0,0,0,0,closed,cash,1932.0,0.15,
ORD000836,2026-05-04 13:55:43,S03,Bilal,,takeaway,FLW,Flat White,Coffee,1,600,600.0,0.0,0,0,0,closed,cash,1932.0,0.15,
ORD000836,2026-05-04 13:55:43,S03,Bilal,,takeaway,CRO,Butter Croissant,Bakery,1,520,520.0,0.0,0,0,0,closed,cash,1932.0,0.15,
ORD000837,2026-05-04 21:33:06,S01,Ayesha,T18,dine_in,ICL,Iced Latte,Coffee,1,640,640.0,0.0,0,0,0,closed,cash,1426.0,0.15,C7bfa0588ba
ORD000837,2026-05-04 21:33:06,S01,Ayesha,T18,dine_in,FLW,Flat White,Coffee,1,600,600.0,0.0,0,0,0,closed,cash,1426.0,0.15,C7bfa0588ba
ORD000838,2026-05-04 12:44:48,S02,Hamza,T15,dine_in,ESP,Espresso,Coffee,1,420,420.0,0.0,0,0,0,closed,card,441.0,0.05,C704cdee453
ORD000839,2026-05-04 07:44:19,S04,Sara,,takeaway,BFP,Big Breakfast,Food,1,1850,1665.0,185.0,0,0,0,closed,card,1748.0,0.05,Cf75f1d84fe
ORD000840,2026-05-04 17:16:28,S02,Hamza,T12,dine_in,LAT,Cafe Latte,Coffee,1,580,580.0,0.0,0,0,0,closed,cash,667.0,0.15,Cfde3905dc5
ORD000841,2026-05-04 14:43:31,S01,Ayesha,T12,dine_in,MAT,Matcha Latte,Coffee,1,720,720.0,0.0,0,0,0,closed,card,756.0,0.05,C9aa38fbd9a
ORD000842,2026-05-04 13:31:01,S07,Daniyal,T16,dine_in,AMR,Americano,Coffee,1,480,480.0,0.0,0,0,0,closed,wallet,504.0,0.05,C17a403a366
ORD000843,2026-05-04 13:21:15,S08,Mahnoor,T10,dine_in,CRO,Butter Croissant,Bakery,1,520,520.0,0.0,0,0,0,closed,cash,598.0,0.15,
ORD000844,2026-05-04 17:59:32,S08,Mahnoor,T6,dine_in,SAL,Garden Salad,Food,1,1250,1000.0,250.0,0,0,0,closed,cash,1150.0,0.15,
ORD000845,2026-05-04 10:18:54,S03,Bilal,T11,dine_in,AMR,Americano,Coffee,1,480,480.0,0.0,0,0,0,closed,cash,1955.0,0.15,
ORD000845,2026-05-04 10:18:54,S03,Bilal,T11,dine_in,ICL,Iced Latte,Coffee,1,640,640.0,0.0,0,0,0,closed,cash,1955.0,0.15,
ORD000845,2026-05-04 10:18:54,S03,Bilal,T11,dine_in,LAT,Cafe Latte,Coffee,1,580,580.0,0.0,0,0,0,closed,cash,1955.0,0.15,
ORD000846,2026-05-04 13:28:51,S02,Hamza,T5,dine_in,CLB,Cold Brew,Coffee,1,680,680.0,0.0,0,0,0,closed,card,1396.0,0.05,C679f8bd881
ORD000846,2026-05-04 13:28:51,S02,Hamza,T5,dine_in,MOC,Mocha,Coffee,1,650,650.0,0.0,0,0,0,closed,card,1396.0,0.05,C679f8bd881
ORD000847,2026-05-04 12:27:35,S07,Daniyal,T3,dine_in,ICL,Iced Latte,Coffee,1,640,640.0,0.0,0,0,0,closed,card,672.0,0.05,C24ede23d45
ORD000848,2026-05-04 07:36:11,S04,Sara,T18,dine_in,AVT,Avocado Toast,Food,1,1450,1450.0,0.0,0,0,0,closed,cash,1667.0,0.15,
ORD000849,2026-05-04 08:47:44,S07,Daniyal,T2,dine_in,ESP,Espresso,Coffee,1,420,420.0,0.0,0,0,0,closed,cash,2380.0,0.15,Ce6722bf747
ORD000849,2026-05-04 08:47:44,S07,Daniyal,T2,dine_in,PAS,Pasta,Food,1,1650,1650.0,0.0,0,0,0,closed,cash,2380.0,0.15,Ce6722bf747
ORD000850,2026-05-04 10:35:40,S02,Hamza,T5,dine_in,ICL,Iced Latte,Coffee,1,640,640.0,0.0,0,0,0,closed,wallet,672.0,0.05,C47c5e28c85
ORD000851,2026-05-04 19:14:52,S05,Usman,T14,dine_in,PNC,Pain au Chocolat,Bakery,1,600,600.0,0.0,0,0,0,closed,card,630.0,0.05,Cbf1fa8f7c6
ORD000852,2026-05-05 10:41:55,S03,Bilal,T17,dine_in,CLB,Cold Brew,Coffee,1,680,680.0,0.0,0,0,0,closed,card,1214.0,0.05,C0c61fee798
ORD000852,2026-05-05 10:41:55,S03,Bilal,T17,dine_in,HOT,Hot Chocolate,Coffee,1,560,476.0,84.0,0,0,0,closed,card,1214.0,0.05,C0c61fee798
ORD000853,2026-05-05 19:19:53,S06,Zainab,,takeaway,SAN,Chicken Sandwich,Food,1,1350,1350.0,0.0,0,0,0,closed,wallet,1418.0,0.05,C52886faf9f
ORD000854,2026-05-05 18:30:21,S02,Hamza,,takeaway,LAT,Cafe Latte,Coffee,1,580,580.0,0.0,0,0,0,closed,qr,1218.0,0.05,Cd8138e6b6b
ORD000854,2026-05-05 18:30:21,S02,Hamza,,takeaway,LAT,Cafe Latte,Coffee,1,580,580.0,0.0,0,0,0,closed,qr,1218.0,0.05,Cd8138e6b6b
ORD000855,2026-05-05 15:19:12,S06,Zainab,T14,dine_in,AVT,Avocado Toast,Food,1,1450,1450.0,0.0,0,0,0,closed,card,3255.0,0.05,C3e12d817f0
ORD000855,2026-05-05 15:19:12,S06,Zainab,T14,dine_in,PAS,Pasta,Food,1,1650,1650.0,0.0,0,0,0,closed,card,3255.0,0.05,C3e12d817f0
ORD000856,2026-05-05 14:07:46,S05,Usman,,takeaway,PNC,Pain au Chocolat,Bakery,1,600,600.0,0.0,0,0,0,closed,card,630.0,0.05,Cc3ebed86c0
ORD000857,2026-05-05 10:34:21,S03,Bilal,T3,dine_in,ESP,Espresso,Coffee,1,420,420.0,0.0,0,0,0,closed,card,2165.0,0.05,Cfb4f94f84b
ORD000857,2026-05-05 10:34:21,S03,Bilal,T3,dine_in,LAT,Cafe Latte,Coffee,1,580,580.0,0.0,0,0,0,closed,card,2165.0,0.05,Cfb4f94f84b
ORD000857,2026-05-05 10:34:21,S03,Bilal,T3,dine_in,SAL,Garden Salad,Food,1,1250,1062.0,188.0,0,0,0,closed,card,2165.0,0.05,Cfb4f94f84b
ORD000858,2026-05-05 10:24:20,S02,Hamza,T4,dine_in,SAN,Chicken Sandwich,Food,1,1350,1350.0,0.0,0,0,0,closed,cash,1552.0,0.15,
ORD000859,2026-05-05 22:13:02,S01,Ayesha,T11,dine_in,LAT,Cafe Latte,Coffee,1,580,580.0,0.0,0,0,0,closed,qr,609.0,0.05,Cac448db569
ORD000860,2026-05-05 14:09:01,S06,Zainab,,takeaway,CRO,Butter Croissant,Bakery,1,520,520.0,0.0,0,0,0,closed,card,546.0,0.05,C281ee183cc
ORD000861,2026-05-05 22:51:31,S02,Hamza,T14,dine_in,SAL,Garden Salad,Food,1,1250,1250.0,0.0,0,0,0,closed,card,2384.0,0.05,C8f113a4739
ORD000861,2026-05-05 22:51:31,S02,Hamza,T14,dine_in,FLW,Flat White,Coffee,1,600,600.0,0.0,0,0,0,closed,card,2384.0,0.05,C8f113a4739
ORD000861,2026-05-05 22:51:31,S02,Hamza,T14,dine_in,ESP,Espresso,Coffee,1,420,420.0,0.0,0,0,0,closed,card,2384.0,0.05,C8f113a4739
ORD000862,2026-05-05 20:01:34,S05,Usman,T16,dine_in,ESP,Espresso,Coffee,1,420,420.0,0.0,0,0,0,closed,cash,483.0,0.15,
ORD000863,2026-05-05 08:45:04,S07,Daniyal,T13,dine_in,CKE,Slice of Cake,Bakery,1,780,780.0,0.0,0,0,0,closed,card,819.0,0.05,Cbf1fa8f7c6
ORD000864,2026-05-05 21:41:44,S02,Hamza,T1,dine_in,ICL,Iced Latte,Coffee,1,640,640.0,0.0,0,0,0,closed,cash,736.0,0.15,
ORD000865,2026-05-05 08:17:23,S05,Usman,T6,dine_in,BFP,Big Breakfast,Food,2,1850,3700.0,0.0,0,0,0,closed,card,6720.0,0.05,Caf351da373
ORD000865,2026-05-05 08:17:23,S05,Usman,T6,dine_in,SAN,Chicken Sandwich,Food,2,1350,2700.0,0.0,0,0,0,closed,card,6720.0,0.05,Caf351da373
ORD000866,2026-05-05 09:28:09,S05,Usman,T14,dine_in,CAP,Cappuccino,Coffee,1,560,560.0,0.0,0,0,0,closed,card,588.0,0.05,C6c349d0093
ORD000867,2026-05-05 16:11:18,S08,Mahnoor,,takeaway,CRO,Butter Croissant,Bakery,1,520,520.0,0.0,0,0,0,closed,wallet,2572.0,0.05,C74caaa80b4
ORD000867,2026-05-05 16:11:18,S08,Mahnoor,,takeaway,AMR,Americano,Coffee,1,480,480.0,0.0,0,0,0,closed,wallet,2572.0,0.05,C74caaa80b4
ORD000867,2026-05-05 16:11:18,S08,Mahnoor,,takeaway,AVT,Avocado Toast,Food,1,1450,1450.0,0.0,0,0,0,closed,wallet,2572.0,0.05,C74caaa80b4
ORD000868,2026-05-05 11:49:17,S01,Ayesha,T2,dine_in,CRO,Butter Croissant,Bakery,1,520,520.0,0.0,0,0,0,closed,cash,598.0,0.15,Ca2da62fdc7
ORD000869,2026-05-05 13:07:45,S04,Sara,T2,dine_in,MAT,Matcha Latte,Coffee,1,720,720.0,0.0,0,0,0,closed,card,756.0,0.05,Ca376152b0e
ORD000870,2026-05-05 20:41:33,S06,Zainab,,takeaway,LAT,Cafe Latte,Coffee,1,580,580.0,0.0,0,0,0,closed,cash,667.0,0.15,
ORD000871,2026-05-05 07:13:04,S06,Zainab,,takeaway,MOC,Mocha,Coffee,1,650,650.0,0.0,0,0,0,closed,card,682.0,0.05,C3e6cbbdd7f
ORD000872,2026-05-05 13:48:09,S08,Mahnoor,,takeaway,MOC,Mocha,Coffee,1,650,650.0,0.0,0,0,0,closed,wallet,1270.0,0.05,Cbd04c088b9
ORD000872,2026-05-05 13:48:09,S08,Mahnoor,,takeaway,CAP,Cappuccino,Coffee,1,560,560.0,0.0,0,0,0,closed,wallet,1270.0,0.05,Cbd04c088b9
ORD000873,2026-05-05 08:26:03,S04,Sara,,takeaway,FLW,Flat White,Coffee,1,600,600.0,0.0,0,0,0,closed,wallet,630.0,0.05,C05c1432a9c
ORD000874,2026-05-05 09:22:52,S08,Mahnoor,T16,dine_in,CAP,Cappuccino,Coffee,1,560,560.0,0.0,0,0,0,closed,card,1334.0,0.05,Ca2c33b664c
ORD000874,2026-05-05 09:22:52,S08,Mahnoor,T16,dine_in,WTR,Bottled Water,Other,1,150,150.0,0.0,0,0,0,closed,card,1334.0,0.05,Ca2c33b664c
ORD000874,2026-05-05 09:22:52,S08,Mahnoor,T16,dine_in,CAP,Cappuccino,Coffee,1,560,560.0,0.0,0,0,0,closed,card,1334.0,0.05,Ca2c33b664c
ORD000875,2026-05-05 19:23:03,S02,Hamza,,takeaway,AVT,Avocado Toast,Food,1,1450,1450.0,0.0,0,0,0,closed,wallet,1522.0,0.05,C13ed41d309
ORD000876,2026-05-05 22:21:42,S08,Mahnoor,,takeaway,MOC,Mocha,Coffee,1,650,650.0,0.0,0,0,0,closed,cash,747.0,0.15,C1f551f4508
ORD000877,2026-05-05 21:26:36,S04,Sara,T5,dine_in,LAT,Cafe Latte,Coffee,1,580,464.0,116.0,0,0,0,closed,cash,1350.0,0.15,
ORD000877,2026-05-05 21:26:36,S04,Sara,T5,dine_in,WTR,Bottled Water,Other,1,150,150.0,0.0,0,0,0,closed,cash,1350.0,0.15,
ORD000877,2026-05-05 21:26:36,S04,Sara,T5,dine_in,CAP,Cappuccino,Coffee,1,560,560.0,0.0,0,0,0,closed,cash,1350.0,0.15,
ORD000878,2026-05-05 19:54:30,S05,Usman,T18,dine_in,FLW,Flat White,Coffee,1,600,600.0,0.0,0,0,0,closed,wallet,1218.0,0.05,C4c460d1d68
ORD000878,2026-05-05 19:54:30,S05,Usman,T18,dine_in,CAP,Cappuccino,Coffee,1,560,560.0,0.0,0,0,0,closed,wallet,1218.0,0.05,C4c460d1d68
ORD000879,2026-05-05 07:27:30,S05,Usman,T17,dine_in,CRO,Butter Croissant,Bakery,1,520,520.0,0.0,0,0,0,closed,card,546.0,0.05,C70fa9d20d2
ORD000880,2026-05-05 14:56:15,S08,Mahnoor,,takeaway,CKE2,Cheesecake,Bakery,1,880,880.0,0.0,0,0,0,closed,qr,924.0,0.05,C0f8251e144
ORD000881,2026-05-05 10:59:42,S02,Hamza,,takeaway,CAP,Cappuccino,Coffee,1,560,476.0,84.0,0,0,0,closed,qr,1172.0,0.05,Cbf1fa8f7c6
ORD000881,2026-05-05 10:59:42,S02,Hamza,,takeaway,ICL,Iced Latte,Coffee,1,640,640.0,0.0,0,0,0,closed,qr,1172.0,0.05,Cbf1fa8f7c6
ORD000882,2026-05-05 15:27:54,S04,Sara,T6,dine_in,AMR,Americano,Coffee,1,480,0.0,0.0,1,0,0,partial_void,card,0.0,0.05,C16e43ce1cc
ORD000883,2026-05-05 11:59:50,S03,Bilal,,takeaway,SAN,Chicken Sandwich,Food,1,1350,1350.0,0.0,0,0,0,closed,card,1418.0,0.05,C77ae45bf0e
ORD000884,2026-05-05 08:57:19,S06,Zainab,T3,dine_in,AVT,Avocado Toast,Food,1,1450,1450.0,0.0,0,0,0,closed,qr,7140.0,0.05,C48a1bf56dd
ORD000884,2026-05-05 08:57:19,S06,Zainab,T3,dine_in,PAS,Pasta,Food,1,1650,1650.0,0.0,0,0,0,closed,qr,7140.0,0.05,C48a1bf56dd
ORD000884,2026-05-05 08:57:19,S06,Zainab,T3,dine_in,BFP,Big Breakfast,Food,2,1850,3700.0,0.0,0,0,0,closed,qr,7140.0,0.05,C48a1bf56dd
ORD000885,2026-05-05 11:44:18,S01,Ayesha,T11,dine_in,MOC,Mocha,Coffee,1,650,650.0,0.0,0,0,0,closed,cash,1483.0,0.15,
ORD000885,2026-05-05 11:44:18,S01,Ayesha,T11,dine_in,ICL,Iced Latte,Coffee,1,640,640.0,0.0,0,0,0,closed,cash,1483.0,0.15,
ORD000886,2026-05-05 12:13:15,S08,Mahnoor,T5,dine_in,WTR,Bottled Water,Other,1,150,150.0,0.0,0,0,0,closed,card,158.0,0.05,Ccc55e927ed
ORD000887,2026-05-05 12:37:15,S08,Mahnoor,T4,dine_in,CRO,Butter Croissant,Bakery,1,520,520.0,0.0,0,0,0,closed,qr,1858.0,0.05,C3e12d817f0
ORD000887,2026-05-05 12:37:15,S08,Mahnoor,T4,dine_in,SAL,Garden Salad,Food,1,1250,1250.0,0.0,0,0,0,closed,qr,1858.0,0.05,C3e12d817f0
ORD000888,2026-05-05 19:24:11,S08,Mahnoor,T13,dine_in,FLW,Flat White,Coffee,1,600,600.0,0.0,0,0,0,closed,wallet,630.0,0.05,C5bb5d61cad
ORD000889,2026-05-05 21:00:55,S03,Bilal,,takeaway,CAP,Cappuccino,Coffee,1,560,560.0,0.0,0,0,0,closed,cash,3208.0,0.15,
ORD000889,2026-05-05 21:00:55,S03,Bilal,,takeaway,PAS,Pasta,Food,1,1650,1650.0,0.0,0,0,0,closed,cash,3208.0,0.15,
ORD000889,2026-05-05 21:00:55,S03,Bilal,,takeaway,LAT,Cafe Latte,Coffee,1,580,580.0,0.0,0,0,0,closed,cash,3208.0,0.15,
ORD000890,2026-05-05 10:49:52,S04,Sara,T11,dine_in,LAT,Cafe Latte,Coffee,1,580,580.0,0.0,0,0,0,closed,cash,1414.0,0.15,
ORD000890,2026-05-05 10:49:52,S04,Sara,T11,dine_in,MOC,Mocha,Coffee,1,650,650.0,0.0,0,0,0,closed,cash,1414.0,0.15,
ORD000891,2026-05-05 09:34:48,S08,Mahnoor,T11,dine_in,BFP,Big Breakfast,Food,1,1850,1850.0,0.0,0,0,0,closed,card,1942.0,0.05,C1ad98eb08f
ORD000892,2026-05-05 21:28:16,S05,Usman,,takeaway,LAT,Cafe Latte,Coffee,1,580,0.0,87.0,1,1,0,partial_void,wallet,1365.0,0.05,C5d7adfbbf3
ORD000892,2026-05-05 21:28:16,S05,Usman,,takeaway,LAT,Cafe Latte,Coffee,1,580,580.0,0.0,0,0,0,partial_void,wallet,1365.0,0.05,C5d7adfbbf3
ORD000892,2026-05-05 21:28:16,S05,Usman,,takeaway,MAT,Matcha Latte,Coffee,1,720,720.0,0.0,0,0,0,partial_void,wallet,1365.0,0.05,C5d7adfbbf3
ORD000893,2026-05-05 19:49:38,S01,Ayesha,T7,dine_in,SAN,Chicken Sandwich,Food,1,1350,1350.0,0.0,0,0,0,closed,cash,2990.0,0.15,
ORD000893,2026-05-05 19:49:38,S01,Ayesha,T7,dine_in,SAL,Garden Salad,Food,1,1250,1250.0,0.0,0,0,0,closed,cash,2990.0,0.15,
ORD000894,2026-05-05 11:08:59,S05,Usman,T10,dine_in,LAT,Cafe Latte,Coffee,1,580,580.0,0.0,0,0,0,closed,cash,1311.0,0.15,
ORD000894,2026-05-05 11:08:59,S05,Usman,T10,dine_in,CAP,Cappuccino,Coffee,1,560,560.0,0.0,0,0,0,closed,cash,1311.0,0.15,
ORD000894,2026-05-05 11:08:59,S05,Usman,T10,dine_in,CAP,Cappuccino,Coffee,1,560,0.0,0.0,1,1,0,partial_void,cash,1311.0,0.15,
ORD000895,2026-05-05 19:11:07,S08,Mahnoor,T17,dine_in,ICL,Iced Latte,Coffee,1,640,640.0,0.0,0,0,0,closed,wallet,672.0,0.05,C591116544b
ORD000896,2026-05-05 08:24:51,S04,Sara,T9,dine_in,WTR,Bottled Water,Other,1,150,150.0,0.0,0,0,0,closed,cash,1840.0,0.15,
ORD000896,2026-05-05 08:24:51,S04,Sara,T9,dine_in,AVT,Avocado Toast,Food,1,1450,1450.0,0.0,0,0,0,closed,cash,1840.0,0.15,
ORD000897,2026-05-05 19:01:21,S07,Daniyal,,takeaway,CLB,Cold Brew,Coffee,1,680,680.0,0.0,0,0,0,closed,cash,1426.0,0.15,
ORD000897,2026-05-05 19:01:21,S07,Daniyal,,takeaway,CAP,Cappuccino,Coffee,1,560,560.0,0.0,0,0,0,closed,cash,1426.0,0.15,
ORD000898,2026-05-05 20:35:49,S08,Mahnoor,T12,dine_in,HOT,Hot Chocolate,Coffee,1,560,448.0,112.0,0,0,0,closed,card,470.0,0.05,C58cf770e72
ORD000899,2026-05-05 11:20:55,S08,Mahnoor,T4,dine_in,CAP,Cappuccino,Coffee,1,560,560.0,0.0,0,0,0,closed,cash,644.0,0.15,
ORD000900,2026-05-05 13:51:02,S06,Zainab,T18,dine_in,IMP,Imported Soda,Other,1,480,480.0,0.0,0,0,0,closed,wallet,504.0,0.05,C6b051e9554
ORD000901,2026-05-05 18:17:21,S07,Daniyal,,takeaway,FLW,Flat White,Coffee,1,600,510.0,90.0,0,0,0,closed,qr,536.0,0.05,C96285ec529
ORD000902,2026-05-05 17:23:07,S02,Hamza,,takeaway,LAT,Cafe Latte,Coffee,1,580,580.0,0.0,0,0,0,closed,wallet,609.0,0.05,Ccc55e927ed
ORD000903,2026-05-05 17:51:45,S05,Usman,,takeaway,PAS,Pasta,Food,1,1650,1650.0,0.0,0,0,0,closed,cash,1897.0,0.15,Ca77d93ef85
ORD000904,2026-05-05 07:06:57,S08,Mahnoor,T12,dine_in,LAT,Cafe Latte,Coffee,1,580,580.0,0.0,0,0,0,closed,cash,2024.0,0.15,C19d751a040
ORD000904,2026-05-05 07:06:57,S08,Mahnoor,T12,dine_in,FLW,Flat White,Coffee,1,600,600.0,0.0,0,0,0,closed,cash,2024.0,0.15,C19d751a040
ORD000904,2026-05-05 07:06:57,S08,Mahnoor,T12,dine_in,LAT,Cafe Latte,Coffee,1,580,580.0,0.0,0,0,0,closed,cash,2024.0,0.15,C19d751a040
ORD000905,2026-05-05 18:26:00,S05,Usman,T7,dine_in,LAT,Cafe Latte,Coffee,1,580,580.0,0.0,0,0,0,closed,cash,1495.0,0.15,Cd8138e6b6b
ORD000905,2026-05-05 18:26:00,S05,Usman,T7,dine_in,MAT,Matcha Latte,Coffee,1,720,720.0,0.0,0,0,0,closed,cash,1495.0,0.15,Cd8138e6b6b
ORD000906,2026-05-05 17:45:26,S05,Usman,,takeaway,LAT,Cafe Latte,Coffee,1,580,580.0,0.0,0,0,0,closed,cash,667.0,0.15,
ORD000907,2026-05-05 17:42:15,S03,Bilal,,takeaway,CKE,Slice of Cake,Bakery,1,780,780.0,0.0,0,0,0,closed,card,1407.0,0.05,Ca77d93ef85
ORD000907,2026-05-05 17:42:15,S03,Bilal,,takeaway,CAP,Cappuccino,Coffee,1,560,560.0,0.0,0,0,0,closed,card,1407.0,0.05,Ca77d93ef85
ORD000908,2026-05-05 07:21:13,S08,Mahnoor,T4,dine_in,MAT,Matcha Latte,Coffee,1,720,720.0,0.0,0,0,0,closed,wallet,756.0,0.05,Cfc5da82ed6
ORD000909,2026-05-05 10:22:12,S04,Sara,T9,dine_in,CAP,Cappuccino,Coffee,1,560,560.0,0.0,0,0,0,closed,cash,644.0,0.15,
ORD000910,2026-05-05 14:26:07,S05,Usman,T9,dine_in,MAT,Matcha Latte,Coffee,1,720,720.0,0.0,0,0,0,closed,card,1302.0,0.05,C61fb86ffe3
ORD000910,2026-05-05 14:26:07,S05,Usman,T9,dine_in,CRO,Butter Croissant,Bakery,1,520,520.0,0.0,0,0,0,closed,card,1302.0,0.05,C61fb86ffe3
ORD000911,2026-05-05 11:30:14,S08,Mahnoor,,takeaway,WTR,Bottled Water,Other,1,150,150.0,0.0,0,0,0,closed,card,158.0,0.05,C96285ec529
ORD000912,2026-05-05 09:33:16,S02,Hamza,T17,dine_in,IMP,Imported Soda,Other,1,480,480.0,0.0,0,0,0,closed,wallet,504.0,0.05,Cfc6808fe6f
ORD000913,2026-05-05 08:40:31,S01,Ayesha,T1,dine_in,FLW,Flat White,Coffee,1,600,600.0,0.0,0,0,0,closed,card,630.0,0.05,C78a8a76912
ORD000914,2026-05-05 20:16:44,S05,Usman,T13,dine_in,FLW,Flat White,Coffee,1,600,600.0,0.0,0,0,0,closed,cash,1438.0,0.15,
ORD000914,2026-05-05 20:16:44,S05,Usman,T13,dine_in,MOC,Mocha,Coffee,1,650,650.0,0.0,0,0,0,closed,cash,1438.0,0.15,
ORD000915,2026-05-05 15:14:27,S01,Ayesha,,takeaway,AMR,Americano,Coffee,1,480,480.0,0.0,0,0,0,closed,card,504.0,0.05,C1c78a66d40
ORD000916,2026-05-05 10:45:08,S04,Sara,,takeaway,CRO,Butter Croissant,Bakery,1,520,520.0,0.0,0,0,0,closed,card,546.0,0.05,C17a403a366
ORD000917,2026-05-05 11:05:21,S04,Sara,T3,dine_in,IMP,Imported Soda,Other,1,480,480.0,0.0,0,0,0,closed,wallet,1113.0,0.05,Ce300099a2f
ORD000917,2026-05-05 11:05:21,S04,Sara,T3,dine_in,LAT,Cafe Latte,Coffee,1,580,580.0,0.0,0,0,0,closed,wallet,1113.0,0.05,Ce300099a2f
ORD000918,2026-05-05 11:50:26,S06,Zainab,T17,dine_in,CLB,Cold Brew,Coffee,1,680,680.0,0.0,0,0,0,closed,cash,782.0,0.15,
ORD000919,2026-05-05 17:47:06,S01,Ayesha,,takeaway,CKE2,Cheesecake,Bakery,1,880,880.0,0.0,0,0,0,closed,card,1533.0,0.05,C0633867ad1
ORD000919,2026-05-05 17:47:06,S01,Ayesha,,takeaway,LAT,Cafe Latte,Coffee,1,580,580.0,0.0,0,0,0,closed,card,1533.0,0.05,C0633867ad1
ORD000920,2026-05-05 08:23:40,S05,Usman,,takeaway,CAP,Cappuccino,Coffee,1,560,560.0,0.0,0,0,0,closed,cash,1392.0,0.15,
ORD000920,2026-05-05 08:23:40,S05,Usman,,takeaway,MOC,Mocha,Coffee,1,650,650.0,0.0,0,0,0,closed,cash,1392.0,0.15,
ORD000921,2026-05-05 07:09:26,S02,Hamza,T6,dine_in,MAT,Matcha Latte,Coffee,1,720,720.0,0.0,0,0,0,closed,card,3034.0,0.05,Cae4003d5ae
ORD000921,2026-05-05 07:09:26,S02,Hamza,T6,dine_in,PAS,Pasta,Food,1,1650,1650.0,0.0,0,0,0,closed,card,3034.0,0.05,Cae4003d5ae
ORD000921,2026-05-05 07:09:26,S02,Hamza,T6,dine_in,CRO,Butter Croissant,Bakery,1,520,520.0,0.0,0,0,0,closed,card,3034.0,0.05,Cae4003d5ae
ORD000922,2026-05-05 20:17:20,S05,Usman,T1,dine_in,SAL,Garden Salad,Food,2,1250,2500.0,0.0,0,0,0,closed,card,2625.0,0.05,Cdf0bd6d485
ORD000923,2026-05-05 07:35:30,S07,Daniyal,,takeaway,MAT,Matcha Latte,Coffee,1,720,720.0,0.0,0,0,0,closed,cash,828.0,0.15,
ORD000924,2026-05-05 21:15:34,S02,Hamza,T18,dine_in,CAP,Cappuccino,Coffee,1,560,560.0,0.0,0,0,0,closed,card,588.0,0.05,C19d751a040
ORD000925,2026-05-05 18:44:40,S02,Hamza,T15,dine_in,AVT,Avocado Toast,Food,1,1450,1450.0,0.0,0,0,0,closed,card,1522.0,0.05,C3192fbe6cf
ORD000926,2026-05-05 07:49:01,S01,Ayesha,,takeaway,CRO,Butter Croissant,Bakery,1,520,520.0,0.0,0,0,0,closed,cash,1150.0,0.15,C52cc78336b
ORD000926,2026-05-05 07:49:01,S01,Ayesha,,takeaway,AMR,Americano,Coffee,1,480,480.0,0.0,0,0,0,closed,cash,1150.0,0.15,C52cc78336b
ORD000927,2026-05-05 17:46:09,S06,Zainab,T4,dine_in,LAT,Cafe Latte,Coffee,1,580,580.0,0.0,0,0,0,closed,wallet,1113.0,0.05,C12428ddf53
ORD000927,2026-05-05 17:46:09,S06,Zainab,T4,dine_in,AMR,Americano,Coffee,1,480,480.0,0.0,0,0,0,closed,wallet,1113.0,0.05,C12428ddf53
ORD000928,2026-05-05 08:52:48,S05,Usman,T2,dine_in,ESP,Espresso,Coffee,1,420,0.0,0.0,0,0,1,closed,card,0.0,0.05,C13ed41d309
ORD000929,2026-05-05 08:24:22,S06,Zainab,T17,dine_in,LAT,Cafe Latte,Coffee,1,580,580.0,0.0,0,0,0,closed,card,1197.0,0.05,C0b90585403
ORD000929,2026-05-05 08:24:22,S06,Zainab,T17,dine_in,CAP,Cappuccino,Coffee,1,560,560.0,0.0,0,0,0,closed,card,1197.0,0.05,C0b90585403
ORD000930,2026-05-05 20:46:02,S01,Ayesha,,takeaway,CRO,Butter Croissant,Bakery,1,520,520.0,0.0,0,0,0,closed,card,1218.0,0.05,Cfc5da82ed6
ORD000930,2026-05-05 20:46:02,S01,Ayesha,,takeaway,ICL,Iced Latte,Coffee,1,640,640.0,0.0,0,0,0,closed,card,1218.0,0.05,Cfc5da82ed6
ORD000931,2026-05-05 14:04:03,S05,Usman,,takeaway,CAP,Cappuccino,Coffee,1,560,0.0,0.0,0,0,1,closed,qr,588.0,0.05,C354dcf9111
ORD000931,2026-05-05 14:04:03,S05,Usman,,takeaway,HOT,Hot Chocolate,Coffee,1,560,560.0,0.0,0,0,0,closed,qr,588.0,0.05,C354dcf9111
ORD000932,2026-05-05 10:31:56,S04,Sara,T13,dine_in,CAP,Cappuccino,Coffee,1,560,560.0,0.0,0,0,0,closed,cash,644.0,0.15,Cc7556343c1
ORD000933,2026-05-05 08:33:36,S05,Usman,T6,dine_in,MOC,Mocha,Coffee,1,650,650.0,0.0,0,0,0,closed,card,1606.0,0.05,C2145a16ba7
ORD000933,2026-05-05 08:33:36,S05,Usman,T6,dine_in,CKE2,Cheesecake,Bakery,1,880,880.0,0.0,0,0,0,closed,card,1606.0,0.05,C2145a16ba7
ORD000934,2026-05-05 19:40:24,S03,Bilal,T12,dine_in,AVT,Avocado Toast,Food,1,1450,1450.0,0.0,0,0,0,closed,wallet,1522.0,0.05,Cc42f8d26db
ORD000935,2026-05-05 07:42:05,S08,Mahnoor,T14,dine_in,BFP,Big Breakfast,Food,2,1850,3700.0,0.0,0,0,0,closed,wallet,4557.0,0.05,C3a3a8c18b6
ORD000935,2026-05-05 07:42:05,S08,Mahnoor,T14,dine_in,ICL,Iced Latte,Coffee,1,640,640.0,0.0,0,0,0,closed,wallet,4557.0,0.05,C3a3a8c18b6
ORD000936,2026-05-05 22:46:08,S08,Mahnoor,T2,dine_in,CRO,Butter Croissant,Bakery,1,520,520.0,0.0,0,0,0,closed,cash,598.0,0.15,
ORD000937,2026-05-05 09:12:53,S05,Usman,T4,dine_in,CKE,Slice of Cake,Bakery,1,780,780.0,0.0,0,0,0,closed,cash,897.0,0.15,Ca4c85907e3
ORD000938,2026-05-05 07:38:12,S04,Sara,T7,dine_in,CLB,Cold Brew,Coffee,1,680,612.0,68.0,0,0,0,closed,cash,704.0,0.15,C91b81b727a
ORD000939,2026-05-05 16:31:48,S06,Zainab,,takeaway,CKE,Slice of Cake,Bakery,1,780,702.0,78.0,0,0,0,closed,card,1493.0,0.05,C2cb9488682
ORD000939,2026-05-05 16:31:48,S06,Zainab,,takeaway,MAT,Matcha Latte,Coffee,1,720,720.0,0.0,0,0,0,closed,card,1493.0,0.05,C2cb9488682
ORD000940,2026-05-05 13:08:53,S01,Ayesha,T13,dine_in,FLW,Flat White,Coffee,1,600,600.0,0.0,0,0,0,closed,card,630.0,0.05,Cb605dd63c7
ORD000941,2026-05-05 11:56:39,S04,Sara,T12,dine_in,BFP,Big Breakfast,Food,1,1850,1850.0,0.0,0,0,0,closed,card,3360.0,0.05,Ca2c33b664c
ORD000941,2026-05-05 11:56:39,S04,Sara,T12,dine_in,SAN,Chicken Sandwich,Food,1,1350,1350.0,0.0,0,0,0,closed,card,3360.0,0.05,Ca2c33b664c
ORD000942,2026-05-05 10:12:10,S03,Bilal,,takeaway,CLB,Cold Brew,Coffee,1,680,680.0,0.0,0,0,0,closed,cash,782.0,0.15,
ORD000943,2026-05-05 22:08:33,S07,Daniyal,,takeaway,FLW,Flat White,Coffee,1,600,600.0,0.0,0,0,0,closed,card,1168.0,0.05,Cf4895fd9dd
ORD000943,2026-05-05 22:08:33,S07,Daniyal,,takeaway,ICL,Iced Latte,Coffee,1,640,512.0,128.0,0,0,0,closed,card,1168.0,0.05,Cf4895fd9dd
ORD000944,2026-05-05 11:02:12,S01,Ayesha,T7,dine_in,BFP,Big Breakfast,Food,1,1850,1850.0,0.0,0,0,0,closed,cash,3795.0,0.15,
ORD000944,2026-05-05 11:02:12,S01,Ayesha,T7,dine_in,AVT,Avocado Toast,Food,1,1450,1450.0,0.0,0,0,0,closed,cash,3795.0,0.15,
ORD000945,2026-05-05 11:52:27,S03,Bilal,T4,dine_in,HOT,Hot Chocolate,Coffee,1,560,560.0,0.0,0,0,0,closed,cash,644.0,0.15,
ORD000946,2026-05-05 19:47:02,S02,Hamza,T18,dine_in,FLW,Flat White,Coffee,1,600,600.0,0.0,0,0,0,closed,card,1239.0,0.05,C3d3ed875c0
ORD000946,2026-05-05 19:47:02,S02,Hamza,T18,dine_in,LAT,Cafe Latte,Coffee,1,580,580.0,0.0,0,0,0,closed,card,1239.0,0.05,C3d3ed875c0
ORD000947,2026-05-05 17:03:06,S06,Zainab,T1,dine_in,AMR,Americano,Coffee,1,480,480.0,0.0,0,0,0,closed,cash,1242.0,0.15,C6a2e726cff
ORD000947,2026-05-05 17:03:06,S06,Zainab,T1,dine_in,FLW,Flat White,Coffee,1,600,600.0,0.0,0,0,0,closed,cash,1242.0,0.15,C6a2e726cff
ORD000948,2026-05-05 13:45:36,S07,Daniyal,,takeaway,FLW,Flat White,Coffee,1,600,600.0,0.0,0,0,0,closed,cash,1518.0,0.15,
ORD000948,2026-05-05 13:45:36,S07,Daniyal,,takeaway,MAT,Matcha Latte,Coffee,1,720,720.0,0.0,0,0,0,closed,cash,1518.0,0.15,
ORD000949,2026-05-05 19:09:34,S06,Zainab,T8,dine_in,ICL,Iced Latte,Coffee,1,640,640.0,0.0,0,0,0,closed,card,672.0,0.05,C75ad011d53
ORD000950,2026-05-05 08:56:12,S02,Hamza,T8,dine_in,HOT,Hot Chocolate,Coffee,1,560,560.0,0.0,0,0,0,closed,card,588.0,0.05,C25fde7e354
ORD000951,2026-05-05 22:09:25,S02,Hamza,T14,dine_in,LAT,Cafe Latte,Coffee,1,580,580.0,0.0,0,0,0,closed,qr,609.0,0.05,C58cf770e72
ORD000952,2026-05-05 15:42:42,S06,Zainab,,takeaway,AVT,Avocado Toast,Food,1,1450,1450.0,0.0,0,0,0,closed,wallet,3098.0,0.05,C0882deb692
ORD000952,2026-05-05 15:42:42,S06,Zainab,,takeaway,SAN,Chicken Sandwich,Food,1,1350,1350.0,0.0,0,0,0,closed,wallet,3098.0,0.05,C0882deb692
ORD000952,2026-05-05 15:42:42,S06,Zainab,,takeaway,WTR,Bottled Water,Other,1,150,150.0,0.0,0,0,0,closed,wallet,3098.0,0.05,C0882deb692
ORD000953,2026-05-05 09:34:43,S03,Bilal,T9,dine_in,CLB,Cold Brew,Coffee,1,680,0.0,68.0,0,0,1,closed,card,0.0,0.05,C73389a1c70
ORD000954,2026-05-05 12:06:43,S03,Bilal,,takeaway,AVT,Avocado Toast,Food,1,1450,1450.0,0.0,0,0,0,closed,wallet,2680.0,0.05,Cf7a6863213
ORD000954,2026-05-05 12:06:43,S03,Bilal,,takeaway,LAT,Cafe Latte,Coffee,1,580,580.0,0.0,0,0,0,closed,wallet,2680.0,0.05,Cf7a6863213
ORD000954,2026-05-05 12:06:43,S03,Bilal,,takeaway,LAT,Cafe Latte,Coffee,1,580,522.0,58.0,0,0,0,closed,wallet,2680.0,0.05,Cf7a6863213
ORD000955,2026-05-05 17:00:42,S07,Daniyal,T13,dine_in,MOC,Mocha,Coffee,1,650,650.0,0.0,0,0,0,closed,card,1796.0,0.05,C033079de2c
ORD000955,2026-05-05 17:00:42,S07,Daniyal,T13,dine_in,LAT,Cafe Latte,Coffee,1,580,580.0,0.0,0,0,0,closed,card,1796.0,0.05,C033079de2c
ORD000955,2026-05-05 17:00:42,S07,Daniyal,T13,dine_in,AMR,Americano,Coffee,1,480,480.0,0.0,0,0,0,closed,card,1796.0,0.05,C033079de2c
ORD000956,2026-05-06 07:54:47,S06,Zainab,T14,dine_in,CRO,Butter Croissant,Bakery,1,520,520.0,0.0,0,0,0,closed,wallet,546.0,0.05,C6034b52f9e
ORD000957,2026-05-06 18:40:17,S05,Usman,T16,dine_in,AMR,Americano,Coffee,1,480,480.0,0.0,0,0,0,closed,cash,552.0,0.15,
ORD000958,2026-05-06 20:42:08,S03,Bilal,T18,dine_in,BFP,Big Breakfast,Food,2,1850,3700.0,0.0,0,0,0,closed,wallet,3885.0,0.05,C9a8479a5d0
ORD000958,2026-05-06 20:42:08,S03,Bilal,T18,dine_in,SAL,Garden Salad,Food,1,1250,0.0,0.0,0,0,1,closed,wallet,3885.0,0.05,C9a8479a5d0
ORD000959,2026-05-06 22:04:12,S04,Sara,T8,dine_in,SAL,Garden Salad,Food,1,1250,1250.0,0.0,0,0,0,closed,card,1312.0,0.05,C4d4f7e93b0
ORD000960,2026-05-06 22:00:13,S03,Bilal,,takeaway,AVT,Avocado Toast,Food,1,1450,1450.0,0.0,0,0,0,closed,card,1522.0,0.05,C0b90585403
ORD000961,2026-05-06 13:22:24,S02,Hamza,T15,dine_in,CRO,Butter Croissant,Bakery,1,520,520.0,0.0,0,0,0,closed,card,546.0,0.05,C75ad011d53
ORD000962,2026-05-06 10:18:32,S01,Ayesha,,takeaway,LAT,Cafe Latte,Coffee,1,580,580.0,0.0,0,0,0,closed,card,609.0,0.05,Cd923cf20c8
ORD000963,2026-05-06 08:57:29,S08,Mahnoor,,takeaway,CRO,Butter Croissant,Bakery,1,520,520.0,0.0,0,0,0,closed,card,2278.0,0.05,Ca376152b0e
ORD000963,2026-05-06 08:57:29,S08,Mahnoor,,takeaway,PAS,Pasta,Food,1,1650,1650.0,0.0,0,0,0,closed,card,2278.0,0.05,Ca376152b0e
ORD000964,2026-05-06 09:47:53,S08,Mahnoor,,takeaway,SAN,Chicken Sandwich,Food,1,1350,1350.0,0.0,0,0,0,closed,cash,2220.0,0.15,
ORD000964,2026-05-06 09:47:53,S08,Mahnoor,,takeaway,LAT,Cafe Latte,Coffee,1,580,580.0,0.0,0,0,0,closed,cash,2220.0,0.15,
ORD000965,2026-05-06 13:48:28,S01,Ayesha,T18,dine_in,WTR,Bottled Water,Other,1,150,150.0,0.0,0,0,0,closed,cash,954.0,0.15,
ORD000965,2026-05-06 13:48:28,S01,Ayesha,T18,dine_in,CLB,Cold Brew,Coffee,1,680,680.0,0.0,0,0,0,closed,cash,954.0,0.15,
ORD000966,2026-05-06 07:23:48,S01,Ayesha,T5,dine_in,FLW,Flat White,Coffee,1,600,600.0,0.0,0,0,0,closed,card,630.0,0.05,Ce160fde50d
ORD000967,2026-05-06 19:00:49,S06,Zainab,T15,dine_in,CKE2,Cheesecake,Bakery,1,880,880.0,0.0,0,0,0,closed,qr,1680.0,0.05,Cd3bd3b7078
ORD000967,2026-05-06 19:00:49,S06,Zainab,T15,dine_in,MAT,Matcha Latte,Coffee,1,720,720.0,0.0,0,0,0,closed,qr,1680.0,0.05,Cd3bd3b7078
ORD000968,2026-05-06 17:35:37,S05,Usman,T18,dine_in,CAP,Cappuccino,Coffee,1,560,560.0,0.0,0,0,0,closed,card,3318.0,0.05,Cd6d385c74a
ORD000968,2026-05-06 17:35:37,S05,Usman,T18,dine_in,SAL,Garden Salad,Food,1,1250,1250.0,0.0,0,0,0,closed,card,3318.0,0.05,Cd6d385c74a
ORD000968,2026-05-06 17:35:37,S05,Usman,T18,dine_in,SAN,Chicken Sandwich,Food,1,1350,1350.0,0.0,0,0,0,closed,card,3318.0,0.05,Cd6d385c74a
ORD000969,2026-05-06 09:54:47,S02,Hamza,,takeaway,IMP,Imported Soda,Other,1,480,480.0,0.0,0,0,0,closed,card,504.0,0.05,Cae4003d5ae
ORD000970,2026-05-06 08:15:57,S07,Daniyal,T16,dine_in,SAL,Garden Salad,Food,1,1250,1250.0,0.0,0,0,0,closed,card,1312.0,0.05,C3b6e1c2740
ORD000971,2026-05-06 20:31:39,S08,Mahnoor,T5,dine_in,CKE,Slice of Cake,Bakery,1,780,780.0,0.0,0,0,0,closed,wallet,819.0,0.05,Cbadc3c1862
ORD000972,2026-05-06 15:47:02,S06,Zainab,,takeaway,LAT,Cafe Latte,Coffee,1,580,580.0,0.0,0,0,0,closed,card,1113.0,0.05,C7436cf171c
ORD000972,2026-05-06 15:47:02,S06,Zainab,,takeaway,AMR,Americano,Coffee,1,480,480.0,0.0,0,0,0,closed,card,1113.0,0.05,C7436cf171c
ORD000973,2026-05-06 16:29:36,S01,Ayesha,T4,dine_in,FLW,Flat White,Coffee,1,600,600.0,0.0,0,0,0,closed,card,1312.0,0.05,C200e9ac2ad
ORD000973,2026-05-06 16:29:36,S01,Ayesha,T4,dine_in,MOC,Mocha,Coffee,1,650,650.0,0.0,0,0,0,closed,card,1312.0,0.05,C200e9ac2ad
ORD000974,2026-05-06 19:11:40,S04,Sara,,takeaway,AVT,Avocado Toast,Food,1,1450,1450.0,0.0,0,0,0,closed,card,3465.0,0.05,C561850d859
ORD000974,2026-05-06 19:11:40,S04,Sara,,takeaway,BFP,Big Breakfast,Food,1,1850,1850.0,0.0,0,0,0,closed,card,3465.0,0.05,C561850d859
ORD000975,2026-05-06 19:11:34,S06,Zainab,,takeaway,WTR,Bottled Water,Other,1,150,150.0,0.0,0,0,0,closed,qr,158.0,0.05,Cf7a6863213
ORD000976,2026-05-06 19:33:38,S06,Zainab,T17,dine_in,IMP,Imported Soda,Other,1,480,480.0,0.0,0,0,0,closed,card,504.0,0.05,Cd0ad7fb517
ORD000977,2026-05-06 19:01:39,S06,Zainab,,takeaway,LAT,Cafe Latte,Coffee,1,580,580.0,0.0,0,0,0,closed,wallet,609.0,0.05,C17a403a366
ORD000978,2026-05-06 16:04:59,S02,Hamza,,takeaway,CRO,Butter Croissant,Bakery,1,520,442.0,78.0,0,0,0,closed,cash,1175.0,0.15,C033079de2c
ORD000978,2026-05-06 16:04:59,S02,Hamza,,takeaway,LAT,Cafe Latte,Coffee,1,580,580.0,0.0,0,0,0,closed,cash,1175.0,0.15,C033079de2c
ORD000979,2026-05-06 11:13:46,S03,Bilal,T7,dine_in,BFP,Big Breakfast,Food,1,1850,0.0,0.0,0,0,1,closed,wallet,0.0,0.05,C13ed41d309
ORD000980,2026-05-06 18:44:55,S02,Hamza,T3,dine_in,MAT,Matcha Latte,Coffee,1,720,720.0,0.0,0,0,0,closed,card,756.0,0.05,C998fad6fa0
ORD000981,2026-05-06 16:46:53,S03,Bilal,,takeaway,MAT,Matcha Latte,Coffee,1,720,720.0,0.0,0,0,0,closed,card,2174.0,0.05,C84719e966a
ORD000981,2026-05-06 16:46:53,S03,Bilal,,takeaway,SAN,Chicken Sandwich,Food,1,1350,1350.0,0.0,0,0,0,closed,card,2174.0,0.05,C84719e966a
ORD000982,2026-05-06 09:55:49,S07,Daniyal,,takeaway,CAP,Cappuccino,Coffee,1,560,560.0,0.0,0,0,0,closed,cash,644.0,0.15,
ORD000983,2026-05-06 19:34:40,S06,Zainab,,takeaway,AVT,Avocado Toast,Food,1,1450,1450.0,0.0,0,0,0,closed,cash,3220.0,0.15,
ORD000983,2026-05-06 19:34:40,S06,Zainab,,takeaway,SAN,Chicken Sandwich,Food,1,1350,1350.0,0.0,0,0,0,closed,cash,3220.0,0.15,
ORD000984,2026-05-06 07:56:02,S01,Ayesha,T10,dine_in,LAT,Cafe Latte,Coffee,1,580,580.0,0.0,0,0,0,closed,cash,667.0,0.15,Cda98481c48
ORD000985,2026-05-06 09:55:20,S02,Hamza,T11,dine_in,CLB,Cold Brew,Coffee,1,680,680.0,0.0,0,0,0,closed,card,1638.0,0.05,C1173024c92
ORD000985,2026-05-06 09:55:20,S02,Hamza,T11,dine_in,CKE2,Cheesecake,Bakery,1,880,880.0,0.0,0,0,0,closed,card,1638.0,0.05,C1173024c92
ORD000986,2026-05-06 16:31:09,S08,Mahnoor,,takeaway,PAS,Pasta,Food,1,1650,1650.0,0.0,0,0,0,closed,cash,1897.0,0.15,
ORD000987,2026-05-06 18:23:54,S03,Bilal,,takeaway,BFP,Big Breakfast,Food,1,1850,1850.0,0.0,0,0,0,closed,card,1942.0,0.05,Ca33f14fe7f
ORD000988,2026-05-06 07:08:12,S03,Bilal,,takeaway,AMR,Americano,Coffee,1,480,480.0,0.0,0,0,0,closed,cash,1564.0,0.15,
ORD000988,2026-05-06 07:08:12,S03,Bilal,,takeaway,CKE2,Cheesecake,Bakery,1,880,880.0,0.0,0,0,0,closed,cash,1564.0,0.15,
ORD000989,2026-05-06 13:10:49,S08,Mahnoor,T3,dine_in,FLW,Flat White,Coffee,1,600,600.0,0.0,0,0,0,closed,cash,690.0,0.15,Cc8157a5ef0
ORD000990,2026-05-06 12:09:55,S01,Ayesha,T3,dine_in,CLB,Cold Brew,Coffee,1,680,680.0,0.0,0,0,0,closed,cash,2680.0,0.15,
ORD000990,2026-05-06 12:09:55,S01,Ayesha,T3,dine_in,PAS,Pasta,Food,1,1650,1650.0,0.0,0,0,0,closed,cash,2680.0,0.15,
ORD000991,2026-05-06 11:29:43,S04,Sara,T7,dine_in,SAL,Garden Salad,Food,1,1250,1250.0,0.0,0,0,0,closed,qr,2530.0,0.05,Ca29cd51c6b
ORD000991,2026-05-06 11:29:43,S04,Sara,T7,dine_in,FLW,Flat White,Coffee,1,600,600.0,0.0,0,0,0,closed,qr,2530.0,0.05,Ca29cd51c6b
ORD000991,2026-05-06 11:29:43,S04,Sara,T7,dine_in,CAP,Cappuccino,Coffee,1,560,560.0,0.0,0,0,0,closed,qr,2530.0,0.05,Ca29cd51c6b
ORD000992,2026-05-06 18:35:35,S03,Bilal,T6,dine_in,SAN,Chicken Sandwich,Food,1,1350,1350.0,0.0,0,0,0,closed,card,2174.0,0.05,C84719e966a
ORD000992,2026-05-06 18:35:35,S03,Bilal,T6,dine_in,MAT,Matcha Latte,Coffee,1,720,720.0,0.0,0,0,0,closed,card,2174.0,0.05,C84719e966a
ORD000993,2026-05-06 11:51:25,S05,Usman,T1,dine_in,BFP,Big Breakfast,Food,1,1850,1850.0,0.0,0,0,0,closed,cash,2128.0,0.15,
ORD000994,2026-05-06 13:28:00,S03,Bilal,T15,dine_in,CRO,Butter Croissant,Bakery,1,520,520.0,0.0,0,0,0,closed,card,2068.0,0.05,C84719e966a
ORD000994,2026-05-06 13:28:00,S03,Bilal,T15,dine_in,AVT,Avocado Toast,Food,1,1450,1450.0,0.0,0,0,0,closed,card,2068.0,0.05,C84719e966a
ORD000995,2026-05-06 21:08:09,S01,Ayesha,,takeaway,CKE2,Cheesecake,Bakery,1,880,880.0,0.0,0,0,0,closed,wallet,924.0,0.05,C5d90c0fdc3
ORD000996,2026-05-06 07:16:48,S08,Mahnoor,T15,dine_in,FLW,Flat White,Coffee,1,600,600.0,0.0,0,0,0,closed,cash,1357.0,0.15,
ORD000996,2026-05-06 07:16:48,S08,Mahnoor,T15,dine_in,LAT,Cafe Latte,Coffee,1,580,580.0,0.0,0,0,0,closed,cash,1357.0,0.15,
ORD000997,2026-05-06 11:51:53,S01,Ayesha,T9,dine_in,BFP,Big Breakfast,Food,1,1850,1850.0,0.0,0,0,0,closed,qr,3360.0,0.05,C0b90585403
ORD000997,2026-05-06 11:51:53,S01,Ayesha,T9,dine_in,SAN,Chicken Sandwich,Food,1,1350,1350.0,0.0,0,0,0,closed,qr,3360.0,0.05,C0b90585403
ORD000998,2026-05-06 17:49:09,S03,Bilal,,takeaway,ESP,Espresso,Coffee,1,420,420.0,0.0,0,0,0,closed,cash,483.0,0.15,
ORD000999,2026-05-06 18:03:39,S04,Sara,,takeaway,CKE,Slice of Cake,Bakery,1,780,780.0,0.0,0,0,0,closed,cash,897.0,0.15,
ORD001000,2026-05-06 13:09:46,S03,Bilal,T6,dine_in,CLB,Cold Brew,Coffee,1,680,544.0,136.0,0,0,0,closed,card,571.0,0.05,C3a7a2f7c00
ORD001000,2026-05-06 13:09:46,S03,Bilal,T6,dine_in,AVT,Avocado Toast,Food,1,1450,0.0,145.0,0,0,1,closed,card,571.0,0.05,C3a7a2f7c00
ORD001000,2026-05-06 13:09:46,S03,Bilal,T6,dine_in,CAP,Cappuccino,Coffee,1,560,0.0,0.0,0,0,1,closed,card,571.0,0.05,C3a7a2f7c00
ORD001001,2026-05-06 09:42:47,S08,Mahnoor,,takeaway,FLW,Flat White,Coffee,1,600,600.0,0.0,0,0,0,closed,card,630.0,0.05,C30e3532b37
ORD001002,2026-05-06 08:29:41,S05,Usman,,takeaway,CAP,Cappuccino,Coffee,1,560,448.0,112.0,0,0,0,closed,card,470.0,0.05,Cac448db569
ORD001003,2026-05-06 09:55:00,S06,Zainab,,takeaway,BFP,Big Breakfast,Food,1,1850,1850.0,0.0,0,0,0,closed,card,1942.0,0.05,C77ae45bf0e
ORD001004,2026-05-06 11:51:47,S01,Ayesha,,takeaway,AVT,Avocado Toast,Food,1,1450,1450.0,0.0,0,0,0,closed,card,1522.0,0.05,Cd4a1deccf7
ORD001005,2026-05-06 11:17:12,S07,Daniyal,,takeaway,AVT,Avocado Toast,Food,1,1450,1450.0,0.0,0,0,0,closed,cash,1667.0,0.15,
ORD001006,2026-05-06 18:01:09,S08,Mahnoor,,takeaway,LAT,Cafe Latte,Coffee,1,580,580.0,0.0,0,0,0,closed,cash,667.0,0.15,
ORD001007,2026-05-06 07:27:27,S01,Ayesha,T5,dine_in,CAP,Cappuccino,Coffee,1,560,560.0,0.0,0,0,0,closed,card,1596.0,0.05,C23c60fd394
ORD001007,2026-05-06 07:27:27,S01,Ayesha,T5,dine_in,FLW,Flat White,Coffee,1,600,480.0,120.0,0,0,0,closed,card,1596.0,0.05,C23c60fd394
ORD001007,2026-05-06 07:27:27,S01,Ayesha,T5,dine_in,IMP,Imported Soda,Other,1,480,480.0,0.0,0,0,0,closed,card,1596.0,0.05,C23c60fd394
ORD001008,2026-05-06 22:31:36,S08,Mahnoor,T10,dine_in,AVT,Avocado Toast,Food,1,1450,1450.0,0.0,0,0,0,closed,cash,2358.0,0.15,
ORD001008,2026-05-06 22:31:36,S08,Mahnoor,T10,dine_in,FLW,Flat White,Coffee,1,600,600.0,0.0,0,0,0,closed,cash,2358.0,0.15,
ORD001009,2026-05-06 11:07:02,S01,Ayesha,,takeaway,BFP,Big Breakfast,Food,1,1850,1850.0,0.0,0,0,0,closed,wallet,1942.0,0.05,C44fdf11b8b
ORD001010,2026-05-06 07:31:10,S07,Daniyal,T18,dine_in,CLB,Cold Brew,Coffee,1,680,544.0,136.0,0,0,0,closed,card,1159.0,0.05,Cbcf52aba85
ORD001010,2026-05-06 07:31:10,S07,Daniyal,T18,dine_in,CAP,Cappuccino,Coffee,1,560,560.0,0.0,0,0,0,closed,card,1159.0,0.05,Cbcf52aba85
ORD001011,2026-05-06 11:15:03,S08,Mahnoor,,takeaway,MAT,Matcha Latte,Coffee,1,720,720.0,0.0,0,0,0,closed,card,756.0,0.05,C7b023dd3ee
ORD001012,2026-05-06 08:01:01,S07,Daniyal,T18,dine_in,CLB,Cold Brew,Coffee,1,680,680.0,0.0,0,0,0,closed,wallet,714.0,0.05,Cf66ffdf0eb
ORD001013,2026-05-06 08:42:51,S04,Sara,T6,dine_in,SAN,Chicken Sandwich,Food,1,1350,1350.0,0.0,0,0,0,closed,wallet,3864.0,0.05,Cb1bf54d93e
ORD001013,2026-05-06 08:42:51,S04,Sara,T6,dine_in,PAS,Pasta,Food,1,1650,1650.0,0.0,0,0,0,closed,wallet,3864.0,0.05,Cb1bf54d93e
ORD001013,2026-05-06 08:42:51,S04,Sara,T6,dine_in,CLB,Cold Brew,Coffee,1,680,680.0,0.0,0,0,0,closed,wallet,3864.0,0.05,Cb1bf54d93e
ORD001014,2026-05-06 21:48:04,S02,Hamza,T16,dine_in,LAT,Cafe Latte,Coffee,1,580,580.0,0.0,0,0,0,closed,cash,1334.0,0.15,Cf4895fd9dd
ORD001014,2026-05-06 21:48:04,S02,Hamza,T16,dine_in,LAT,Cafe Latte,Coffee,1,580,580.0,0.0,0,0,0,closed,cash,1334.0,0.15,Cf4895fd9dd
ORD001015,2026-05-06 17:20:15,S02,Hamza,T6,dine_in,CRO,Butter Croissant,Bakery,1,520,520.0,0.0,0,0,0,closed,card,546.0,0.05,C7fbe3398f9
ORD001016,2026-05-06 22:40:14,S02,Hamza,T15,dine_in,HOT,Hot Chocolate,Coffee,1,560,560.0,0.0,0,0,0,closed,cash,644.0,0.15,
ORD001017,2026-05-06 08:31:18,S01,Ayesha,T9,dine_in,LAT,Cafe Latte,Coffee,1,580,580.0,0.0,0,0,0,closed,card,609.0,0.05,Cc091a432e4
ORD001018,2026-05-06 16:36:58,S02,Hamza,,takeaway,CLB,Cold Brew,Coffee,1,680,680.0,0.0,0,0,0,closed,cash,782.0,0.15,Cc1603a922e
ORD001019,2026-05-06 13:29:52,S03,Bilal,T14,dine_in,CRO,Butter Croissant,Bakery,1,520,520.0,0.0,0,0,0,closed,card,546.0,0.05,Cbac72cb73a
ORD001019,2026-05-06 13:29:52,S03,Bilal,T14,dine_in,PNC,Pain au Chocolat,Bakery,1,600,0.0,0.0,1,1,0,partial_void,card,546.0,0.05,Cbac72cb73a
ORD001020,2026-05-06 20:57:09,S02,Hamza,T15,dine_in,CRO,Butter Croissant,Bakery,1,520,520.0,0.0,0,0,0,closed,qr,546.0,0.05,C86cb5fa9d6
ORD001021,2026-05-06 17:34:59,S07,Daniyal,,takeaway,IMP,Imported Soda,Other,1,480,480.0,0.0,0,0,0,closed,card,504.0,0.05,C47c5e28c85
ORD001022,2026-05-06 10:32:23,S08,Mahnoor,,takeaway,ICL,Iced Latte,Coffee,1,640,640.0,0.0,0,0,0,closed,cash,736.0,0.15,C27c059f294
ORD001023,2026-05-06 20:36:05,S05,Usman,T3,dine_in,ICL,Iced Latte,Coffee,1,640,640.0,0.0,0,0,0,closed,wallet,672.0,0.05,C649303d260
ORD001024,2026-05-06 18:29:46,S07,Daniyal,T16,dine_in,CAP,Cappuccino,Coffee,1,560,560.0,0.0,0,0,0,closed,cash,644.0,0.15,Cc8157a5ef0
ORD001025,2026-05-06 10:02:31,S04,Sara,T10,dine_in,LAT,Cafe Latte,Coffee,1,580,580.0,0.0,0,0,0,closed,cash,1564.0,0.15,
ORD001025,2026-05-06 10:02:31,S04,Sara,T10,dine_in,CKE,Slice of Cake,Bakery,1,780,780.0,0.0,0,0,0,closed,cash,1564.0,0.15,
ORD001026,2026-05-06 12:40:02,S07,Daniyal,,takeaway,CKE,Slice of Cake,Bakery,1,780,780.0,0.0,0,0,0,closed,card,819.0,0.05,Cd32984532a
ORD001027,2026-05-06 14:04:28,S01,Ayesha,T11,dine_in,LAT,Cafe Latte,Coffee,1,580,0.0,0.0,1,0,0,partial_void,card,546.0,0.05,Cc8157a5ef0
ORD001027,2026-05-06 14:04:28,S01,Ayesha,T11,dine_in,CRO,Butter Croissant,Bakery,1,520,520.0,0.0,0,0,0,partial_void,card,546.0,0.05,Cc8157a5ef0
ORD001028,2026-05-06 13:32:14,S01,Ayesha,,takeaway,WTR,Bottled Water,Other,1,150,150.0,0.0,0,0,0,closed,card,158.0,0.05,Cd1e93a6d3b
ORD001029,2026-05-06 07:05:19,S02,Hamza,T4,dine_in,MOC,Mocha,Coffee,1,650,650.0,0.0,0,0,0,closed,cash,4082.0,0.15,
ORD001029,2026-05-06 07:05:19,S02,Hamza,T4,dine_in,AVT,Avocado Toast,Food,2,1450,2900.0,0.0,0,0,0,closed,cash,4082.0,0.15,
ORD001030,2026-05-06 17:21:11,S04,Sara,T9,dine_in,BFP,Big Breakfast,Food,1,1850,1850.0,0.0,0,0,0,closed,card,1942.0,0.05,Cf1debaccc2
ORD001031,2026-05-06 11:16:07,S02,Hamza,T2,dine_in,HOT,Hot Chocolate,Coffee,1,560,560.0,0.0,0,0,0,closed,wallet,588.0,0.05,C8ce57845d3
ORD001032,2026-05-06 13:04:49,S03,Bilal,,takeaway,AMR,Americano,Coffee,1,480,0.0,0.0,1,1,0,partial_void,cash,0.0,0.15,
ORD001033,2026-05-06 13:09:06,S05,Usman,T9,dine_in,LAT,Cafe Latte,Coffee,1,580,580.0,0.0,0,0,0,closed,cash,667.0,0.15,
ORD001034,2026-05-07 13:34:39,S04,Sara,,takeaway,FLW,Flat White,Coffee,1,600,600.0,0.0,0,0,0,closed,cash,690.0,0.15,
ORD001035,2026-05-07 19:21:37,S05,Usman,,takeaway,CKE,Slice of Cake,Bakery,1,780,624.0,156.0,0,0,0,closed,wallet,1474.0,0.05,Ccc55e927ed
ORD001035,2026-05-07 19:21:37,S05,Usman,,takeaway,CKE,Slice of Cake,Bakery,1,780,780.0,0.0,0,0,0,closed,wallet,1474.0,0.05,Ccc55e927ed
ORD001036,2026-05-07 07:04:30,S02,Hamza,T2,dine_in,BFP,Big Breakfast,Food,1,1850,1850.0,0.0,0,0,0,closed,card,2552.0,0.05,C704cdee453
ORD001036,2026-05-07 07:04:30,S02,Hamza,T2,dine_in,LAT,Cafe Latte,Coffee,1,580,580.0,0.0,0,0,0,closed,card,2552.0,0.05,C704cdee453
ORD001037,2026-05-07 10:00:03,S01,Ayesha,T10,dine_in,AMR,Americano,Coffee,1,480,480.0,0.0,0,0,0,closed,wallet,504.0,0.05,C3baae6f192
ORD001038,2026-05-07 10:27:31,S07,Daniyal,T14,dine_in,FLW,Flat White,Coffee,1,600,600.0,0.0,0,0,0,closed,card,2720.0,0.05,C5d90c0fdc3
ORD001038,2026-05-07 10:27:31,S07,Daniyal,T14,dine_in,SAN,Chicken Sandwich,Food,1,1350,1350.0,0.0,0,0,0,closed,card,2720.0,0.05,C5d90c0fdc3
ORD001038,2026-05-07 10:27:31,S07,Daniyal,T14,dine_in,ICL,Iced Latte,Coffee,1,640,640.0,0.0,0,0,0,closed,card,2720.0,0.05,C5d90c0fdc3
ORD001039,2026-05-07 11:54:50,S06,Zainab,T13,dine_in,CLB,Cold Brew,Coffee,1,680,680.0,0.0,0,0,0,closed,wallet,714.0,0.05,Ce794fc7460
ORD001040,2026-05-07 13:22:14,S01,Ayesha,T14,dine_in,LAT,Cafe Latte,Coffee,1,580,580.0,0.0,0,0,0,closed,card,609.0,0.05,Cb616ef25f5
ORD001041,2026-05-07 13:30:19,S07,Daniyal,T11,dine_in,CAP,Cappuccino,Coffee,1,560,560.0,0.0,0,0,0,closed,cash,644.0,0.15,
ORD001042,2026-05-07 22:34:51,S07,Daniyal,,takeaway,ICL,Iced Latte,Coffee,1,640,640.0,0.0,0,0,0,closed,card,672.0,0.05,Ce300099a2f
ORD001043,2026-05-07 21:12:55,S02,Hamza,T12,dine_in,BFP,Big Breakfast,Food,1,1850,1850.0,0.0,0,0,0,closed,cash,2128.0,0.15,
ORD001044,2026-05-07 10:04:09,S02,Hamza,,takeaway,PAS,Pasta,Food,1,1650,1650.0,0.0,0,0,0,closed,card,2362.0,0.05,C63391bb904
ORD001044,2026-05-07 10:04:09,S02,Hamza,,takeaway,FLW,Flat White,Coffee,1,600,600.0,0.0,0,0,0,closed,card,2362.0,0.05,C63391bb904
ORD001045,2026-05-07 18:23:16,S03,Bilal,T4,dine_in,FLW,Flat White,Coffee,1,600,600.0,0.0,0,0,0,closed,cash,690.0,0.15,
ORD001046,2026-05-07 07:43:27,S05,Usman,T12,dine_in,SAN,Chicken Sandwich,Food,1,1350,1350.0,0.0,0,0,0,closed,card,1922.0,0.05,Ca2da62fdc7
ORD001046,2026-05-07 07:43:27,S05,Usman,T12,dine_in,AMR,Americano,Coffee,1,480,480.0,0.0,0,0,0,closed,card,1922.0,0.05,Ca2da62fdc7
ORD001047,2026-05-07 20:43:39,S02,Hamza,T13,dine_in,PNC,Pain au Chocolat,Bakery,1,600,600.0,0.0,0,0,0,closed,wallet,1218.0,0.05,Cdf99103aeb
ORD001047,2026-05-07 20:43:39,S02,Hamza,T13,dine_in,CAP,Cappuccino,Coffee,1,560,560.0,0.0,0,0,0,closed,wallet,1218.0,0.05,Cdf99103aeb
ORD001048,2026-05-07 19:45:00,S01,Ayesha,,takeaway,LAT,Cafe Latte,Coffee,1,580,580.0,0.0,0,0,0,closed,card,1428.0,0.05,Cbe84616382
ORD001048,2026-05-07 19:45:00,S01,Ayesha,,takeaway,CKE,Slice of Cake,Bakery,1,780,780.0,0.0,0,0,0,closed,card,1428.0,0.05,Cbe84616382
ORD001049,2026-05-07 19:39:57,S04,Sara,T8,dine_in,CKE,Slice of Cake,Bakery,1,780,780.0,0.0,0,0,0,closed,wallet,1953.0,0.05,C6b051e9554
ORD001049,2026-05-07 19:39:57,S04,Sara,T8,dine_in,CRO,Butter Croissant,Bakery,1,520,520.0,0.0,0,0,0,closed,wallet,1953.0,0.05,C6b051e9554
ORD001049,2026-05-07 19:39:57,S04,Sara,T8,dine_in,CAP,Cappuccino,Coffee,1,560,560.0,0.0,0,0,0,closed,wallet,1953.0,0.05,C6b051e9554
ORD001050,2026-05-07 09:16:16,S07,Daniyal,T18,dine_in,ICL,Iced Latte,Coffee,1,640,640.0,0.0,0,0,0,closed,card,1218.0,0.05,C882ffcc387
ORD001050,2026-05-07 09:16:16,S07,Daniyal,T18,dine_in,CRO,Butter Croissant,Bakery,1,520,520.0,0.0,0,0,0,closed,card,1218.0,0.05,C882ffcc387
ORD001051,2026-05-07 19:15:41,S02,Hamza,T15,dine_in,CKE2,Cheesecake,Bakery,1,880,880.0,0.0,0,0,0,closed,qr,2866.0,0.05,Ce6722bf747
ORD001051,2026-05-07 19:15:41,S02,Hamza,T15,dine_in,BFP,Big Breakfast,Food,1,1850,1850.0,0.0,0,0,0,closed,qr,2866.0,0.05,Ce6722bf747
ORD001052,2026-05-07 09:30:37,S03,Bilal,,takeaway,MOC,Mocha,Coffee,1,650,585.0,65.0,0,0,0,closed,card,614.0,0.05,C9a3d5173cd
ORD001053,2026-05-07 15:45:16,S03,Bilal,T7,dine_in,MAT,Matcha Latte,Coffee,1,720,720.0,0.0,0,0,0,closed,wallet,756.0,0.05,C16e43ce1cc
ORD001054,2026-05-07 10:01:25,S03,Bilal,,takeaway,ICL,Iced Latte,Coffee,1,640,512.0,128.0,0,0,0,closed,cash,589.0,0.15,
ORD001055,2026-05-07 07:52:07,S01,Ayesha,T6,dine_in,ICL,Iced Latte,Coffee,1,640,640.0,0.0,0,0,0,closed,wallet,672.0,0.05,C280fc1bab1
ORD001056,2026-05-07 20:45:24,S02,Hamza,T3,dine_in,FLW,Flat White,Coffee,1,600,600.0,0.0,0,0,0,closed,wallet,1942.0,0.05,C0b90585403
ORD001056,2026-05-07 20:45:24,S02,Hamza,T3,dine_in,SAL,Garden Salad,Food,1,1250,1250.0,0.0,0,0,0,closed,wallet,1942.0,0.05,C0b90585403
ORD001057,2026-05-07 10:17:26,S03,Bilal,T10,dine_in,PNC,Pain au Chocolat,Bakery,1,600,540.0,60.0,0,0,0,closed,cash,621.0,0.15,
ORD001058,2026-05-07 10:58:11,S01,Ayesha,T9,dine_in,SAN,Chicken Sandwich,Food,1,1350,1350.0,0.0,0,0,0,closed,qr,1418.0,0.05,Ca23206ca1a
ORD001059,2026-05-07 20:27:17,S02,Hamza,T13,dine_in,CKE,Slice of Cake,Bakery,1,780,0.0,0.0,1,0,0,partial_void,qr,1732.0,0.05,C1771e35d2c
ORD001059,2026-05-07 20:27:17,S02,Hamza,T13,dine_in,PAS,Pasta,Food,1,1650,1650.0,0.0,0,0,0,partial_void,qr,1732.0,0.05,C1771e35d2c
ORD001060,2026-05-07 10:02:33,S01,Ayesha,T18,dine_in,HOT,Hot Chocolate,Coffee,1,560,560.0,0.0,0,0,0,closed,wallet,588.0,0.05,Cae4003d5ae
ORD001061,2026-05-07 12:38:29,S01,Ayesha,T18,dine_in,HOT,Hot Chocolate,Coffee,1,560,560.0,0.0,0,0,0,closed,cash,1552.0,0.15,
ORD001061,2026-05-07 12:38:29,S01,Ayesha,T18,dine_in,ICL,Iced Latte,Coffee,1,640,640.0,0.0,0,0,0,closed,cash,1552.0,0.15,
ORD001061,2026-05-07 12:38:29,S01,Ayesha,T18,dine_in,WTR,Bottled Water,Other,1,150,150.0,0.0,0,0,0,closed,cash,1552.0,0.15,
ORD001062,2026-05-07 12:01:44,S04,Sara,T3,dine_in,CLB,Cold Brew,Coffee,1,680,680.0,0.0,0,0,0,closed,card,1974.0,0.05,Ca24b1f13a9
ORD001062,2026-05-07 12:01:44,S04,Sara,T3,dine_in,IMP,Imported Soda,Other,1,480,480.0,0.0,0,0,0,closed,card,1974.0,0.05,Ca24b1f13a9
ORD001062,2026-05-07 12:01:44,S04,Sara,T3,dine_in,MAT,Matcha Latte,Coffee,1,720,720.0,0.0,0,0,0,closed,card,1974.0,0.05,Ca24b1f13a9
ORD001063,2026-05-07 21:50:29,S06,Zainab,T11,dine_in,CKE,Slice of Cake,Bakery,1,780,780.0,0.0,0,0,0,closed,qr,819.0,0.05,C96285ec529
ORD001064,2026-05-07 14:06:34,S03,Bilal,T13,dine_in,CRO,Butter Croissant,Bakery,1,520,0.0,0.0,1,1,0,partial_void,qr,0.0,0.05,C8f113a4739
ORD001065,2026-05-07 19:46:46,S06,Zainab,T5,dine_in,ICL,Iced Latte,Coffee,1,640,640.0,0.0,0,0,0,closed,card,672.0,0.05,C7436cf171c
ORD001066,2026-05-07 08:08:54,S06,Zainab,T1,dine_in,LAT,Cafe Latte,Coffee,1,580,580.0,0.0,0,0,0,closed,cash,1564.0,0.15,Cfa9ed99aee
ORD001066,2026-05-07 08:08:54,S06,Zainab,T1,dine_in,CKE,Slice of Cake,Bakery,1,780,780.0,0.0,0,0,0,closed,cash,1564.0,0.15,Cfa9ed99aee
ORD001067,2026-05-07 18:32:10,S06,Zainab,,takeaway,MAT,Matcha Latte,Coffee,1,720,720.0,0.0,0,0,0,closed,wallet,756.0,0.05,Cd923cf20c8
ORD001068,2026-05-07 20:15:05,S03,Bilal,,takeaway,BFP,Big Breakfast,Food,1,1850,1850.0,0.0,0,0,0,closed,card,3297.0,0.05,Ca90966ae34
ORD001068,2026-05-07 20:15:05,S03,Bilal,,takeaway,MOC,Mocha,Coffee,1,650,650.0,0.0,0,0,0,closed,card,3297.0,0.05,Ca90966ae34
ORD001068,2026-05-07 20:15:05,S03,Bilal,,takeaway,ICL,Iced Latte,Coffee,1,640,640.0,0.0,0,0,0,closed,card,3297.0,0.05,Ca90966ae34
ORD001069,2026-05-07 17:52:42,S02,Hamza,T14,dine_in,IMP,Imported Soda,Other,1,480,480.0,0.0,0,0,0,closed,card,504.0,0.05,Cbbde7dd4bd
ORD001070,2026-05-07 07:02:29,S02,Hamza,,takeaway,ICL,Iced Latte,Coffee,1,640,640.0,0.0,0,0,0,closed,cash,736.0,0.15,
ORD001071,2026-05-07 19:35:45,S06,Zainab,,takeaway,ICL,Iced Latte,Coffee,1,640,640.0,0.0,0,0,0,closed,card,1218.0,0.05,C9aa38fbd9a
ORD001071,2026-05-07 19:35:45,S06,Zainab,,takeaway,CRO,Butter Croissant,Bakery,1,520,520.0,0.0,0,0,0,closed,card,1218.0,0.05,C9aa38fbd9a
ORD001072,2026-05-07 20:53:46,S02,Hamza,,takeaway,LAT,Cafe Latte,Coffee,1,580,580.0,0.0,0,0,0,closed,wallet,1900.0,0.05,Ca2da62fdc7
ORD001072,2026-05-07 20:53:46,S02,Hamza,,takeaway,FLW,Flat White,Coffee,1,600,510.0,90.0,0,0,0,closed,wallet,1900.0,0.05,Ca2da62fdc7
ORD001072,2026-05-07 20:53:46,S02,Hamza,,takeaway,MAT,Matcha Latte,Coffee,1,720,720.0,0.0,0,0,0,closed,wallet,1900.0,0.05,Ca2da62fdc7
ORD001073,2026-05-07 10:57:18,S04,Sara,,takeaway,AVT,Avocado Toast,Food,1,1450,1450.0,0.0,0,0,0,closed,wallet,1522.0,0.05,Cd62f08e9cf
ORD001074,2026-05-07 09:34:27,S01,Ayesha,,takeaway,CKE,Slice of Cake,Bakery,1,780,780.0,0.0,0,0,0,closed,cash,897.0,0.15,
ORD001075,2026-05-07 09:11:20,S04,Sara,T10,dine_in,BFP,Big Breakfast,Food,2,1850,3700.0,0.0,0,0,0,closed,cash,4255.0,0.15,Cf7a6863213
ORD001076,2026-05-07 11:23:25,S03,Bilal,T6,dine_in,FLW,Flat White,Coffee,1,600,0.0,0.0,0,0,1,closed,cash,1150.0,0.15,Cf7a6863213
ORD001076,2026-05-07 11:23:25,S03,Bilal,T6,dine_in,AMR,Americano,Coffee,1,480,480.0,0.0,0,0,0,closed,cash,1150.0,0.15,Cf7a6863213
ORD001076,2026-05-07 11:23:25,S03,Bilal,T6,dine_in,CRO,Butter Croissant,Bakery,1,520,520.0,0.0,0,0,0,closed,cash,1150.0,0.15,Cf7a6863213
ORD001077,2026-05-07 15:06:38,S01,Ayesha,T10,dine_in,CKE,Slice of Cake,Bakery,1,780,780.0,0.0,0,0,0,closed,cash,897.0,0.15,
ORD001078,2026-05-07 18:20:52,S05,Usman,,takeaway,PNC,Pain au Chocolat,Bakery,1,600,600.0,0.0,0,0,0,closed,card,2972.0,0.05,Ca376152b0e
ORD001078,2026-05-07 18:20:52,S05,Usman,,takeaway,LAT,Cafe Latte,Coffee,1,580,580.0,0.0,0,0,0,closed,card,2972.0,0.05,Ca376152b0e
ORD001078,2026-05-07 18:20:52,S05,Usman,,takeaway,PAS,Pasta,Food,1,1650,1650.0,0.0,0,0,0,closed,card,2972.0,0.05,Ca376152b0e
ORD001079,2026-05-07 13:59:11,S06,Zainab,,takeaway,CRO,Butter Croissant,Bakery,1,520,520.0,0.0,0,0,0,closed,cash,598.0,0.15,
ORD001080,2026-05-07 22:06:48,S08,Mahnoor,,takeaway,FLW,Flat White,Coffee,1,600,600.0,0.0,0,0,0,closed,wallet,630.0,0.05,Cae4003d5ae
ORD001081,2026-05-07 21:03:00,S07,Daniyal,T7,dine_in,PAS,Pasta,Food,1,1650,1650.0,0.0,0,0,0,closed,qr,1732.0,0.05,C03a7195bef
ORD001082,2026-05-07 07:32:39,S05,Usman,T18,dine_in,WTR,Bottled Water,Other,1,150,150.0,0.0,0,0,0,closed,card,1334.0,0.05,C6db89d7c57
ORD001082,2026-05-07 07:32:39,S05,Usman,T18,dine_in,FLW,Flat White,Coffee,1,600,600.0,0.0,0,0,0,closed,card,1334.0,0.05,C6db89d7c57
ORD001082,2026-05-07 07:32:39,S05,Usman,T18,dine_in,CRO,Butter Croissant,Bakery,1,520,520.0,0.0,0,0,0,closed,card,1334.0,0.05,C6db89d7c57
ORD001083,2026-05-07 07:26:31,S01,Ayesha,,takeaway,BFP,Big Breakfast,Food,1,1850,1850.0,0.0,0,0,0,closed,cash,3507.0,0.15,
ORD001083,2026-05-07 07:26:31,S01,Ayesha,,takeaway,AMR,Americano,Coffee,1,480,480.0,0.0,0,0,0,closed,cash,3507.0,0.15,
ORD001083,2026-05-07 07:26:31,S01,Ayesha,,takeaway,MAT,Matcha Latte,Coffee,1,720,720.0,0.0,0,0,0,closed,cash,3507.0,0.15,
ORD001084,2026-05-07 19:19:37,S06,Zainab,,takeaway,SAN,Chicken Sandwich,Food,1,1350,1350.0,0.0,0,0,0,closed,card,1418.0,0.05,C998fad6fa0
ORD001085,2026-05-07 17:31:13,S07,Daniyal,T5,dine_in,LAT,Cafe Latte,Coffee,1,580,580.0,0.0,0,0,0,closed,wallet,609.0,0.05,Ca4c85907e3
ORD001086,2026-05-07 14:14:50,S04,Sara,T4,dine_in,PNC,Pain au Chocolat,Bakery,1,600,600.0,0.0,0,0,0,closed,card,2362.0,0.05,Cb9b1b808c7
ORD001086,2026-05-07 14:14:50,S04,Sara,T4,dine_in,PAS,Pasta,Food,1,1650,1650.0,0.0,0,0,0,closed,card,2362.0,0.05,Cb9b1b808c7
ORD001087,2026-05-07 07:09:56,S02,Hamza,T13,dine_in,ESP,Espresso,Coffee,1,420,420.0,0.0,0,0,0,closed,cash,2380.0,0.15,
ORD001087,2026-05-07 07:09:56,S02,Hamza,T13,dine_in,PAS,Pasta,Food,1,1650,1650.0,0.0,0,0,0,closed,cash,2380.0,0.15,
ORD001088,2026-05-07 15:54:36,S03,Bilal,T14,dine_in,LAT,Cafe Latte,Coffee,1,580,580.0,0.0,0,0,0,closed,card,1995.0,0.05,C651e9754b8
ORD001088,2026-05-07 15:54:36,S03,Bilal,T14,dine_in,PNC,Pain au Chocolat,Bakery,1,600,0.0,0.0,1,0,0,partial_void,card,1995.0,0.05,C651e9754b8
ORD001088,2026-05-07 15:54:36,S03,Bilal,T14,dine_in,PAS,Pasta,Food,1,1650,1320.0,330.0,0,0,0,partial_void,card,1995.0,0.05,C651e9754b8
ORD001089,2026-05-07 09:53:10,S04,Sara,,takeaway,BFP,Big Breakfast,Food,1,1850,1850.0,0.0,0,0,0,closed,cash,2128.0,0.15,C8f113a4739
ORD001090,2026-05-07 20:46:00,S06,Zainab,T14,dine_in,MOC,Mocha,Coffee,1,650,650.0,0.0,0,0,0,closed,card,682.0,0.05,C25fde7e354
ORD001091,2026-05-07 13:29:44,S08,Mahnoor,T4,dine_in,AVT,Avocado Toast,Food,2,1450,2900.0,0.0,0,0,0,closed,cash,6670.0,0.15,
ORD001091,2026-05-07 13:29:44,S08,Mahnoor,T4,dine_in,AVT,Avocado Toast,Food,2,1450,2900.0,0.0,0,0,0,closed,cash,6670.0,0.15,
ORD001092,2026-05-07 10:57:11,S05,Usman,T10,dine_in,CKE,Slice of Cake,Bakery,1,780,0.0,0.0,0,0,1,closed,wallet,0.0,0.05,C368a74d6b1
ORD001093,2026-05-07 08:39:18,S03,Bilal,,takeaway,AMR,Americano,Coffee,1,480,480.0,0.0,0,0,0,closed,wallet,1544.0,0.05,Cbac72cb73a
ORD001093,2026-05-07 08:39:18,S03,Bilal,,takeaway,AMR,Americano,Coffee,1,480,480.0,0.0,0,0,0,closed,wallet,1544.0,0.05,Cbac72cb73a
ORD001093,2026-05-07 08:39:18,S03,Bilal,,takeaway,FLW,Flat White,Coffee,1,600,510.0,90.0,0,0,0,closed,wallet,1544.0,0.05,Cbac72cb73a
ORD001094,2026-05-07 18:47:40,S01,Ayesha,T7,dine_in,LAT,Cafe Latte,Coffee,1,580,580.0,0.0,0,0,0,closed,qr,1197.0,0.05,C7bfa0588ba
ORD001094,2026-05-07 18:47:40,S01,Ayesha,T7,dine_in,CAP,Cappuccino,Coffee,1,560,560.0,0.0,0,0,0,closed,qr,1197.0,0.05,C7bfa0588ba
ORD001095,2026-05-07 17:57:49,S03,Bilal,T14,dine_in,ESP,Espresso,Coffee,1,420,0.0,0.0,0,0,1,closed,card,0.0,0.05,C17a403a366
ORD001096,2026-05-07 18:59:53,S08,Mahnoor,T12,dine_in,LAT,Cafe Latte,Coffee,1,580,580.0,0.0,0,0,0,closed,cash,2334.0,0.15,
ORD001096,2026-05-07 18:59:53,S08,Mahnoor,T12,dine_in,AVT,Avocado Toast,Food,1,1450,1450.0,0.0,0,0,0,closed,cash,2334.0,0.15,
ORD001097,2026-05-07 09:24:55,S01,Ayesha,,takeaway,IMP,Imported Soda,Other,1,480,432.0,48.0,0,0,0,closed,card,454.0,0.05,Ccc9d16b74f
ORD001098,2026-05-07 17:39:24,S07,Daniyal,T3,dine_in,ESP,Espresso,Coffee,1,420,357.0,63.0,0,0,0,closed,wallet,375.0,0.05,Ccc55e927ed
ORD001099,2026-05-07 20:29:48,S01,Ayesha,T13,dine_in,MOC,Mocha,Coffee,1,650,650.0,0.0,0,0,0,closed,qr,1186.0,0.05,C48db1936bb
ORD001099,2026-05-07 20:29:48,S01,Ayesha,T13,dine_in,AMR,Americano,Coffee,1,480,480.0,0.0,0,0,0,closed,qr,1186.0,0.05,C48db1936bb
ORD001100,2026-05-07 11:43:19,S04,Sara,,takeaway,CRO,Butter Croissant,Bakery,1,520,520.0,0.0,0,0,0,closed,cash,598.0,0.15,
ORD001101,2026-05-07 12:56:53,S02,Hamza,T5,dine_in,BFP,Big Breakfast,Food,1,1850,1850.0,0.0,0,0,0,closed,card,1942.0,0.05,C34ba41a4f5
ORD001102,2026-05-07 07:34:47,S08,Mahnoor,,takeaway,CRO,Butter Croissant,Bakery,1,520,520.0,0.0,0,0,0,closed,cash,598.0,0.15,
ORD001103,2026-05-07 21:42:38,S07,Daniyal,T7,dine_in,CKE,Slice of Cake,Bakery,1,780,780.0,0.0,0,0,0,closed,cash,2139.0,0.15,
ORD001103,2026-05-07 21:42:38,S07,Daniyal,T7,dine_in,IMP,Imported Soda,Other,1,480,480.0,0.0,0,0,0,closed,cash,2139.0,0.15,
ORD001103,2026-05-07 21:42:38,S07,Daniyal,T7,dine_in,FLW,Flat White,Coffee,1,600,600.0,0.0,0,0,0,closed,cash,2139.0,0.15,
ORD001104,2026-05-07 08:04:05,S06,Zainab,,takeaway,CKE,Slice of Cake,Bakery,1,780,780.0,0.0,0,0,0,closed,cash,897.0,0.15,
ORD001105,2026-05-07 22:31:21,S08,Mahnoor,T9,dine_in,FLW,Flat White,Coffee,1,600,600.0,0.0,0,0,0,closed,cash,1529.0,0.15,
ORD001105,2026-05-07 22:31:21,S08,Mahnoor,T9,dine_in,LAT,Cafe Latte,Coffee,1,580,580.0,0.0,0,0,0,closed,cash,1529.0,0.15,
ORD001105,2026-05-07 22:31:21,S08,Mahnoor,T9,dine_in,WTR,Bottled Water,Other,1,150,150.0,0.0,0,0,0,closed,cash,1529.0,0.15,
ORD001106,2026-05-07 12:08:05,S03,Bilal,T12,dine_in,SAL,Garden Salad,Food,2,1250,2500.0,0.0,0,0,0,closed,card,3938.0,0.05,C2fb6233224
ORD001106,2026-05-07 12:08:05,S03,Bilal,T12,dine_in,SAL,Garden Salad,Food,1,1250,1250.0,0.0,0,0,0,closed,card,3938.0,0.05,C2fb6233224
ORD001107,2026-05-07 15:19:54,S08,Mahnoor,T8,dine_in,MOC,Mocha,Coffee,1,650,650.0,0.0,0,0,0,closed,card,682.0,0.05,Cc18ee4d26a
ORD001108,2026-05-07 12:03:42,S05,Usman,,takeaway,FLW,Flat White,Coffee,1,600,600.0,0.0,0,0,0,closed,cash,1380.0,0.15,C79063613bf
ORD001108,2026-05-07 12:03:42,S05,Usman,,takeaway,FLW,Flat White,Coffee,1,600,600.0,0.0,0,0,0,closed,cash,1380.0,0.15,C79063613bf
ORD001109,2026-05-07 07:01:34,S02,Hamza,T17,dine_in,AMR,Americano,Coffee,1,480,480.0,0.0,0,0,0,closed,wallet,2142.0,0.05,C84f0c2a37f
ORD001109,2026-05-07 07:01:34,S02,Hamza,T17,dine_in,CKE2,Cheesecake,Bakery,1,880,880.0,0.0,0,0,0,closed,wallet,2142.0,0.05,C84f0c2a37f
ORD001109,2026-05-07 07:01:34,S02,Hamza,T17,dine_in,CLB,Cold Brew,Coffee,1,680,680.0,0.0,0,0,0,closed,wallet,2142.0,0.05,C84f0c2a37f
ORD001110,2026-05-07 15:16:17,S08,Mahnoor,T16,dine_in,PNC,Pain au Chocolat,Bakery,1,600,600.0,0.0,0,0,0,closed,card,2163.0,0.05,Cb5414f87f5
ORD001110,2026-05-07 15:16:17,S08,Mahnoor,T16,dine_in,CKE,Slice of Cake,Bakery,1,780,780.0,0.0,0,0,0,closed,card,2163.0,0.05,Cb5414f87f5
ORD001110,2026-05-07 15:16:17,S08,Mahnoor,T16,dine_in,CLB,Cold Brew,Coffee,1,680,680.0,0.0,0,0,0,closed,card,2163.0,0.05,Cb5414f87f5
ORD001111,2026-05-07 07:07:17,S01,Ayesha,,takeaway,CAP,Cappuccino,Coffee,1,560,560.0,0.0,0,0,0,closed,card,588.0,0.05,C3a7a2f7c00
ORD001112,2026-05-07 22:41:33,S01,Ayesha,T5,dine_in,AMR,Americano,Coffee,1,480,480.0,0.0,0,0,0,closed,cash,1219.0,0.15,
ORD001112,2026-05-07 22:41:33,S01,Ayesha,T5,dine_in,LAT,Cafe Latte,Coffee,1,580,580.0,0.0,0,0,0,closed,cash,1219.0,0.15,
ORD001113,2026-05-07 14:49:58,S04,Sara,,takeaway,WTR,Bottled Water,Other,1,150,150.0,0.0,0,0,0,closed,cash,172.0,0.15,
ORD001114,2026-05-07 19:45:09,S07,Daniyal,T1,dine_in,LAT,Cafe Latte,Coffee,1,580,580.0,0.0,0,0,0,closed,cash,667.0,0.15,C6915c3ba71
ORD001115,2026-05-07 18:58:15,S03,Bilal,T15,dine_in,CAP,Cappuccino,Coffee,1,560,560.0,0.0,0,0,0,closed,card,1218.0,0.05,Ca180bd2845
ORD001115,2026-05-07 18:58:15,S03,Bilal,T15,dine_in,FLW,Flat White,Coffee,1,600,600.0,0.0,0,0,0,closed,card,1218.0,0.05,Ca180bd2845
ORD001116,2026-05-07 10:27:05,S06,Zainab,,takeaway,LAT,Cafe Latte,Coffee,1,580,580.0,0.0,0,0,0,closed,cash,667.0,0.15,C998fad6fa0
ORD001117,2026-05-07 14:53:54,S04,Sara,T4,dine_in,PNC,Pain au Chocolat,Bakery,1,600,600.0,0.0,0,0,0,closed,card,630.0,0.05,Cbf1fa8f7c6
ORD001118,2026-05-07 21:45:05,S08,Mahnoor,,takeaway,LAT,Cafe Latte,Coffee,1,580,580.0,0.0,0,0,0,closed,wallet,609.0,0.05,Ce6722bf747
ORD001119,2026-05-08 08:13:13,S03,Bilal,T6,dine_in,CRO,Butter Croissant,Bakery,1,520,520.0,0.0,0,0,0,closed,qr,546.0,0.05,C89fbcb4954
ORD001120,2026-05-08 18:45:52,S03,Bilal,T12,dine_in,CRO,Butter Croissant,Bakery,1,520,520.0,0.0,0,0,0,closed,cash,770.0,0.15,
ORD001120,2026-05-08 18:45:52,S03,Bilal,T12,dine_in,WTR,Bottled Water,Other,1,150,150.0,0.0,0,0,0,closed,cash,770.0,0.15,
ORD001121,2026-05-08 11:04:54,S02,Hamza,T9,dine_in,BFP,Big Breakfast,Food,1,1850,1850.0,0.0,0,0,0,closed,cash,2128.0,0.15,
ORD001122,2026-05-08 11:41:35,S06,Zainab,T3,dine_in,ICL,Iced Latte,Coffee,1,640,640.0,0.0,0,0,0,closed,card,1302.0,0.05,Cbf1fa8f7c6
ORD001122,2026-05-08 11:41:35,S06,Zainab,T3,dine_in,FLW,Flat White,Coffee,1,600,600.0,0.0,0,0,0,closed,card,1302.0,0.05,Cbf1fa8f7c6
ORD001123,2026-05-08 10:02:23,S06,Zainab,T3,dine_in,AMR,Americano,Coffee,1,480,480.0,0.0,0,0,0,closed,wallet,504.0,0.05,Ce1111621fa
ORD001124,2026-05-08 19:21:27,S05,Usman,T3,dine_in,CRO,Butter Croissant,Bakery,1,520,520.0,0.0,0,0,0,closed,cash,2116.0,0.15,
ORD001124,2026-05-08 19:21:27,S05,Usman,T3,dine_in,CLB,Cold Brew,Coffee,1,680,680.0,0.0,0,0,0,closed,cash,2116.0,0.15,
ORD001124,2026-05-08 19:21:27,S05,Usman,T3,dine_in,ICL,Iced Latte,Coffee,1,640,640.0,0.0,0,0,0,closed,cash,2116.0,0.15,
ORD001125,2026-05-08 20:06:08,S02,Hamza,T3,dine_in,PAS,Pasta,Food,1,1650,1650.0,0.0,0,0,0,closed,qr,2278.0,0.05,C704cdee453
ORD001125,2026-05-08 20:06:08,S02,Hamza,T3,dine_in,CRO,Butter Croissant,Bakery,1,520,520.0,0.0,0,0,0,closed,qr,2278.0,0.05,C704cdee453
ORD001126,2026-05-08 12:14:05,S03,Bilal,T13,dine_in,MAT,Matcha Latte,Coffee,1,720,720.0,0.0,0,0,0,closed,cash,1426.0,0.15,Cfa4a9199b2
ORD001126,2026-05-08 12:14:05,S03,Bilal,T13,dine_in,CRO,Butter Croissant,Bakery,1,520,520.0,0.0,0,0,0,closed,cash,1426.0,0.15,Cfa4a9199b2
ORD001127,2026-05-08 16:44:19,S04,Sara,T3,dine_in,ESP,Espresso,Coffee,1,420,420.0,0.0,0,0,0,closed,cash,483.0,0.15,
ORD001128,2026-05-08 11:07:09,S01,Ayesha,T3,dine_in,WTR,Bottled Water,Other,1,150,150.0,0.0,0,0,0,closed,cash,172.0,0.15,C74caaa80b4
ORD001129,2026-05-08 13:03:00,S03,Bilal,T18,dine_in,AVT,Avocado Toast,Food,1,1450,1450.0,0.0,0,0,0,closed,cash,1667.0,0.15,
ORD001130,2026-05-08 11:26:52,S04,Sara,T12,dine_in,FLW,Flat White,Coffee,1,600,540.0,60.0,0,0,0,closed,cash,621.0,0.15,
ORD001131,2026-05-08 11:37:47,S07,Daniyal,,takeaway,CLB,Cold Brew,Coffee,1,680,680.0,0.0,0,0,0,closed,cash,2024.0,0.15,
ORD001131,2026-05-08 11:37:47,S07,Daniyal,,takeaway,CAP,Cappuccino,Coffee,1,560,560.0,0.0,0,0,0,closed,cash,2024.0,0.15,
ORD001131,2026-05-08 11:37:47,S07,Daniyal,,takeaway,CRO,Butter Croissant,Bakery,1,520,520.0,0.0,0,0,0,closed,cash,2024.0,0.15,
ORD001132,2026-05-08 11:33:10,S08,Mahnoor,T7,dine_in,SAL,Garden Salad,Food,1,1250,1250.0,0.0,0,0,0,closed,cash,2035.0,0.15,C4d4f7e93b0
ORD001132,2026-05-08 11:33:10,S08,Mahnoor,T7,dine_in,CRO,Butter Croissant,Bakery,1,520,520.0,0.0,0,0,0,closed,cash,2035.0,0.15,C4d4f7e93b0
ORD001133,2026-05-08 09:48:16,S05,Usman,,takeaway,FLW,Flat White,Coffee,1,600,600.0,0.0,0,0,0,closed,card,1218.0,0.05,Ccb8af0dea2
ORD001133,2026-05-08 09:48:16,S05,Usman,,takeaway,CAP,Cappuccino,Coffee,1,560,560.0,0.0,0,0,0,closed,card,1218.0,0.05,Ccb8af0dea2
ORD001134,2026-05-08 10:18:14,S05,Usman,,takeaway,CKE,Slice of Cake,Bakery,1,780,780.0,0.0,0,0,0,closed,card,1407.0,0.05,C0882deb692
ORD001134,2026-05-08 10:18:14,S05,Usman,,takeaway,CAP,Cappuccino,Coffee,1,560,560.0,0.0,0,0,0,closed,card,1407.0,0.05,C0882deb692
ORD001135,2026-05-08 09:06:15,S03,Bilal,T1,dine_in,CKE,Slice of Cake,Bakery,1,780,663.0,117.0,0,0,0,closed,qr,696.0,0.05,Cf66ffdf0eb
ORD001136,2026-05-08 13:22:12,S05,Usman,,takeaway,CAP,Cappuccino,Coffee,1,560,504.0,56.0,0,0,0,closed,wallet,2052.0,0.05,Cd1e93a6d3b
ORD001136,2026-05-08 13:22:12,S05,Usman,,takeaway,AVT,Avocado Toast,Food,1,1450,1450.0,0.0,0,0,0,closed,wallet,2052.0,0.05,Cd1e93a6d3b
ORD001137,2026-05-08 16:03:52,S01,Ayesha,T12,dine_in,ICL,Iced Latte,Coffee,1,640,640.0,0.0,0,0,0,closed,card,2090.0,0.05,C021ba9700d
ORD001137,2026-05-08 16:03:52,S01,Ayesha,T12,dine_in,SAN,Chicken Sandwich,Food,1,1350,1350.0,0.0,0,0,0,closed,card,2090.0,0.05,C021ba9700d
ORD001138,2026-05-08 22:51:05,S04,Sara,,takeaway,CKE,Slice of Cake,Bakery,1,780,780.0,0.0,0,0,0,closed,card,819.0,0.05,Ca2c33b664c
ORD001139,2026-05-08 22:03:56,S04,Sara,T6,dine_in,ESP,Espresso,Coffee,1,420,420.0,0.0,0,0,0,closed,card,1050.0,0.05,Cbac72cb73a
ORD001139,2026-05-08 22:03:56,S04,Sara,T6,dine_in,LAT,Cafe Latte,Coffee,1,580,580.0,0.0,0,0,0,closed,card,1050.0,0.05,Cbac72cb73a
ORD001140,2026-05-08 20:32:47,S07,Daniyal,,takeaway,CKE,Slice of Cake,Bakery,1,780,780.0,0.0,0,0,0,closed,cash,897.0,0.15,Cbd04c088b9
ORD001141,2026-05-08 14:09:56,S02,Hamza,,takeaway,LAT,Cafe Latte,Coffee,1,580,580.0,0.0,0,0,0,closed,qr,609.0,0.05,C12428ddf53
ORD001142,2026-05-08 08:34:50,S06,Zainab,,takeaway,CLB,Cold Brew,Coffee,1,680,680.0,0.0,0,0,0,closed,card,1344.0,0.05,C47fbcc249f
ORD001142,2026-05-08 08:34:50,S06,Zainab,,takeaway,FLW,Flat White,Coffee,1,600,600.0,0.0,0,0,0,closed,card,1344.0,0.05,C47fbcc249f
ORD001142,2026-05-08 08:34:50,S06,Zainab,,takeaway,CLB,Cold Brew,Coffee,1,680,0.0,0.0,1,1,0,partial_void,card,1344.0,0.05,C47fbcc249f
ORD001143,2026-05-08 13:06:13,S04,Sara,,takeaway,CLB,Cold Brew,Coffee,1,680,680.0,0.0,0,0,0,closed,card,714.0,0.05,C17a403a366
ORD001144,2026-05-08 19:59:52,S01,Ayesha,T14,dine_in,BFP,Big Breakfast,Food,1,1850,1850.0,0.0,0,0,0,closed,card,1942.0,0.05,Cd8138e6b6b
ORD001145,2026-05-08 07:57:11,S04,Sara,,takeaway,LAT,Cafe Latte,Coffee,1,580,580.0,0.0,0,0,0,closed,cash,667.0,0.15,
ORD001146,2026-05-08 08:34:18,S08,Mahnoor,T1,dine_in,CAP,Cappuccino,Coffee,1,560,560.0,0.0,0,0,0,closed,card,1092.0,0.05,C4c5629883c
ORD001146,2026-05-08 08:34:18,S08,Mahnoor,T1,dine_in,AMR,Americano,Coffee,1,480,480.0,0.0,0,0,0,closed,card,1092.0,0.05,C4c5629883c
ORD001147,2026-05-08 16:49:06,S08,Mahnoor,,takeaway,CAP,Cappuccino,Coffee,1,560,560.0,0.0,0,0,0,closed,cash,644.0,0.15,
ORD001148,2026-05-08 21:24:23,S04,Sara,T15,dine_in,ICL,Iced Latte,Coffee,1,640,640.0,0.0,0,0,0,closed,card,672.0,0.05,C8641ddcc9a
ORD001149,2026-05-08 09:24:25,S05,Usman,,takeaway,ICL,Iced Latte,Coffee,1,640,640.0,0.0,0,0,0,closed,qr,1932.0,0.05,C5e84ae37df
ORD001149,2026-05-08 09:24:25,S05,Usman,,takeaway,CRO,Butter Croissant,Bakery,1,520,520.0,0.0,0,0,0,closed,qr,1932.0,0.05,C5e84ae37df
ORD001149,2026-05-08 09:24:25,S05,Usman,,takeaway,CLB,Cold Brew,Coffee,1,680,680.0,0.0,0,0,0,closed,qr,1932.0,0.05,C5e84ae37df
ORD001150,2026-05-08 20:51:58,S01,Ayesha,,takeaway,SAN,Chicken Sandwich,Food,1,1350,1350.0,0.0,0,0,0,closed,wallet,2090.0,0.05,C2636129801
ORD001150,2026-05-08 20:51:58,S01,Ayesha,,takeaway,ICL,Iced Latte,Coffee,1,640,640.0,0.0,0,0,0,closed,wallet,2090.0,0.05,C2636129801
ORD001151,2026-05-08 09:11:38,S06,Zainab,,takeaway,CAP,Cappuccino,Coffee,1,560,560.0,0.0,0,0,0,closed,wallet,588.0,0.05,Ca4c85907e3
ORD001152,2026-05-08 10:11:10,S01,Ayesha,T10,dine_in,FLW,Flat White,Coffee,1,600,600.0,0.0,0,0,0,closed,card,630.0,0.05,Cb616ef25f5
ORD001153,2026-05-08 18:58:12,S01,Ayesha,,takeaway,CLB,Cold Brew,Coffee,1,680,680.0,0.0,0,0,0,closed,wallet,714.0,0.05,Cdf99103aeb
ORD001154,2026-05-08 16:38:37,S06,Zainab,T15,dine_in,MOC,Mocha,Coffee,1,650,650.0,0.0,0,0,0,closed,card,1354.0,0.05,C6dfb2713f9
ORD001154,2026-05-08 16:38:37,S06,Zainab,T15,dine_in,ICL,Iced Latte,Coffee,1,640,640.0,0.0,0,0,0,closed,card,1354.0,0.05,C6dfb2713f9
ORD001155,2026-05-08 18:25:27,S04,Sara,T11,dine_in,ICL,Iced Latte,Coffee,1,640,640.0,0.0,0,0,0,closed,cash,736.0,0.15,
ORD001156,2026-05-08 14:26:05,S07,Daniyal,T3,dine_in,HOT,Hot Chocolate,Coffee,1,560,560.0,0.0,0,0,0,closed,card,3213.0,0.05,Cf24d420c04
ORD001156,2026-05-08 14:26:05,S07,Daniyal,T3,dine_in,SAL,Garden Salad,Food,2,1250,2500.0,0.0,0,0,0,closed,card,3213.0,0.05,Cf24d420c04
ORD001157,2026-05-08 09:20:48,S07,Daniyal,T8,dine_in,CLB,Cold Brew,Coffee,1,680,680.0,0.0,0,0,0,closed,cash,782.0,0.15,
ORD001158,2026-05-08 21:27:24,S02,Hamza,T9,dine_in,LAT,Cafe Latte,Coffee,1,580,580.0,0.0,0,0,0,closed,cash,667.0,0.15,Cb803d37465
ORD001159,2026-05-08 09:36:34,S04,Sara,,takeaway,CAP,Cappuccino,Coffee,1,560,560.0,0.0,0,0,0,closed,card,588.0,0.05,C691583ac34
ORD001160,2026-05-08 17:45:23,S03,Bilal,,takeaway,FLW,Flat White,Coffee,1,600,510.0,90.0,0,0,0,closed,cash,1070.0,0.15,
ORD001160,2026-05-08 17:45:23,S03,Bilal,,takeaway,ESP,Espresso,Coffee,1,420,420.0,0.0,0,0,0,closed,cash,1070.0,0.15,
ORD001160,2026-05-08 17:45:23,S03,Bilal,,takeaway,AVT,Avocado Toast,Food,1,1450,0.0,0.0,0,0,1,closed,cash,1070.0,0.15,
ORD001161,2026-05-08 13:59:32,S08,Mahnoor,T17,dine_in,AVT,Avocado Toast,Food,2,1450,2900.0,0.0,0,0,0,closed,cash,3335.0,0.15,
ORD001162,2026-05-08 17:38:27,S03,Bilal,T6,dine_in,LAT,Cafe Latte,Coffee,1,580,464.0,116.0,0,0,0,closed,card,1096.0,0.05,C25fde7e354
ORD001162,2026-05-08 17:38:27,S03,Bilal,T6,dine_in,LAT,Cafe Latte,Coffee,1,580,580.0,0.0,0,0,0,closed,card,1096.0,0.05,C25fde7e354
ORD001163,2026-05-08 10:32:58,S02,Hamza,T15,dine_in,WTR,Bottled Water,Other,1,150,150.0,0.0,0,0,0,closed,card,788.0,0.05,C99574e458e
ORD001163,2026-05-08 10:32:58,S02,Hamza,T15,dine_in,FLW,Flat White,Coffee,1,600,600.0,0.0,0,0,0,closed,card,788.0,0.05,C99574e458e
ORD001164,2026-05-08 10:27:26,S01,Ayesha,,takeaway,SAL,Garden Salad,Food,1,1250,1250.0,0.0,0,0,0,closed,wallet,1312.0,0.05,C1ecad42cfe
ORD001165,2026-05-08 17:20:40,S01,Ayesha,T6,dine_in,ESP,Espresso,Coffee,1,420,420.0,0.0,0,0,0,closed,card,441.0,0.05,C64b3deaeb3
ORD001166,2026-05-08 18:42:49,S01,Ayesha,T13,dine_in,AVT,Avocado Toast,Food,2,1450,2900.0,0.0,0,0,0,closed,cash,6210.0,0.15,
ORD001166,2026-05-08 18:42:49,S01,Ayesha,T13,dine_in,SAL,Garden Salad,Food,2,1250,2500.0,0.0,0,0,0,closed,cash,6210.0,0.15,
ORD001167,2026-05-08 18:13:52,S08,Mahnoor,T3,dine_in,IMP,Imported Soda,Other,1,480,480.0,0.0,0,0,0,closed,cash,5324.0,0.15,
ORD001167,2026-05-08 18:13:52,S08,Mahnoor,T3,dine_in,SAL,Garden Salad,Food,1,1250,1250.0,0.0,0,0,0,closed,cash,5324.0,0.15,
ORD001167,2026-05-08 18:13:52,S08,Mahnoor,T3,dine_in,AVT,Avocado Toast,Food,2,1450,2900.0,0.0,0,0,0,closed,cash,5324.0,0.15,
ORD001168,2026-05-08 08:45:38,S03,Bilal,T18,dine_in,LAT,Cafe Latte,Coffee,1,580,0.0,0.0,1,0,0,partial_void,wallet,0.0,0.05,C91b81b727a
ORD001169,2026-05-08 17:25:57,S08,Mahnoor,T4,dine_in,MOC,Mocha,Coffee,1,650,520.0,130.0,0,0,0,closed,cash,1196.0,0.15,
ORD001169,2026-05-08 17:25:57,S08,Mahnoor,T4,dine_in,CRO,Butter Croissant,Bakery,1,520,520.0,0.0,0,0,0,closed,cash,1196.0,0.15,
ORD001170,2026-05-08 10:26:07,S08,Mahnoor,,takeaway,HOT,Hot Chocolate,Coffee,1,560,560.0,0.0,0,0,0,closed,cash,1472.0,0.15,
ORD001170,2026-05-08 10:26:07,S08,Mahnoor,,takeaway,MAT,Matcha Latte,Coffee,1,720,720.0,0.0,0,0,0,closed,cash,1472.0,0.15,
ORD001171,2026-05-08 18:44:25,S07,Daniyal,T13,dine_in,FLW,Flat White,Coffee,1,600,600.0,0.0,0,0,0,closed,cash,2818.0,0.15,
ORD001171,2026-05-08 18:44:25,S07,Daniyal,T13,dine_in,BFP,Big Breakfast,Food,1,1850,1850.0,0.0,0,0,0,closed,cash,2818.0,0.15,
ORD001172,2026-05-08 09:42:27,S01,Ayesha,,takeaway,CRO,Butter Croissant,Bakery,1,520,520.0,0.0,0,0,0,closed,cash,1380.0,0.15,
ORD001172,2026-05-08 09:42:27,S01,Ayesha,,takeaway,CLB,Cold Brew,Coffee,1,680,680.0,0.0,0,0,0,closed,cash,1380.0,0.15,
ORD001173,2026-05-08 20:31:01,S01,Ayesha,T15,dine_in,CKE,Slice of Cake,Bakery,1,780,780.0,0.0,0,0,0,closed,card,2236.0,0.05,C31253454a7
ORD001173,2026-05-08 20:31:01,S01,Ayesha,T15,dine_in,SAN,Chicken Sandwich,Food,1,1350,1350.0,0.0,0,0,0,closed,card,2236.0,0.05,C31253454a7
ORD001174,2026-05-08 11:18:53,S08,Mahnoor,T11,dine_in,CAP,Cappuccino,Coffee,1,560,560.0,0.0,0,0,0,closed,card,1270.0,0.05,C86cb5fa9d6
ORD001174,2026-05-08 11:18:53,S08,Mahnoor,T11,dine_in,MOC,Mocha,Coffee,1,650,650.0,0.0,0,0,0,closed,card,1270.0,0.05,C86cb5fa9d6
ORD001175,2026-05-08 20:56:00,S06,Zainab,,takeaway,CAP,Cappuccino,Coffee,1,560,560.0,0.0,0,0,0,closed,card,588.0,0.05,C4c4031df5a
ORD001176,2026-05-08 14:01:53,S03,Bilal,T9,dine_in,HOT,Hot Chocolate,Coffee,1,560,0.0,0.0,0,0,1,closed,cash,667.0,0.15,C19d751a040
ORD001176,2026-05-08 14:01:53,S03,Bilal,T9,dine_in,LAT,Cafe Latte,Coffee,1,580,580.0,0.0,0,0,0,closed,cash,667.0,0.15,C19d751a040
ORD001177,2026-05-08 10:16:53,S02,Hamza,T14,dine_in,CLB,Cold Brew,Coffee,1,680,612.0,68.0,0,0,0,closed,qr,1766.0,0.05,Cadc75d3967
ORD001177,2026-05-08 10:16:53,S02,Hamza,T14,dine_in,MOC,Mocha,Coffee,1,650,650.0,0.0,0,0,0,closed,qr,1766.0,0.05,Cadc75d3967
ORD001177,2026-05-08 10:16:53,S02,Hamza,T14,dine_in,ESP,Espresso,Coffee,1,420,420.0,0.0,0,0,0,closed,qr,1766.0,0.05,Cadc75d3967
ORD001178,2026-05-08 09:24:18,S02,Hamza,T7,dine_in,WTR,Bottled Water,Other,1,150,150.0,0.0,0,0,0,closed,wallet,872.0,0.05,C34e55c491f
ORD001178,2026-05-08 09:24:18,S02,Hamza,T7,dine_in,CLB,Cold Brew,Coffee,1,680,680.0,0.0,0,0,0,closed,wallet,872.0,0.05,C34e55c491f
ORD001179,2026-05-08 12:56:41,S01,Ayesha,T7,dine_in,LAT,Cafe Latte,Coffee,1,580,580.0,0.0,0,0,0,closed,cash,667.0,0.15,
ORD001180,2026-05-08 07:25:30,S05,Usman,,takeaway,MOC,Mocha,Coffee,1,650,585.0,65.0,0,0,0,closed,qr,1244.0,0.05,Cc7556343c1
ORD001180,2026-05-08 07:25:30,S05,Usman,,takeaway,FLW,Flat White,Coffee,1,600,600.0,0.0,0,0,0,closed,qr,1244.0,0.05,Cc7556343c1
ORD001181,2026-05-08 18:20:59,S07,Daniyal,,takeaway,FLW,Flat White,Coffee,1,600,600.0,0.0,0,0,0,closed,card,1148.0,0.05,Cd2e64f5afd
ORD001181,2026-05-08 18:20:59,S07,Daniyal,,takeaway,LAT,Cafe Latte,Coffee,1,580,493.0,87.0,0,0,0,closed,card,1148.0,0.05,Cd2e64f5afd
ORD001182,2026-05-08 12:43:50,S06,Zainab,T8,dine_in,BFP,Big Breakfast,Food,1,1850,0.0,0.0,0,0,1,closed,cash,0.0,0.15,
ORD001183,2026-05-08 18:18:21,S06,Zainab,T6,dine_in,ESP,Espresso,Coffee,1,420,420.0,0.0,0,0,0,closed,cash,1150.0,0.15,
ORD001183,2026-05-08 18:18:21,S06,Zainab,T6,dine_in,LAT,Cafe Latte,Coffee,1,580,580.0,0.0,0,0,0,closed,cash,1150.0,0.15,
ORD001184,2026-05-08 08:40:29,S08,Mahnoor,T9,dine_in,FLW,Flat White,Coffee,1,600,600.0,0.0,0,0,0,closed,cash,690.0,0.15,
ORD001185,2026-05-08 09:10:43,S06,Zainab,T11,dine_in,MOC,Mocha,Coffee,1,650,650.0,0.0,0,0,0,closed,card,682.0,0.05,C48db1936bb
ORD001186,2026-05-08 07:23:19,S02,Hamza,T15,dine_in,FLW,Flat White,Coffee,1,600,600.0,0.0,0,0,0,closed,card,1218.0,0.05,C882ffcc387
ORD001186,2026-05-08 07:23:19,S02,Hamza,T15,dine_in,CAP,Cappuccino,Coffee,1,560,560.0,0.0,0,0,0,closed,card,1218.0,0.05,C882ffcc387
ORD001187,2026-05-08 12:37:19,S08,Mahnoor,T10,dine_in,ICL,Iced Latte,Coffee,1,640,640.0,0.0,0,0,0,closed,wallet,672.0,0.05,C15c08c63ba
ORD001188,2026-05-08 07:55:50,S02,Hamza,,takeaway,CLB,Cold Brew,Coffee,1,680,680.0,0.0,0,0,0,closed,card,1218.0,0.05,C96678b6c81
ORD001188,2026-05-08 07:55:50,S02,Hamza,,takeaway,AMR,Americano,Coffee,1,480,480.0,0.0,0,0,0,closed,card,1218.0,0.05,C96678b6c81
ORD001188,2026-05-08 07:55:50,S02,Hamza,,takeaway,ICL,Iced Latte,Coffee,1,640,0.0,0.0,0,0,1,closed,card,1218.0,0.05,C96678b6c81
ORD001189,2026-05-08 20:11:20,S02,Hamza,T4,dine_in,PNC,Pain au Chocolat,Bakery,1,600,600.0,0.0,0,0,0,closed,cash,690.0,0.15,
ORD001190,2026-05-08 17:06:32,S02,Hamza,T16,dine_in,CKE2,Cheesecake,Bakery,1,880,880.0,0.0,0,0,0,closed,card,924.0,0.05,C0b90585403
ORD001191,2026-05-08 17:19:14,S04,Sara,,takeaway,CRO,Butter Croissant,Bakery,1,520,520.0,0.0,0,0,0,closed,card,1418.0,0.05,C31253454a7
ORD001191,2026-05-08 17:19:14,S04,Sara,,takeaway,CLB,Cold Brew,Coffee,1,680,680.0,0.0,0,0,0,closed,card,1418.0,0.05,C31253454a7
ORD001191,2026-05-08 17:19:14,S04,Sara,,takeaway,WTR,Bottled Water,Other,1,150,150.0,0.0,0,0,0,closed,card,1418.0,0.05,C31253454a7
ORD001192,2026-05-08 16:57:14,S06,Zainab,T3,dine_in,PAS,Pasta,Food,1,1650,1650.0,0.0,0,0,0,closed,cash,1897.0,0.15,
ORD001193,2026-05-08 19:39:48,S08,Mahnoor,T15,dine_in,PAS,Pasta,Food,1,1650,1650.0,0.0,0,0,0,closed,card,2362.0,0.05,Cd99c3dfb4b
ORD001193,2026-05-08 19:39:48,S08,Mahnoor,T15,dine_in,FLW,Flat White,Coffee,1,600,600.0,0.0,0,0,0,closed,card,2362.0,0.05,Cd99c3dfb4b
ORD001194,2026-05-08 10:47:37,S08,Mahnoor,,takeaway,SAN,Chicken Sandwich,Food,1,1350,1350.0,0.0,0,0,0,closed,cash,3680.0,0.15,
ORD001194,2026-05-08 10:47:37,S08,Mahnoor,,takeaway,BFP,Big Breakfast,Food,1,1850,1850.0,0.0,0,0,0,closed,cash,3680.0,0.15,
ORD001195,2026-05-08 15:58:16,S06,Zainab,,takeaway,AVT,Avocado Toast,Food,1,1450,1450.0,0.0,0,0,0,closed,wallet,1522.0,0.05,C9d1f8904a8
ORD001196,2026-05-08 08:40:01,S04,Sara,T11,dine_in,HOT,Hot Chocolate,Coffee,1,560,560.0,0.0,0,0,0,closed,wallet,588.0,0.05,Caea1281c57
ORD001196,2026-05-08 08:40:01,S04,Sara,T11,dine_in,CRO,Butter Croissant,Bakery,1,520,0.0,0.0,1,0,0,partial_void,wallet,588.0,0.05,Caea1281c57
ORD001197,2026-05-08 18:53:06,S08,Mahnoor,T2,dine_in,LAT,Cafe Latte,Coffee,1,580,580.0,0.0,0,0,0,closed,cash,2334.0,0.15,C21b0fcd700
ORD001197,2026-05-08 18:53:06,S08,Mahnoor,T2,dine_in,AVT,Avocado Toast,Food,1,1450,1450.0,0.0,0,0,0,closed,cash,2334.0,0.15,C21b0fcd700
ORD001198,2026-05-08 19:12:08,S07,Daniyal,T4,dine_in,LAT,Cafe Latte,Coffee,1,580,580.0,0.0,0,0,0,closed,card,609.0,0.05,C3baae6f192
ORD001199,2026-05-08 11:41:55,S06,Zainab,T8,dine_in,MAT,Matcha Latte,Coffee,1,720,720.0,0.0,0,0,0,closed,cash,828.0,0.15,C48bfa448ba
ORD001200,2026-05-08 07:56:08,S05,Usman,T15,dine_in,BFP,Big Breakfast,Food,1,1850,1850.0,0.0,0,0,0,closed,card,3308.0,0.05,Cf7a6863213
ORD001200,2026-05-08 07:56:08,S05,Usman,T15,dine_in,MAT,Matcha Latte,Coffee,1,720,720.0,0.0,0,0,0,closed,card,3308.0,0.05,Cf7a6863213
ORD001200,2026-05-08 07:56:08,S05,Usman,T15,dine_in,LAT,Cafe Latte,Coffee,1,580,580.0,0.0,0,0,0,closed,card,3308.0,0.05,Cf7a6863213
ORD001201,2026-05-08 07:40:21,S06,Zainab,,takeaway,CRO,Butter Croissant,Bakery,1,520,520.0,0.0,0,0,0,closed,qr,546.0,0.05,Cbb75a18b81
ORD001202,2026-05-08 12:52:24,S04,Sara,T6,dine_in,MOC,Mocha,Coffee,1,650,650.0,0.0,0,0,0,closed,cash,747.0,0.15,
ORD001203,2026-05-08 18:30:31,S03,Bilal,T6,dine_in,MOC,Mocha,Coffee,1,650,650.0,0.0,0,0,0,closed,cash,747.0,0.15,
ORD001203,2026-05-08 18:30:31,S03,Bilal,T6,dine_in,ESP,Espresso,Coffee,1,420,0.0,0.0,1,1,0,partial_void,cash,747.0,0.15,
ORD001204,2026-05-08 20:04:02,S02,Hamza,,takeaway,PAS,Pasta,Food,1,1650,1650.0,0.0,0,0,0,closed,cash,1897.0,0.15,
ORD001205,2026-05-08 17:23:07,S01,Ayesha,T18,dine_in,ICL,Iced Latte,Coffee,1,640,640.0,0.0,0,0,0,closed,cash,736.0,0.15,C980a2cb456
ORD001206,2026-05-08 19:40:16,S05,Usman,T17,dine_in,SAL,Garden Salad,Food,1,1250,1062.0,188.0,0,0,0,closed,wallet,1703.0,0.05,C4d4f7e93b0
ORD001206,2026-05-08 19:40:16,S05,Usman,T17,dine_in,HOT,Hot Chocolate,Coffee,1,560,560.0,0.0,0,0,0,closed,wallet,1703.0,0.05,C4d4f7e93b0
ORD001207,2026-05-08 21:36:11,S03,Bilal,T9,dine_in,AVT,Avocado Toast,Food,2,1450,2900.0,0.0,0,0,0,closed,qr,3675.0,0.05,Ce6722bf747
ORD001207,2026-05-08 21:36:11,S03,Bilal,T9,dine_in,FLW,Flat White,Coffee,1,600,600.0,0.0,0,0,0,closed,qr,3675.0,0.05,Ce6722bf747
ORD001208,2026-05-08 09:56:12,S01,Ayesha,,takeaway,CAP,Cappuccino,Coffee,1,560,560.0,0.0,0,0,0,closed,cash,1288.0,0.15,
ORD001208,2026-05-08 09:56:12,S01,Ayesha,,takeaway,CAP,Cappuccino,Coffee,1,560,560.0,0.0,0,0,0,closed,cash,1288.0,0.15,
ORD001209,2026-05-08 21:32:31,S04,Sara,T15,dine_in,CKE2,Cheesecake,Bakery,1,880,880.0,0.0,0,0,0,closed,cash,1012.0,0.15,
ORD001210,2026-05-08 09:06:14,S01,Ayesha,T4,dine_in,SAN,Chicken Sandwich,Food,1,1350,1350.0,0.0,0,0,0,closed,qr,1575.0,0.05,C48db1936bb
ORD001210,2026-05-08 09:06:14,S01,Ayesha,T4,dine_in,WTR,Bottled Water,Other,1,150,150.0,0.0,0,0,0,closed,qr,1575.0,0.05,C48db1936bb
ORD001211,2026-05-08 18:55:55,S04,Sara,,takeaway,ICL,Iced Latte,Coffee,1,640,544.0,96.0,0,0,0,closed,cash,626.0,0.15,
ORD001212,2026-05-08 19:06:36,S04,Sara,T12,dine_in,AMR,Americano,Coffee,1,480,480.0,0.0,0,0,0,closed,qr,1176.0,0.05,C19d751a040
ORD001212,2026-05-08 19:06:36,S04,Sara,T12,dine_in,ICL,Iced Latte,Coffee,1,640,640.0,0.0,0,0,0,closed,qr,1176.0,0.05,C19d751a040
ORD001213,2026-05-08 13:46:47,S08,Mahnoor,T13,dine_in,LAT,Cafe Latte,Coffee,1,580,580.0,0.0,0,0,0,closed,qr,609.0,0.05,Cb2f29e07cf
ORD001214,2026-05-08 18:18:00,S05,Usman,,takeaway,CAP,Cappuccino,Coffee,1,560,560.0,0.0,0,0,0,closed,cash,644.0,0.15,
ORD001215,2026-05-08 13:27:06,S07,Daniyal,T16,dine_in,CAP,Cappuccino,Coffee,1,560,560.0,0.0,0,0,0,closed,card,1900.0,0.05,C3d3ed875c0
ORD001215,2026-05-08 13:27:06,S07,Daniyal,T16,dine_in,SAL,Garden Salad,Food,1,1250,1250.0,0.0,0,0,0,closed,card,1900.0,0.05,C3d3ed875c0
ORD001216,2026-05-08 09:12:26,S01,Ayesha,T15,dine_in,ICL,Iced Latte,Coffee,1,640,640.0,0.0,0,0,0,closed,cash,736.0,0.15,
ORD001217,2026-05-09 10:05:12,S01,Ayesha,,takeaway,MOC,Mocha,Coffee,1,650,520.0,130.0,0,0,0,closed,card,546.0,0.05,C1173024c92
ORD001218,2026-05-09 11:11:07,S01,Ayesha,,takeaway,CKE2,Cheesecake,Bakery,1,880,880.0,0.0,0,0,0,closed,card,924.0,0.05,Cf81d67e135
ORD001218,2026-05-09 11:11:07,S01,Ayesha,,takeaway,AVT,Avocado Toast,Food,1,1450,0.0,0.0,1,1,0,partial_void,card,924.0,0.05,Cf81d67e135
ORD001219,2026-05-09 07:09:52,S04,Sara,,takeaway,CAP,Cappuccino,Coffee,1,560,560.0,0.0,0,0,0,closed,card,588.0,0.05,Cd346928e7d
ORD001220,2026-05-09 09:48:05,S03,Bilal,,takeaway,FLW,Flat White,Coffee,1,600,600.0,0.0,0,0,0,closed,qr,2572.0,0.05,C080f505c6f
ORD001220,2026-05-09 09:48:05,S03,Bilal,,takeaway,BFP,Big Breakfast,Food,1,1850,1850.0,0.0,0,0,0,closed,qr,2572.0,0.05,C080f505c6f
ORD001221,2026-05-09 11:14:59,S03,Bilal,T3,dine_in,HOT,Hot Chocolate,Coffee,1,560,560.0,0.0,0,0,0,closed,cash,644.0,0.15,
ORD001222,2026-05-09 13:22:37,S06,Zainab,T2,dine_in,IMP,Imported Soda,Other,1,480,480.0,0.0,0,0,0,closed,card,504.0,0.05,Cbac72cb73a
ORD001223,2026-05-09 20:48:44,S05,Usman,,takeaway,CLB,Cold Brew,Coffee,1,680,680.0,0.0,0,0,0,closed,wallet,714.0,0.05,C3c2dc36eb1
ORD001224,2026-05-09 10:24:03,S01,Ayesha,T9,dine_in,CLB,Cold Brew,Coffee,1,680,680.0,0.0,0,0,0,closed,card,1250.0,0.05,C48db1936bb
ORD001224,2026-05-09 10:24:03,S01,Ayesha,T9,dine_in,PNC,Pain au Chocolat,Bakery,1,600,510.0,90.0,0,0,0,closed,card,1250.0,0.05,C48db1936bb
ORD001225,2026-05-09 09:02:03,S07,Daniyal,T17,dine_in,IMP,Imported Soda,Other,1,480,480.0,0.0,0,0,0,closed,qr,504.0,0.05,Cc405d81a1c
ORD001226,2026-05-09 22:34:17,S07,Daniyal,T2,dine_in,LAT,Cafe Latte,Coffee,1,580,0.0,0.0,1,1,0,partial_void,cash,0.0,0.15,Ccc9d16b74f
ORD001227,2026-05-09 10:43:47,S03,Bilal,,takeaway,AVT,Avocado Toast,Food,1,1450,1450.0,0.0,0,0,0,closed,cash,2150.0,0.15,
ORD001227,2026-05-09 10:43:47,S03,Bilal,,takeaway,ESP,Espresso,Coffee,1,420,420.0,0.0,0,0,0,closed,cash,2150.0,0.15,
ORD001228,2026-05-09 16:00:00,S02,Hamza,T4,dine_in,MOC,Mocha,Coffee,1,650,650.0,0.0,0,0,0,closed,cash,2415.0,0.15,C6915c3ba71
ORD001228,2026-05-09 16:00:00,S02,Hamza,T4,dine_in,AVT,Avocado Toast,Food,1,1450,1450.0,0.0,0,0,0,closed,cash,2415.0,0.15,C6915c3ba71
ORD001229,2026-05-09 16:46:29,S01,Ayesha,T18,dine_in,IMP,Imported Soda,Other,1,480,480.0,0.0,0,0,0,closed,wallet,2426.0,0.05,C27c059f294
ORD001229,2026-05-09 16:46:29,S01,Ayesha,T18,dine_in,IMP,Imported Soda,Other,1,480,480.0,0.0,0,0,0,closed,wallet,2426.0,0.05,C27c059f294
ORD001229,2026-05-09 16:46:29,S01,Ayesha,T18,dine_in,SAN,Chicken Sandwich,Food,1,1350,1350.0,0.0,0,0,0,closed,wallet,2426.0,0.05,C27c059f294
ORD001230,2026-05-09 07:56:06,S04,Sara,,takeaway,PNC,Pain au Chocolat,Bakery,1,600,600.0,0.0,0,0,0,closed,card,630.0,0.05,C1771e35d2c
ORD001231,2026-05-09 16:51:19,S03,Bilal,,takeaway,AMR,Americano,Coffee,1,480,480.0,0.0,0,0,0,closed,card,1113.0,0.05,C6b051e9554
ORD001231,2026-05-09 16:51:19,S03,Bilal,,takeaway,LAT,Cafe Latte,Coffee,1,580,580.0,0.0,0,0,0,closed,card,1113.0,0.05,C6b051e9554
ORD001232,2026-05-09 15:37:56,S05,Usman,,takeaway,LAT,Cafe Latte,Coffee,1,580,522.0,58.0,0,0,0,closed,cash,1290.0,0.15,Cd923cf20c8
ORD001232,2026-05-09 15:37:56,S05,Usman,,takeaway,PNC,Pain au Chocolat,Bakery,1,600,600.0,0.0,0,0,0,closed,cash,1290.0,0.15,Cd923cf20c8
ORD001233,2026-05-09 20:38:59,S05,Usman,,takeaway,FLW,Flat White,Coffee,1,600,600.0,0.0,0,0,0,closed,card,630.0,0.05,Cc28e6b9d21
ORD001234,2026-05-09 22:14:50,S06,Zainab,,takeaway,CLB,Cold Brew,Coffee,1,680,612.0,68.0,0,0,0,closed,card,643.0,0.05,C651e9754b8
ORD001235,2026-05-09 18:35:44,S06,Zainab,T4,dine_in,AVT,Avocado Toast,Food,1,1450,1160.0,290.0,0,0,0,closed,cash,1506.0,0.15,
ORD001235,2026-05-09 18:35:44,S06,Zainab,T4,dine_in,WTR,Bottled Water,Other,1,150,150.0,0.0,0,0,0,closed,cash,1506.0,0.15,
ORD001236,2026-05-09 09:27:26,S01,Ayesha,T5,dine_in,ESP,Espresso,Coffee,1,420,420.0,0.0,0,0,0,closed,cash,483.0,0.15,
ORD001237,2026-05-09 21:36:47,S07,Daniyal,T3,dine_in,CKE,Slice of Cake,Bakery,1,780,780.0,0.0,0,0,0,closed,card,2184.0,0.05,Cc1603a922e
ORD001237,2026-05-09 21:36:47,S07,Daniyal,T3,dine_in,ESP,Espresso,Coffee,1,420,420.0,0.0,0,0,0,closed,card,2184.0,0.05,Cc1603a922e
ORD001237,2026-05-09 21:36:47,S07,Daniyal,T3,dine_in,CKE2,Cheesecake,Bakery,1,880,880.0,0.0,0,0,0,closed,card,2184.0,0.05,Cc1603a922e
ORD001238,2026-05-09 18:57:09,S08,Mahnoor,T8,dine_in,CAP,Cappuccino,Coffee,1,560,560.0,0.0,0,0,0,closed,wallet,1701.0,0.05,C482e4b19c6
ORD001238,2026-05-09 18:57:09,S08,Mahnoor,T8,dine_in,AMR,Americano,Coffee,1,480,480.0,0.0,0,0,0,closed,wallet,1701.0,0.05,C482e4b19c6
ORD001238,2026-05-09 18:57:09,S08,Mahnoor,T8,dine_in,LAT,Cafe Latte,Coffee,1,580,580.0,0.0,0,0,0,closed,wallet,1701.0,0.05,C482e4b19c6
ORD001239,2026-05-09 21:31:26,S03,Bilal,T11,dine_in,PNC,Pain au Chocolat,Bakery,1,600,0.0,0.0,0,0,1,closed,wallet,609.0,0.05,C8cacaf653b
ORD001239,2026-05-09 21:31:26,S03,Bilal,T11,dine_in,LAT,Cafe Latte,Coffee,1,580,580.0,0.0,0,0,0,closed,wallet,609.0,0.05,C8cacaf653b
ORD001240,2026-05-09 22:09:54,S03,Bilal,T3,dine_in,CLB,Cold Brew,Coffee,1,680,680.0,0.0,0,0,0,closed,qr,1470.0,0.05,C7f61360942
ORD001240,2026-05-09 22:09:54,S03,Bilal,T3,dine_in,MAT,Matcha Latte,Coffee,1,720,720.0,0.0,0,0,0,closed,qr,1470.0,0.05,C7f61360942
ORD001240,2026-05-09 22:09:54,S03,Bilal,T3,dine_in,ICL,Iced Latte,Coffee,1,640,0.0,64.0,1,0,0,partial_void,qr,1470.0,0.05,C7f61360942
ORD001241,2026-05-09 09:32:36,S08,Mahnoor,,takeaway,BFP,Big Breakfast,Food,1,1850,1850.0,0.0,0,0,0,closed,qr,2572.0,0.05,C4d4f7e93b0
ORD001241,2026-05-09 09:32:36,S08,Mahnoor,,takeaway,FLW,Flat White,Coffee,1,600,600.0,0.0,0,0,0,closed,qr,2572.0,0.05,C4d4f7e93b0
ORD001242,2026-05-09 20:53:16,S06,Zainab,T9,dine_in,BFP,Big Breakfast,Food,1,1850,1850.0,0.0,0,0,0,closed,cash,2726.0,0.15,Ce1111621fa
ORD001242,2026-05-09 20:53:16,S06,Zainab,T9,dine_in,CRO,Butter Croissant,Bakery,1,520,520.0,0.0,0,0,0,closed,cash,2726.0,0.15,Ce1111621fa
ORD001243,2026-05-09 08:00:54,S07,Daniyal,T8,dine_in,SAN,Chicken Sandwich,Food,1,1350,1350.0,0.0,0,0,0,closed,card,1418.0,0.05,C73e95a7b22
ORD001244,2026-05-09 17:25:25,S05,Usman,,takeaway,LAT,Cafe Latte,Coffee,1,580,580.0,0.0,0,0,0,closed,card,2930.0,0.05,Ca53c24ca61
ORD001244,2026-05-09 17:25:25,S05,Usman,,takeaway,CAP,Cappuccino,Coffee,1,560,560.0,0.0,0,0,0,closed,card,2930.0,0.05,Ca53c24ca61
ORD001244,2026-05-09 17:25:25,S05,Usman,,takeaway,PAS,Pasta,Food,1,1650,1650.0,0.0,0,0,0,closed,card,2930.0,0.05,Ca53c24ca61
ORD001245,2026-05-09 14:52:15,S08,Mahnoor,T17,dine_in,AMR,Americano,Coffee,1,480,480.0,0.0,0,0,0,closed,cash,552.0,0.15,
ORD001246,2026-05-09 17:05:05,S05,Usman,T1,dine_in,LAT,Cafe Latte,Coffee,1,580,580.0,0.0,0,0,0,closed,card,2132.0,0.05,Cbdde199c3f
ORD001246,2026-05-09 17:05:05,S05,Usman,T1,dine_in,AVT,Avocado Toast,Food,1,1450,1450.0,0.0,0,0,0,closed,card,2132.0,0.05,Cbdde199c3f
ORD001247,2026-05-09 20:56:59,S03,Bilal,,takeaway,WTR,Bottled Water,Other,1,150,150.0,0.0,0,0,0,closed,qr,976.0,0.05,C63037e2fcf
ORD001247,2026-05-09 20:56:59,S03,Bilal,,takeaway,CKE,Slice of Cake,Bakery,1,780,780.0,0.0,0,0,0,closed,qr,976.0,0.05,C63037e2fcf
ORD001247,2026-05-09 20:56:59,S03,Bilal,,takeaway,LAT,Cafe Latte,Coffee,1,580,0.0,0.0,1,0,0,partial_void,qr,976.0,0.05,C63037e2fcf
ORD001248,2026-05-09 12:33:10,S02,Hamza,T6,dine_in,MAT,Matcha Latte,Coffee,1,720,720.0,0.0,0,0,0,closed,cash,1311.0,0.15,
ORD001248,2026-05-09 12:33:10,S02,Hamza,T6,dine_in,ESP,Espresso,Coffee,1,420,420.0,0.0,0,0,0,closed,cash,1311.0,0.15,
ORD001249,2026-05-09 07:35:44,S02,Hamza,,takeaway,LAT,Cafe Latte,Coffee,1,580,580.0,0.0,0,0,0,closed,cash,667.0,0.15,
ORD001250,2026-05-09 12:31:49,S02,Hamza,T16,dine_in,HOT,Hot Chocolate,Coffee,1,560,560.0,0.0,0,0,0,closed,card,1058.0,0.05,C58cf770e72
ORD001250,2026-05-09 12:31:49,S02,Hamza,T16,dine_in,CAP,Cappuccino,Coffee,1,560,448.0,112.0,0,0,0,closed,card,1058.0,0.05,C58cf770e72
ORD001251,2026-05-09 13:02:00,S03,Bilal,,takeaway,CAP,Cappuccino,Coffee,1,560,560.0,0.0,0,0,0,closed,cash,2256.0,0.15,
ORD001251,2026-05-09 13:02:00,S03,Bilal,,takeaway,PAS,Pasta,Food,1,1650,1402.0,248.0,0,0,0,closed,cash,2256.0,0.15,
ORD001252,2026-05-09 15:16:25,S08,Mahnoor,T15,dine_in,CKE,Slice of Cake,Bakery,1,780,780.0,0.0,0,0,0,closed,cash,897.0,0.15,
ORD001253,2026-05-09 13:56:09,S02,Hamza,T4,dine_in,ESP,Espresso,Coffee,1,420,420.0,0.0,0,0,0,closed,wallet,441.0,0.05,Cb8a84d5702
ORD001254,2026-05-09 22:57:50,S03,Bilal,T7,dine_in,SAN,Chicken Sandwich,Food,1,1350,1350.0,0.0,0,0,0,closed,cash,2132.0,0.15,
ORD001254,2026-05-09 22:57:50,S03,Bilal,T7,dine_in,HOT,Hot Chocolate,Coffee,1,560,504.0,56.0,0,0,0,closed,cash,2132.0,0.15,
ORD001255,2026-05-09 17:20:54,S04,Sara,T4,dine_in,CKE,Slice of Cake,Bakery,1,780,780.0,0.0,0,0,0,closed,cash,1070.0,0.15,C882ffcc387
ORD001255,2026-05-09 17:20:54,S04,Sara,T4,dine_in,WTR,Bottled Water,Other,1,150,150.0,0.0,0,0,0,closed,cash,1070.0,0.15,C882ffcc387
ORD001256,2026-05-09 12:35:05,S02,Hamza,T1,dine_in,CLB,Cold Brew,Coffee,1,680,680.0,0.0,0,0,0,closed,wallet,4347.0,0.05,Cc18ee4d26a
ORD001256,2026-05-09 12:35:05,S02,Hamza,T1,dine_in,AVT,Avocado Toast,Food,2,1450,2900.0,0.0,0,0,0,closed,wallet,4347.0,0.05,Cc18ee4d26a
ORD001256,2026-05-09 12:35:05,S02,Hamza,T1,dine_in,CAP,Cappuccino,Coffee,1,560,560.0,0.0,0,0,0,closed,wallet,4347.0,0.05,Cc18ee4d26a
ORD001257,2026-05-09 07:57:28,S08,Mahnoor,T4,dine_in,ICL,Iced Latte,Coffee,1,640,640.0,0.0,0,0,0,closed,card,1176.0,0.05,Cb0d3f4350d
ORD001257,2026-05-09 07:57:28,S08,Mahnoor,T4,dine_in,FLW,Flat White,Coffee,1,600,480.0,120.0,0,0,0,closed,card,1176.0,0.05,Cb0d3f4350d
ORD001258,2026-05-09 10:01:09,S05,Usman,,takeaway,AVT,Avocado Toast,Food,1,1450,1450.0,0.0,0,0,0,closed,cash,3185.0,0.15,
ORD001258,2026-05-09 10:01:09,S05,Usman,,takeaway,CLB,Cold Brew,Coffee,1,680,680.0,0.0,0,0,0,closed,cash,3185.0,0.15,
ORD001258,2026-05-09 10:01:09,S05,Usman,,takeaway,ICL,Iced Latte,Coffee,1,640,640.0,0.0,0,0,0,closed,cash,3185.0,0.15,
ORD001259,2026-05-09 13:48:14,S08,Mahnoor,,takeaway,LAT,Cafe Latte,Coffee,1,580,522.0,58.0,0,0,0,closed,card,548.0,0.05,C4d4f7e93b0
ORD001260,2026-05-09 09:32:54,S06,Zainab,,takeaway,CAP,Cappuccino,Coffee,1,560,560.0,0.0,0,0,0,closed,cash,644.0,0.15,
ORD001261,2026-05-09 11:57:28,S03,Bilal,T10,dine_in,ESP,Espresso,Coffee,1,420,420.0,0.0,0,0,0,closed,qr,441.0,0.05,Ce6c49b0fd1
ORD001262,2026-05-09 11:55:53,S04,Sara,,takeaway,CKE,Slice of Cake,Bakery,1,780,780.0,0.0,0,0,0,closed,card,819.0,0.05,Cf1debaccc2
ORD001263,2026-05-09 13:53:30,S01,Ayesha,T1,dine_in,CRO,Butter Croissant,Bakery,1,520,520.0,0.0,0,0,0,closed,wallet,1598.0,0.05,C13ed41d309
ORD001263,2026-05-09 13:53:30,S01,Ayesha,T1,dine_in,LAT,Cafe Latte,Coffee,1,580,522.0,58.0,0,0,0,closed,wallet,1598.0,0.05,C13ed41d309
ORD001263,2026-05-09 13:53:30,S01,Ayesha,T1,dine_in,AMR,Americano,Coffee,1,480,480.0,0.0,0,0,0,closed,wallet,1598.0,0.05,C13ed41d309
ORD001264,2026-05-09 11:57:20,S08,Mahnoor,T9,dine_in,FLW,Flat White,Coffee,1,600,600.0,0.0,0,0,0,closed,wallet,1344.0,0.05,Ccdae6010f7
ORD001264,2026-05-09 11:57:20,S08,Mahnoor,T9,dine_in,CLB,Cold Brew,Coffee,1,680,680.0,0.0,0,0,0,closed,wallet,1344.0,0.05,Ccdae6010f7
ORD001265,2026-05-09 11:37:45,S01,Ayesha,T17,dine_in,CLB,Cold Brew,Coffee,1,680,680.0,0.0,0,0,0,closed,card,714.0,0.05,C52c10a5cf0
ORD001266,2026-05-09 08:11:41,S03,Bilal,T4,dine_in,ICL,Iced Latte,Coffee,1,640,640.0,0.0,0,0,0,closed,wallet,1218.0,0.05,Cd99c3dfb4b
ORD001266,2026-05-09 08:11:41,S03,Bilal,T4,dine_in,CRO,Butter Croissant,Bakery,1,520,520.0,0.0,0,0,0,closed,wallet,1218.0,0.05,Cd99c3dfb4b
ORD001267,2026-05-09 12:17:53,S07,Daniyal,T8,dine_in,IMP,Imported Soda,Other,1,480,480.0,0.0,0,0,0,closed,card,945.0,0.05,Ca4c85907e3
ORD001267,2026-05-09 12:17:53,S07,Daniyal,T8,dine_in,ESP,Espresso,Coffee,1,420,420.0,0.0,0,0,0,closed,card,945.0,0.05,Ca4c85907e3
ORD001268,2026-05-09 21:06:56,S05,Usman,T13,dine_in,ESP,Espresso,Coffee,1,420,420.0,0.0,0,0,0,closed,card,441.0,0.05,C15b9349236
ORD001269,2026-05-09 08:51:05,S07,Daniyal,,takeaway,CKE,Slice of Cake,Bakery,1,780,780.0,0.0,0,0,0,closed,cash,2139.0,0.15,
ORD001269,2026-05-09 08:51:05,S07,Daniyal,,takeaway,IMP,Imported Soda,Other,1,480,480.0,0.0,0,0,0,closed,cash,2139.0,0.15,
ORD001269,2026-05-09 08:51:05,S07,Daniyal,,takeaway,FLW,Flat White,Coffee,1,600,600.0,0.0,0,0,0,closed,cash,2139.0,0.15,
ORD001270,2026-05-09 09:50:28,S07,Daniyal,,takeaway,ESP,Espresso,Coffee,1,420,420.0,0.0,0,0,0,closed,qr,2436.0,0.05,C651e9754b8
ORD001270,2026-05-09 09:50:28,S07,Daniyal,,takeaway,MOC,Mocha,Coffee,1,650,650.0,0.0,0,0,0,closed,qr,2436.0,0.05,C651e9754b8
ORD001270,2026-05-09 09:50:28,S07,Daniyal,,takeaway,SAL,Garden Salad,Food,1,1250,1250.0,0.0,0,0,0,closed,qr,2436.0,0.05,C651e9754b8
ORD001271,2026-05-09 11:48:31,S03,Bilal,T3,dine_in,FLW,Flat White,Coffee,1,600,0.0,120.0,1,0,0,partial_void,card,0.0,0.05,C48a1bf56dd
ORD001272,2026-05-09 20:25:41,S06,Zainab,,takeaway,CRO,Butter Croissant,Bakery,1,520,520.0,0.0,0,0,0,closed,cash,2075.0,0.15,Cb6d515d5b1
ORD001272,2026-05-09 20:25:41,S06,Zainab,,takeaway,LAT,Cafe Latte,Coffee,1,580,580.0,0.0,0,0,0,closed,cash,2075.0,0.15,Cb6d515d5b1
ORD001272,2026-05-09 20:25:41,S06,Zainab,,takeaway,CKE2,Cheesecake,Bakery,1,880,704.0,176.0,0,0,0,closed,cash,2075.0,0.15,Cb6d515d5b1
ORD001273,2026-05-09 11:10:02,S01,Ayesha,,takeaway,CRO,Butter Croissant,Bakery,1,520,520.0,0.0,0,0,0,closed,qr,1134.0,0.05,Cc07b88420a
ORD001273,2026-05-09 11:10:02,S01,Ayesha,,takeaway,CAP,Cappuccino,Coffee,1,560,560.0,0.0,0,0,0,closed,qr,1134.0,0.05,Cc07b88420a
ORD001274,2026-05-09 09:34:36,S01,Ayesha,T6,dine_in,CAP,Cappuccino,Coffee,1,560,560.0,0.0,0,0,0,closed,wallet,588.0,0.05,C6694a28353
ORD001275,2026-05-09 09:57:41,S06,Zainab,T2,dine_in,FLW,Flat White,Coffee,1,600,510.0,90.0,0,0,0,closed,card,3297.0,0.05,Ce1cdfc3bc4
ORD001275,2026-05-09 09:57:41,S06,Zainab,T2,dine_in,BFP,Big Breakfast,Food,1,1850,1850.0,0.0,0,0,0,closed,card,3297.0,0.05,Ce1cdfc3bc4
ORD001275,2026-05-09 09:57:41,S06,Zainab,T2,dine_in,CKE,Slice of Cake,Bakery,1,780,780.0,0.0,0,0,0,closed,card,3297.0,0.05,Ce1cdfc3bc4
ORD001276,2026-05-09 08:25:58,S03,Bilal,T5,dine_in,CKE2,Cheesecake,Bakery,1,880,880.0,0.0,0,0,0,closed,card,1082.0,0.05,C882ffcc387
ORD001276,2026-05-09 08:25:58,S03,Bilal,T5,dine_in,WTR,Bottled Water,Other,1,150,150.0,0.0,0,0,0,closed,card,1082.0,0.05,C882ffcc387
ORD001277,2026-05-09 15:49:21,S07,Daniyal,T5,dine_in,MOC,Mocha,Coffee,1,650,650.0,0.0,0,0,0,closed,qr,1808.0,0.05,C84719e966a
ORD001277,2026-05-09 15:49:21,S07,Daniyal,T5,dine_in,AMR,Americano,Coffee,1,480,432.0,48.0,0,0,0,closed,qr,1808.0,0.05,C84719e966a
ORD001277,2026-05-09 15:49:21,S07,Daniyal,T5,dine_in,ICL,Iced Latte,Coffee,1,640,640.0,0.0,0,0,0,closed,qr,1808.0,0.05,C84719e966a
ORD001278,2026-05-09 11:37:08,S03,Bilal,T3,dine_in,IMP,Imported Soda,Other,1,480,480.0,0.0,0,0,0,closed,cash,552.0,0.15,Cbcf52aba85
ORD001279,2026-05-09 20:16:24,S02,Hamza,,takeaway,CLB,Cold Brew,Coffee,1,680,680.0,0.0,0,0,0,closed,card,714.0,0.05,C19ab330972
ORD001280,2026-05-09 09:20:55,S03,Bilal,T7,dine_in,SAN,Chicken Sandwich,Food,1,1350,1350.0,0.0,0,0,0,closed,card,2048.0,0.05,Cc8157a5ef0
ORD001280,2026-05-09 09:20:55,S03,Bilal,T7,dine_in,FLW,Flat White,Coffee,1,600,600.0,0.0,0,0,0,closed,card,2048.0,0.05,Cc8157a5ef0
ORD001281,2026-05-09 20:31:58,S08,Mahnoor,,takeaway,CKE2,Cheesecake,Bakery,1,880,880.0,0.0,0,0,0,closed,card,924.0,0.05,C8cacaf653b
ORD001282,2026-05-09 16:52:16,S06,Zainab,,takeaway,MAT,Matcha Latte,Coffee,1,720,720.0,0.0,0,0,0,closed,cash,828.0,0.15,Ca376152b0e
ORD001283,2026-05-09 18:13:56,S04,Sara,,takeaway,CAP,Cappuccino,Coffee,1,560,560.0,0.0,0,0,0,closed,cash,644.0,0.15,
ORD001284,2026-05-09 13:42:18,S07,Daniyal,T17,dine_in,MAT,Matcha Latte,Coffee,1,720,720.0,0.0,0,0,0,closed,card,2698.0,0.05,C882ffcc387
ORD001284,2026-05-09 13:42:18,S07,Daniyal,T17,dine_in,BFP,Big Breakfast,Food,1,1850,1850.0,0.0,0,0,0,closed,card,2698.0,0.05,C882ffcc387
ORD001285,2026-05-09 09:25:30,S03,Bilal,,takeaway,CRO,Butter Croissant,Bakery,1,520,520.0,0.0,0,0,0,closed,wallet,1176.0,0.05,C1173024c92
ORD001285,2026-05-09 09:25:30,S03,Bilal,,takeaway,FLW,Flat White,Coffee,1,600,600.0,0.0,0,0,0,closed,wallet,1176.0,0.05,C1173024c92
ORD001286,2026-05-09 07:34:11,S06,Zainab,,takeaway,PAS,Pasta,Food,1,1650,1650.0,0.0,0,0,0,closed,cash,1897.0,0.15,
ORD001287,2026-05-09 08:41:00,S02,Hamza,,takeaway,HOT,Hot Chocolate,Coffee,1,560,560.0,0.0,0,0,0,closed,card,588.0,0.05,C49e1d6c4d1
ORD001288,2026-05-09 20:25:10,S08,Mahnoor,T14,dine_in,FLW,Flat White,Coffee,1,600,600.0,0.0,0,0,0,closed,cash,2242.0,0.15,
ORD001288,2026-05-09 20:25:10,S08,Mahnoor,T14,dine_in,SAN,Chicken Sandwich,Food,1,1350,1350.0,0.0,0,0,0,closed,cash,2242.0,0.15,
ORD001289,2026-05-09 07:03:47,S02,Hamza,T8,dine_in,SAN,Chicken Sandwich,Food,1,1350,1350.0,0.0,0,0,0,closed,cash,1552.0,0.15,C0a59a1a9a2
ORD001290,2026-05-09 20:01:59,S03,Bilal,T2,dine_in,CKE2,Cheesecake,Bakery,1,880,880.0,0.0,0,0,0,closed,card,1428.0,0.05,Ccc55e927ed
ORD001290,2026-05-09 20:01:59,S03,Bilal,T2,dine_in,SAN,Chicken Sandwich,Food,1,1350,0.0,0.0,1,0,0,partial_void,card,1428.0,0.05,Ccc55e927ed
ORD001290,2026-05-09 20:01:59,S03,Bilal,T2,dine_in,AMR,Americano,Coffee,1,480,480.0,0.0,0,0,0,partial_void,card,1428.0,0.05,Ccc55e927ed
ORD001291,2026-05-09 10:42:09,S04,Sara,,takeaway,CAP,Cappuccino,Coffee,1,560,560.0,0.0,0,0,0,closed,card,1218.0,0.05,C2188215021
ORD001291,2026-05-09 10:42:09,S04,Sara,,takeaway,PNC,Pain au Chocolat,Bakery,1,600,600.0,0.0,0,0,0,closed,card,1218.0,0.05,C2188215021
ORD001292,2026-05-09 20:22:17,S05,Usman,T7,dine_in,MOC,Mocha,Coffee,1,650,650.0,0.0,0,0,0,closed,cash,1495.0,0.15,
ORD001292,2026-05-09 20:22:17,S05,Usman,T7,dine_in,MOC,Mocha,Coffee,1,650,650.0,0.0,0,0,0,closed,cash,1495.0,0.15,
ORD001293,2026-05-09 14:39:02,S05,Usman,,takeaway,MAT,Matcha Latte,Coffee,1,720,648.0,72.0,0,0,0,closed,wallet,680.0,0.05,C77ab9059ad
ORD001294,2026-05-09 14:11:19,S03,Bilal,T6,dine_in,LAT,Cafe Latte,Coffee,1,580,580.0,0.0,0,0,0,closed,card,609.0,0.05,Ca2c33b664c
ORD001295,2026-05-09 12:50:12,S07,Daniyal,T15,dine_in,SAN,Chicken Sandwich,Food,1,1350,1350.0,0.0,0,0,0,closed,cash,1552.0,0.15,
ORD001296,2026-05-09 07:17:44,S08,Mahnoor,T17,dine_in,ESP,Espresso,Coffee,1,420,420.0,0.0,0,0,0,closed,cash,483.0,0.15,
ORD001297,2026-05-09 19:30:47,S05,Usman,T13,dine_in,BFP,Big Breakfast,Food,1,1850,1850.0,0.0,0,0,0,closed,cash,2128.0,0.15,Cabd31f1c0f
ORD001298,2026-05-09 12:31:54,S07,Daniyal,,takeaway,LAT,Cafe Latte,Coffee,1,580,464.0,116.0,0,0,0,closed,card,487.0,0.05,C13ed41d309
ORD001299,2026-05-09 13:54:22,S07,Daniyal,T14,dine_in,CLB,Cold Brew,Coffee,1,680,680.0,0.0,0,0,0,closed,wallet,2026.0,0.05,C0b90585403
ORD001299,2026-05-09 13:54:22,S07,Daniyal,T14,dine_in,SAL,Garden Salad,Food,1,1250,1250.0,0.0,0,0,0,closed,wallet,2026.0,0.05,C0b90585403
ORD001300,2026-05-09 17:03:09,S08,Mahnoor,T6,dine_in,CKE,Slice of Cake,Bakery,1,780,780.0,0.0,0,0,0,closed,cash,897.0,0.15,Cf6ab8afba7
ORD001301,2026-05-09 08:23:26,S07,Daniyal,T2,dine_in,CRO,Butter Croissant,Bakery,1,520,520.0,0.0,0,0,0,closed,card,1596.0,0.05,C49e1d6c4d1
ORD001301,2026-05-09 08:23:26,S07,Daniyal,T2,dine_in,LAT,Cafe Latte,Coffee,1,580,580.0,0.0,0,0,0,closed,card,1596.0,0.05,C49e1d6c4d1
ORD001301,2026-05-09 08:23:26,S07,Daniyal,T2,dine_in,ESP,Espresso,Coffee,1,420,420.0,0.0,0,0,0,closed,card,1596.0,0.05,C49e1d6c4d1
ORD001302,2026-05-09 20:26:56,S08,Mahnoor,,takeaway,AVT,Avocado Toast,Food,1,1450,1450.0,0.0,0,0,0,closed,cash,2450.0,0.15,
ORD001302,2026-05-09 20:26:56,S08,Mahnoor,,takeaway,CLB,Cold Brew,Coffee,1,680,680.0,0.0,0,0,0,closed,cash,2450.0,0.15,
ORD001303,2026-05-09 11:36:26,S04,Sara,T6,dine_in,ICL,Iced Latte,Coffee,1,640,640.0,0.0,0,0,0,closed,cash,1472.0,0.15,
ORD001303,2026-05-09 11:36:26,S04,Sara,T6,dine_in,ICL,Iced Latte,Coffee,1,640,640.0,0.0,0,0,0,closed,cash,1472.0,0.15,
ORD001304,2026-05-09 19:36:08,S03,Bilal,,takeaway,CKE,Slice of Cake,Bakery,1,780,663.0,117.0,0,0,0,closed,cash,762.0,0.15,C696a0e3c55
ORD001305,2026-05-09 11:11:53,S01,Ayesha,,takeaway,ESP,Espresso,Coffee,1,420,420.0,0.0,0,0,0,closed,cash,3277.0,0.15,Cfa4fd96bf5
ORD001305,2026-05-09 11:11:53,S01,Ayesha,,takeaway,LAT,Cafe Latte,Coffee,1,580,580.0,0.0,0,0,0,closed,cash,3277.0,0.15,Cfa4fd96bf5
ORD001305,2026-05-09 11:11:53,S01,Ayesha,,takeaway,BFP,Big Breakfast,Food,1,1850,1850.0,0.0,0,0,0,closed,cash,3277.0,0.15,Cfa4fd96bf5
ORD001306,2026-05-09 18:49:51,S04,Sara,T15,dine_in,BFP,Big Breakfast,Food,1,1850,1850.0,0.0,0,0,0,closed,cash,2128.0,0.15,
ORD001307,2026-05-09 08:56:05,S04,Sara,,takeaway,CAP,Cappuccino,Coffee,1,560,560.0,0.0,0,0,0,closed,card,1270.0,0.05,C5a2357ecb7
ORD001307,2026-05-09 08:56:05,S04,Sara,,takeaway,MOC,Mocha,Coffee,1,650,650.0,0.0,0,0,0,closed,card,1270.0,0.05,C5a2357ecb7
ORD001308,2026-05-09 13:28:12,S01,Ayesha,T17,dine_in,ICL,Iced Latte,Coffee,1,640,640.0,0.0,0,0,0,closed,card,2194.0,0.05,C9d6b8398a5
ORD001308,2026-05-09 13:28:12,S01,Ayesha,T17,dine_in,AVT,Avocado Toast,Food,1,1450,1450.0,0.0,0,0,0,closed,card,2194.0,0.05,C9d6b8398a5
ORD001309,2026-05-09 13:07:26,S08,Mahnoor,T1,dine_in,PNC,Pain au Chocolat,Bakery,1,600,600.0,0.0,0,0,0,closed,cash,1380.0,0.15,
ORD001309,2026-05-09 13:07:26,S08,Mahnoor,T1,dine_in,PNC,Pain au Chocolat,Bakery,1,600,600.0,0.0,0,0,0,closed,cash,1380.0,0.15,
ORD001310,2026-05-09 12:56:49,S03,Bilal,,takeaway,CAP,Cappuccino,Coffee,1,560,560.0,0.0,0,0,0,closed,cash,1141.0,0.15,C58cf770e72
ORD001310,2026-05-09 12:56:49,S03,Bilal,,takeaway,AMR,Americano,Coffee,1,480,432.0,48.0,0,0,0,closed,cash,1141.0,0.15,C58cf770e72
ORD001311,2026-05-09 16:40:57,S02,Hamza,T13,dine_in,PNC,Pain au Chocolat,Bakery,1,600,600.0,0.0,0,0,0,closed,card,3675.0,0.05,Cfc5da82ed6
ORD001311,2026-05-09 16:40:57,S02,Hamza,T13,dine_in,AVT,Avocado Toast,Food,2,1450,2900.0,0.0,0,0,0,closed,card,3675.0,0.05,Cfc5da82ed6
ORD001312,2026-05-09 16:21:36,S03,Bilal,,takeaway,MAT,Matcha Latte,Coffee,1,720,720.0,0.0,0,0,0,closed,cash,828.0,0.15,
ORD001313,2026-05-09 15:54:07,S03,Bilal,,takeaway,ESP,Espresso,Coffee,1,420,420.0,0.0,0,0,0,closed,cash,483.0,0.15,Ccc9d16b74f
ORD001314,2026-05-09 20:12:43,S05,Usman,T7,dine_in,CRO,Butter Croissant,Bakery,1,520,520.0,0.0,0,0,0,closed,card,1113.0,0.05,C8641ddcc9a
ORD001314,2026-05-09 20:12:43,S05,Usman,T7,dine_in,FLW,Flat White,Coffee,1,600,540.0,60.0,0,0,0,closed,card,1113.0,0.05,C8641ddcc9a
ORD001315,2026-05-09 18:19:10,S06,Zainab,T1,dine_in,LAT,Cafe Latte,Coffee,1,580,0.0,0.0,0,0,1,closed,cash,0.0,0.15,
ORD001316,2026-05-09 15:36:28,S07,Daniyal,,takeaway,AVT,Avocado Toast,Food,1,1450,1450.0,0.0,0,0,0,closed,qr,1522.0,0.05,C19ab330972
ORD001317,2026-05-09 09:02:22,S06,Zainab,T14,dine_in,CLB,Cold Brew,Coffee,1,680,680.0,0.0,0,0,0,closed,card,714.0,0.05,C3a7a2f7c00
ORD001318,2026-05-09 22:52:44,S05,Usman,,takeaway,CKE,Slice of Cake,Bakery,1,780,780.0,0.0,0,0,0,closed,wallet,819.0,0.05,Cdcafa2df6c
ORD001319,2026-05-09 10:26:09,S04,Sara,,takeaway,CRO,Butter Croissant,Bakery,1,520,520.0,0.0,0,0,0,closed,card,1092.0,0.05,Cbf1fa8f7c6
ORD001319,2026-05-09 10:26:09,S04,Sara,,takeaway,CRO,Butter Croissant,Bakery,1,520,520.0,0.0,0,0,0,closed,card,1092.0,0.05,Cbf1fa8f7c6
ORD001320,2026-05-09 21:08:47,S01,Ayesha,,takeaway,CLB,Cold Brew,Coffee,1,680,680.0,0.0,0,0,0,closed,card,714.0,0.05,C8f113a4739
ORD001321,2026-05-09 10:59:36,S07,Daniyal,T12,dine_in,IMP,Imported Soda,Other,1,480,480.0,0.0,0,0,0,closed,cash,1886.0,0.15,
ORD001321,2026-05-09 10:59:36,S07,Daniyal,T12,dine_in,PNC,Pain au Chocolat,Bakery,1,600,600.0,0.0,0,0,0,closed,cash,1886.0,0.15,
ORD001321,2026-05-09 10:59:36,S07,Daniyal,T12,dine_in,CAP,Cappuccino,Coffee,1,560,560.0,0.0,0,0,0,closed,cash,1886.0,0.15,
ORD001322,2026-05-09 16:31:28,S03,Bilal,T14,dine_in,AMR,Americano,Coffee,1,480,480.0,0.0,0,0,0,closed,card,504.0,0.05,C17a403a366
ORD001323,2026-05-09 17:20:12,S04,Sara,,takeaway,PAS,Pasta,Food,1,1650,1320.0,330.0,0,0,0,closed,cash,1518.0,0.15,Ca376152b0e
ORD001324,2026-05-09 07:50:19,S04,Sara,,takeaway,FLW,Flat White,Coffee,1,600,480.0,120.0,0,0,0,closed,wallet,504.0,0.05,C00429c9c61
ORD001325,2026-05-09 10:08:02,S07,Daniyal,,takeaway,PNC,Pain au Chocolat,Bakery,1,600,600.0,0.0,0,0,0,closed,wallet,1449.0,0.05,Cadc987ad2c
ORD001325,2026-05-09 10:08:02,S07,Daniyal,,takeaway,CKE,Slice of Cake,Bakery,1,780,780.0,0.0,0,0,0,closed,wallet,1449.0,0.05,Cadc987ad2c
ORD001326,2026-05-09 08:01:36,S08,Mahnoor,,takeaway,IMP,Imported Soda,Other,1,480,480.0,0.0,0,0,0,closed,cash,552.0,0.15,
ORD001327,2026-05-09 21:41:54,S06,Zainab,T5,dine_in,CRO,Butter Croissant,Bakery,1,520,416.0,104.0,0,0,0,closed,wallet,437.0,0.05,Cbac72cb73a
ORD001328,2026-05-09 16:21:30,S03,Bilal,,takeaway,FLW,Flat White,Coffee,1,600,600.0,0.0,0,0,0,closed,cash,2932.0,0.15,
ORD001328,2026-05-09 16:21:30,S03,Bilal,,takeaway,SAN,Chicken Sandwich,Food,1,1350,1350.0,0.0,0,0,0,closed,cash,2932.0,0.15,
ORD001328,2026-05-09 16:21:30,S03,Bilal,,takeaway,FLW,Flat White,Coffee,1,600,600.0,0.0,0,0,0,closed,cash,2932.0,0.15,
ORD001329,2026-05-09 07:31:31,S08,Mahnoor,T6,dine_in,CLB,Cold Brew,Coffee,1,680,680.0,0.0,0,0,0,closed,card,714.0,0.05,Cf26c233ff9
ORD001330,2026-05-09 09:53:39,S02,Hamza,T17,dine_in,BFP,Big Breakfast,Food,1,1850,1850.0,0.0,0,0,0,closed,cash,3680.0,0.15,Ca2c33b664c
ORD001330,2026-05-09 09:53:39,S02,Hamza,T17,dine_in,SAN,Chicken Sandwich,Food,1,1350,1350.0,0.0,0,0,0,closed,cash,3680.0,0.15,Ca2c33b664c
ORD001331,2026-05-09 14:49:14,S06,Zainab,,takeaway,CLB,Cold Brew,Coffee,1,680,680.0,0.0,0,0,0,closed,qr,1117.0,0.05,C5b78c4def6
ORD001331,2026-05-09 14:49:14,S06,Zainab,,takeaway,AMR,Americano,Coffee,1,480,384.0,96.0,0,0,0,closed,qr,1117.0,0.05,C5b78c4def6
ORD001332,2026-05-09 12:44:15,S03,Bilal,,takeaway,AMR,Americano,Coffee,1,480,0.0,0.0,0,0,1,closed,cash,2772.0,0.15,C6694a28353
ORD001332,2026-05-09 12:44:15,S03,Bilal,,takeaway,BFP,Big Breakfast,Food,1,1850,1850.0,0.0,0,0,0,closed,cash,2772.0,0.15,C6694a28353
ORD001332,2026-05-09 12:44:15,S03,Bilal,,takeaway,HOT,Hot Chocolate,Coffee,1,560,560.0,0.0,0,0,0,closed,cash,2772.0,0.15,C6694a28353
ORD001333,2026-05-09 20:42:23,S04,Sara,T4,dine_in,ESP,Espresso,Coffee,1,420,420.0,0.0,0,0,0,closed,qr,1071.0,0.05,C96285ec529
ORD001333,2026-05-09 20:42:23,S04,Sara,T4,dine_in,FLW,Flat White,Coffee,1,600,600.0,0.0,0,0,0,closed,qr,1071.0,0.05,C96285ec529
ORD001334,2026-05-09 14:48:15,S03,Bilal,T18,dine_in,CAP,Cappuccino,Coffee,1,560,560.0,0.0,0,0,0,closed,card,588.0,0.05,C0b90585403
ORD001335,2026-05-09 13:35:25,S05,Usman,,takeaway,MOC,Mocha,Coffee,1,650,650.0,0.0,0,0,0,closed,cash,747.0,0.15,Cae4003d5ae
ORD001336,2026-05-09 22:44:27,S04,Sara,,takeaway,LAT,Cafe Latte,Coffee,1,580,580.0,0.0,0,0,0,closed,cash,667.0,0.15,
ORD001337,2026-05-09 07:32:58,S01,Ayesha,,takeaway,CRO,Butter Croissant,Bakery,1,520,520.0,0.0,0,0,0,closed,wallet,1218.0,0.05,C13ed41d309
ORD001337,2026-05-09 07:32:58,S01,Ayesha,,takeaway,ICL,Iced Latte,Coffee,1,640,640.0,0.0,0,0,0,closed,wallet,1218.0,0.05,C13ed41d309
ORD001338,2026-05-09 09:55:14,S02,Hamza,T5,dine_in,LAT,Cafe Latte,Coffee,1,580,580.0,0.0,0,0,0,closed,wallet,609.0,0.05,Ca4c85907e3
ORD001339,2026-05-09 11:42:07,S02,Hamza,T13,dine_in,CAP,Cappuccino,Coffee,1,560,560.0,0.0,0,0,0,closed,card,1029.0,0.05,C897a158acd
ORD001339,2026-05-09 11:42:07,S02,Hamza,T13,dine_in,ESP,Espresso,Coffee,1,420,420.0,0.0,0,0,0,closed,card,1029.0,0.05,C897a158acd
ORD001340,2026-05-09 10:46:44,S01,Ayesha,,takeaway,CRO,Butter Croissant,Bakery,1,520,520.0,0.0,0,0,0,closed,cash,598.0,0.15,
ORD001341,2026-05-09 11:52:39,S06,Zainab,,takeaway,BFP,Big Breakfast,Food,1,1850,1850.0,0.0,0,0,0,closed,cash,2300.0,0.15,
ORD001341,2026-05-09 11:52:39,S06,Zainab,,takeaway,WTR,Bottled Water,Other,1,150,150.0,0.0,0,0,0,closed,cash,2300.0,0.15,
ORD001342,2026-05-09 21:47:24,S02,Hamza,,takeaway,PAS,Pasta,Food,2,1650,3300.0,0.0,0,0,0,closed,card,3862.0,0.05,C96285ec529
ORD001342,2026-05-09 21:47:24,S02,Hamza,,takeaway,ESP,Espresso,Coffee,1,420,378.0,42.0,0,0,0,closed,card,3862.0,0.05,C96285ec529
ORD001343,2026-05-09 11:23:02,S03,Bilal,,takeaway,SAN,Chicken Sandwich,Food,1,1350,0.0,0.0,0,0,1,closed,wallet,0.0,0.05,Cf75f1d84fe
ORD001344,2026-05-09 07:37:07,S03,Bilal,T8,dine_in,CAP,Cappuccino,Coffee,1,560,560.0,0.0,0,0,0,closed,cash,644.0,0.15,Ca5c0a2cc4b
ORD001345,2026-05-09 16:38:23,S04,Sara,,takeaway,AMR,Americano,Coffee,1,480,408.0,72.0,0,0,0,closed,cash,1895.0,0.15,
ORD001345,2026-05-09 16:38:23,S04,Sara,,takeaway,CRO,Butter Croissant,Bakery,1,520,520.0,0.0,0,0,0,closed,cash,1895.0,0.15,
ORD001345,2026-05-09 16:38:23,S04,Sara,,takeaway,MAT,Matcha Latte,Coffee,1,720,720.0,0.0,0,0,0,closed,cash,1895.0,0.15,
ORD001346,2026-05-09 09:18:47,S05,Usman,,takeaway,ESP,Espresso,Coffee,1,420,420.0,0.0,0,0,0,closed,qr,441.0,0.05,C1771e35d2c
ORD001347,2026-05-09 12:33:13,S05,Usman,,takeaway,CAP,Cappuccino,Coffee,1,560,560.0,0.0,0,0,0,closed,wallet,4103.0,0.05,C153064c6a0
ORD001347,2026-05-09 12:33:13,S05,Usman,,takeaway,CAP,Cappuccino,Coffee,1,560,448.0,112.0,0,0,0,closed,wallet,4103.0,0.05,C153064c6a0
ORD001347,2026-05-09 12:33:13,S05,Usman,,takeaway,AVT,Avocado Toast,Food,2,1450,2900.0,0.0,0,0,0,closed,wallet,4103.0,0.05,C153064c6a0
ORD001348,2026-05-09 12:01:28,S01,Ayesha,T5,dine_in,LAT,Cafe Latte,Coffee,1,580,580.0,0.0,0,0,0,closed,wallet,609.0,0.05,Ca776d61373
ORD001349,2026-05-09 09:12:43,S01,Ayesha,T8,dine_in,ICL,Iced Latte,Coffee,1,640,640.0,0.0,0,0,0,closed,cash,736.0,0.15,
ORD001350,2026-05-09 11:23:08,S03,Bilal,T3,dine_in,LAT,Cafe Latte,Coffee,1,580,580.0,0.0,0,0,0,closed,card,609.0,0.05,Cf6ab8afba7
ORD001351,2026-05-09 11:43:51,S06,Zainab,,takeaway,ICL,Iced Latte,Coffee,1,640,640.0,0.0,0,0,0,closed,qr,672.0,0.05,C44fdf11b8b
ORD001352,2026-05-09 22:27:47,S05,Usman,,takeaway,LAT,Cafe Latte,Coffee,1,580,580.0,0.0,0,0,0,closed,cash,667.0,0.15,Ccc55e927ed
ORD001352,2026-05-09 22:27:47,S05,Usman,,takeaway,FLW,Flat White,Coffee,1,600,0.0,0.0,1,0,0,partial_void,cash,667.0,0.15,Ccc55e927ed
ORD001353,2026-05-09 08:15:47,S08,Mahnoor,,takeaway,ESP,Espresso,Coffee,1,420,420.0,0.0,0,0,0,closed,wallet,441.0,0.05,C17a403a366
ORD001354,2026-05-09 15:31:15,S04,Sara,T5,dine_in,AVT,Avocado Toast,Food,1,1450,1450.0,0.0,0,0,0,closed,cash,1667.0,0.15,
ORD001355,2026-05-09 08:20:15,S03,Bilal,,takeaway,SAN,Chicken Sandwich,Food,1,1350,1350.0,0.0,0,0,0,closed,qr,1418.0,0.05,Cb382a09d4b
ORD001356,2026-05-09 18:14:46,S06,Zainab,,takeaway,CAP,Cappuccino,Coffee,1,560,0.0,0.0,0,0,1,closed,card,0.0,0.05,Cb616ef25f5
ORD001357,2026-05-09 11:14:48,S03,Bilal,T10,dine_in,CRO,Butter Croissant,Bakery,1,520,0.0,0.0,0,0,1,closed,card,756.0,0.05,C7ba0284aa6
ORD001357,2026-05-09 11:14:48,S03,Bilal,T10,dine_in,MAT,Matcha Latte,Coffee,1,720,720.0,0.0,0,0,0,closed,card,756.0,0.05,C7ba0284aa6
ORD001358,2026-05-09 09:44:21,S03,Bilal,,takeaway,CKE,Slice of Cake,Bakery,1,780,780.0,0.0,0,0,0,closed,card,819.0,0.05,Cb9dfcf228e
ORD001359,2026-05-09 07:45:53,S07,Daniyal,,takeaway,AVT,Avocado Toast,Food,2,1450,2900.0,0.0,0,0,0,closed,qr,3045.0,0.05,Cadc75d3967
ORD001360,2026-05-09 12:13:13,S02,Hamza,T17,dine_in,ESP,Espresso,Coffee,1,420,336.0,84.0,0,0,0,closed,cash,2514.0,0.15,Ca2c33b664c
ORD001360,2026-05-09 12:13:13,S02,Hamza,T17,dine_in,BFP,Big Breakfast,Food,1,1850,1850.0,0.0,0,0,0,closed,cash,2514.0,0.15,Ca2c33b664c
ORD001361,2026-05-09 18:40:18,S02,Hamza,,takeaway,CAP,Cappuccino,Coffee,1,560,448.0,112.0,0,0,0,closed,card,1142.0,0.05,C12428ddf53
ORD001361,2026-05-09 18:40:18,S02,Hamza,,takeaway,ICL,Iced Latte,Coffee,1,640,640.0,0.0,0,0,0,closed,card,1142.0,0.05,C12428ddf53
ORD001362,2026-05-09 12:36:59,S01,Ayesha,,takeaway,LAT,Cafe Latte,Coffee,1,580,580.0,0.0,0,0,0,closed,cash,1403.0,0.15,C59d132966a
ORD001362,2026-05-09 12:36:59,S01,Ayesha,,takeaway,ICL,Iced Latte,Coffee,1,640,640.0,0.0,0,0,0,closed,cash,1403.0,0.15,C59d132966a
ORD001363,2026-05-09 21:18:36,S08,Mahnoor,T16,dine_in,CKE,Slice of Cake,Bakery,1,780,780.0,0.0,0,0,0,closed,cash,2277.0,0.15,C5135e572df
ORD001363,2026-05-09 21:18:36,S08,Mahnoor,T16,dine_in,HOT,Hot Chocolate,Coffee,1,560,560.0,0.0,0,0,0,closed,cash,2277.0,0.15,C5135e572df
ORD001363,2026-05-09 21:18:36,S08,Mahnoor,T16,dine_in,ICL,Iced Latte,Coffee,1,640,640.0,0.0,0,0,0,closed,cash,2277.0,0.15,C5135e572df
ORD001364,2026-05-09 19:52:20,S01,Ayesha,,takeaway,BFP,Big Breakfast,Food,1,1850,1850.0,0.0,0,0,0,closed,cash,2128.0,0.15,
ORD001365,2026-05-09 09:57:24,S02,Hamza,T6,dine_in,MAT,Matcha Latte,Coffee,1,720,720.0,0.0,0,0,0,closed,cash,2208.0,0.15,
ORD001365,2026-05-09 09:57:24,S02,Hamza,T6,dine_in,PNC,Pain au Chocolat,Bakery,1,600,600.0,0.0,0,0,0,closed,cash,2208.0,0.15,
ORD001365,2026-05-09 09:57:24,S02,Hamza,T6,dine_in,PNC,Pain au Chocolat,Bakery,1,600,600.0,0.0,0,0,0,closed,cash,2208.0,0.15,
ORD001366,2026-05-09 18:08:58,S04,Sara,,takeaway,FLW,Flat White,Coffee,1,600,600.0,0.0,0,0,0,closed,qr,3885.0,0.05,Ce48bdeaed6
ORD001366,2026-05-09 18:08:58,S04,Sara,,takeaway,BFP,Big Breakfast,Food,1,1850,1850.0,0.0,0,0,0,closed,qr,3885.0,0.05,Ce48bdeaed6
ORD001366,2026-05-09 18:08:58,S04,Sara,,takeaway,SAL,Garden Salad,Food,1,1250,1250.0,0.0,0,0,0,closed,qr,3885.0,0.05,Ce48bdeaed6
ORD001367,2026-05-09 20:03:21,S05,Usman,T17,dine_in,CKE2,Cheesecake,Bakery,1,880,880.0,0.0,0,0,0,closed,card,924.0,0.05,C3acdc810ed
ORD001368,2026-05-09 19:25:01,S06,Zainab,T15,dine_in,LAT,Cafe Latte,Coffee,1,580,0.0,0.0,0,0,1,closed,cash,690.0,0.15,
ORD001368,2026-05-09 19:25:01,S06,Zainab,T15,dine_in,PNC,Pain au Chocolat,Bakery,1,600,600.0,0.0,0,0,0,closed,cash,690.0,0.15,
ORD001369,2026-05-09 11:03:53,S01,Ayesha,T5,dine_in,CAP,Cappuccino,Coffee,1,560,560.0,0.0,0,0,0,closed,cash,644.0,0.15,
ORD001370,2026-05-09 20:17:21,S08,Mahnoor,,takeaway,AVT,Avocado Toast,Food,2,1450,2900.0,0.0,0,0,0,closed,cash,3335.0,0.15,
ORD001371,2026-05-09 12:00:00,S01,Ayesha,T15,dine_in,SAN,Chicken Sandwich,Food,1,1350,1350.0,0.0,0,0,0,closed,card,2048.0,0.05,C5d91950e13
ORD001371,2026-05-09 12:00:00,S01,Ayesha,T15,dine_in,FLW,Flat White,Coffee,1,600,600.0,0.0,0,0,0,closed,card,2048.0,0.05,C5d91950e13
ORD001372,2026-05-09 11:49:32,S08,Mahnoor,,takeaway,CLB,Cold Brew,Coffee,1,680,680.0,0.0,0,0,0,closed,card,714.0,0.05,Cae71811198
ORD001373,2026-05-09 09:52:30,S01,Ayesha,,takeaway,AMR,Americano,Coffee,1,480,480.0,0.0,0,0,0,closed,cash,552.0,0.15,
ORD001374,2026-05-09 22:03:11,S01,Ayesha,,takeaway,LAT,Cafe Latte,Coffee,1,580,580.0,0.0,0,0,0,closed,card,766.0,0.05,C19ab330972
ORD001374,2026-05-09 22:03:11,S01,Ayesha,,takeaway,WTR,Bottled Water,Other,1,150,150.0,0.0,0,0,0,closed,card,766.0,0.05,C19ab330972
ORD001375,2026-05-09 11:52:38,S08,Mahnoor,T16,dine_in,CAP,Cappuccino,Coffee,1,560,560.0,0.0,0,0,0,closed,card,1270.0,0.05,Cadc75d3967
ORD001375,2026-05-09 11:52:38,S08,Mahnoor,T16,dine_in,MOC,Mocha,Coffee,1,650,650.0,0.0,0,0,0,closed,card,1270.0,0.05,Cadc75d3967
ORD001376,2026-05-09 20:19:32,S01,Ayesha,T16,dine_in,PNC,Pain au Chocolat,Bakery,1,600,600.0,0.0,0,0,0,closed,cash,690.0,0.15,
ORD001376,2026-05-09 20:19:32,S01,Ayesha,T16,dine_in,PAS,Pasta,Food,1,1650,0.0,0.0,0,0,1,closed,cash,690.0,0.15,
ORD001377,2026-05-09 19:17:09,S01,Ayesha,,takeaway,AVT,Avocado Toast,Food,1,1450,1450.0,0.0,0,0,0,closed,qr,2152.0,0.05,C48bfa448ba
ORD001377,2026-05-09 19:17:09,S01,Ayesha,,takeaway,FLW,Flat White,Coffee,1,600,600.0,0.0,0,0,0,closed,qr,2152.0,0.05,C48bfa448ba
ORD001378,2026-05-09 20:30:18,S07,Daniyal,T12,dine_in,PAS,Pasta,Food,1,1650,1650.0,0.0,0,0,0,closed,qr,1732.0,0.05,Ca2c33b664c
ORD001379,2026-05-09 08:53:38,S06,Zainab,,takeaway,IMP,Imported Soda,Other,1,480,480.0,0.0,0,0,0,closed,cash,552.0,0.15,
ORD001380,2026-05-09 18:57:27,S01,Ayesha,,takeaway,AVT,Avocado Toast,Food,1,1450,1450.0,0.0,0,0,0,closed,cash,2312.0,0.15,
ORD001380,2026-05-09 18:57:27,S01,Ayesha,,takeaway,CAP,Cappuccino,Coffee,1,560,560.0,0.0,0,0,0,closed,cash,2312.0,0.15,
ORD001381,2026-05-09 11:53:37,S04,Sara,,takeaway,WTR,Bottled Water,Other,1,150,150.0,0.0,0,0,0,closed,cash,172.0,0.15,
ORD001382,2026-05-09 13:09:18,S03,Bilal,,takeaway,CRO,Butter Croissant,Bakery,1,520,0.0,0.0,0,0,1,closed,wallet,0.0,0.05,C28992a8ffd
ORD001383,2026-05-09 11:15:08,S08,Mahnoor,,takeaway,IMP,Imported Soda,Other,1,480,480.0,0.0,0,0,0,closed,card,945.0,0.05,C3d3ed875c0
ORD001383,2026-05-09 11:15:08,S08,Mahnoor,,takeaway,ESP,Espresso,Coffee,1,420,420.0,0.0,0,0,0,closed,card,945.0,0.05,C3d3ed875c0
ORD001384,2026-05-09 20:20:52,S05,Usman,,takeaway,PNC,Pain au Chocolat,Bakery,1,600,600.0,0.0,0,0,0,closed,cash,690.0,0.15,
ORD001385,2026-05-09 16:16:04,S08,Mahnoor,T11,dine_in,PAS,Pasta,Food,1,1650,1650.0,0.0,0,0,0,closed,card,2925.0,0.05,Ce3447f7952
ORD001385,2026-05-09 16:16:04,S08,Mahnoor,T11,dine_in,MAT,Matcha Latte,Coffee,1,720,720.0,0.0,0,0,0,closed,card,2925.0,0.05,Ce3447f7952
ORD001385,2026-05-09 16:16:04,S08,Mahnoor,T11,dine_in,CRO,Butter Croissant,Bakery,1,520,416.0,104.0,0,0,0,closed,card,2925.0,0.05,Ce3447f7952
ORD001386,2026-05-09 16:40:24,S03,Bilal,T18,dine_in,LAT,Cafe Latte,Coffee,1,580,522.0,58.0,0,0,0,closed,card,548.0,0.05,C48db1936bb
ORD001387,2026-05-09 11:15:37,S07,Daniyal,,takeaway,CRO,Butter Croissant,Bakery,1,520,520.0,0.0,0,0,0,closed,card,1176.0,0.05,Cc1979a2da5
ORD001387,2026-05-09 11:15:37,S07,Daniyal,,takeaway,FLW,Flat White,Coffee,1,600,600.0,0.0,0,0,0,closed,card,1176.0,0.05,Cc1979a2da5
ORD001388,2026-05-09 15:54:41,S02,Hamza,T5,dine_in,SAL,Garden Salad,Food,1,1250,1250.0,0.0,0,0,0,closed,wallet,1312.0,0.05,C482e4b19c6
ORD001389,2026-05-09 10:37:08,S04,Sara,T5,dine_in,PAS,Pasta,Food,1,1650,1650.0,0.0,0,0,0,closed,cash,1897.0,0.15,Cda98481c48
ORD001390,2026-05-09 21:15:45,S06,Zainab,T16,dine_in,AVT,Avocado Toast,Food,2,1450,2900.0,0.0,0,0,0,closed,card,4462.0,0.05,Ce6c49b0fd1
ORD001390,2026-05-09 21:15:45,S06,Zainab,T16,dine_in,SAN,Chicken Sandwich,Food,1,1350,1350.0,0.0,0,0,0,closed,card,4462.0,0.05,Ce6c49b0fd1
ORD001391,2026-05-09 18:06:20,S06,Zainab,T2,dine_in,PAS,Pasta,Food,1,1650,1650.0,0.0,0,0,0,closed,cash,1897.0,0.15,
ORD001392,2026-05-09 18:33:17,S05,Usman,T10,dine_in,WTR,Bottled Water,Other,1,150,150.0,0.0,0,0,0,closed,cash,172.0,0.15,
ORD001393,2026-05-09 07:48:09,S04,Sara,,takeaway,WTR,Bottled Water,Other,1,150,150.0,0.0,0,0,0,closed,wallet,158.0,0.05,C1519ff9d51
ORD001394,2026-05-09 21:47:02,S08,Mahnoor,,takeaway,PAS,Pasta,Food,1,1650,1650.0,0.0,0,0,0,closed,cash,1897.0,0.15,
ORD001395,2026-05-09 13:18:16,S07,Daniyal,,takeaway,WTR,Bottled Water,Other,1,150,150.0,0.0,0,0,0,closed,cash,3082.0,0.15,
ORD001395,2026-05-09 13:18:16,S07,Daniyal,,takeaway,BFP,Big Breakfast,Food,1,1850,1850.0,0.0,0,0,0,closed,cash,3082.0,0.15,
ORD001395,2026-05-09 13:18:16,S07,Daniyal,,takeaway,CLB,Cold Brew,Coffee,1,680,680.0,0.0,0,0,0,closed,cash,3082.0,0.15,
ORD001396,2026-05-09 19:37:31,S06,Zainab,T6,dine_in,CLB,Cold Brew,Coffee,1,680,680.0,0.0,0,0,0,closed,cash,782.0,0.15,
ORD001397,2026-05-09 17:08:36,S02,Hamza,T12,dine_in,BFP,Big Breakfast,Food,1,1850,1850.0,0.0,0,0,0,closed,qr,1942.0,0.05,C4f28695b5a
ORD001398,2026-05-09 13:22:40,S05,Usman,T14,dine_in,FLW,Flat White,Coffee,1,600,600.0,0.0,0,0,0,closed,wallet,3990.0,0.05,C998fad6fa0
ORD001398,2026-05-09 13:22:40,S05,Usman,T14,dine_in,BFP,Big Breakfast,Food,1,1850,1850.0,0.0,0,0,0,closed,wallet,3990.0,0.05,C998fad6fa0
ORD001398,2026-05-09 13:22:40,S05,Usman,T14,dine_in,SAN,Chicken Sandwich,Food,1,1350,1350.0,0.0,0,0,0,closed,wallet,3990.0,0.05,C998fad6fa0
ORD001399,2026-05-10 21:27:04,S08,Mahnoor,T1,dine_in,CAP,Cappuccino,Coffee,1,560,560.0,0.0,0,0,0,closed,qr,588.0,0.05,Ce51a67188d
ORD001400,2026-05-10 07:14:50,S05,Usman,,takeaway,CKE,Slice of Cake,Bakery,1,780,780.0,0.0,0,0,0,closed,cash,2208.0,0.15,
ORD001400,2026-05-10 07:14:50,S05,Usman,,takeaway,LAT,Cafe Latte,Coffee,1,580,580.0,0.0,0,0,0,closed,cash,2208.0,0.15,
ORD001400,2026-05-10 07:14:50,S05,Usman,,takeaway,HOT,Hot Chocolate,Coffee,1,560,560.0,0.0,0,0,0,closed,cash,2208.0,0.15,
ORD001401,2026-05-10 18:12:49,S01,Ayesha,,takeaway,SAL,Garden Salad,Food,1,1250,1250.0,0.0,0,0,0,closed,cash,1438.0,0.15,
ORD001402,2026-05-10 08:26:24,S08,Mahnoor,T13,dine_in,WTR,Bottled Water,Other,1,150,150.0,0.0,0,0,0,closed,qr,158.0,0.05,Ccb8af0dea2
ORD001403,2026-05-10 17:08:50,S03,Bilal,T8,dine_in,WTR,Bottled Water,Other,1,150,150.0,0.0,0,0,0,closed,card,158.0,0.05,C8720ab27ad
ORD001404,2026-05-10 20:22:39,S01,Ayesha,T15,dine_in,LAT,Cafe Latte,Coffee,1,580,580.0,0.0,0,0,0,closed,cash,1449.0,0.15,
ORD001404,2026-05-10 20:22:39,S01,Ayesha,T15,dine_in,CLB,Cold Brew,Coffee,1,680,680.0,0.0,0,0,0,closed,cash,1449.0,0.15,
ORD001405,2026-05-10 12:58:23,S07,Daniyal,,takeaway,MOC,Mocha,Coffee,1,650,650.0,0.0,0,0,0,closed,card,682.0,0.05,Ccd58ea220c
ORD001406,2026-05-10 15:47:57,S07,Daniyal,,takeaway,CRO,Butter Croissant,Bakery,1,520,520.0,0.0,0,0,0,closed,cash,1334.0,0.15,
ORD001406,2026-05-10 15:47:57,S07,Daniyal,,takeaway,ICL,Iced Latte,Coffee,1,640,640.0,0.0,0,0,0,closed,cash,1334.0,0.15,
ORD001407,2026-05-10 22:00:11,S06,Zainab,T7,dine_in,SAL,Garden Salad,Food,1,1250,1250.0,0.0,0,0,0,closed,wallet,1312.0,0.05,C137f340443
ORD001407,2026-05-10 22:00:11,S06,Zainab,T7,dine_in,LAT,Cafe Latte,Coffee,1,580,0.0,0.0,0,0,1,closed,wallet,1312.0,0.05,C137f340443
ORD001408,2026-05-10 11:14:04,S05,Usman,,takeaway,CKE,Slice of Cake,Bakery,1,780,780.0,0.0,0,0,0,closed,card,819.0,0.05,C5ac439c909
ORD001409,2026-05-10 09:44:50,S08,Mahnoor,T15,dine_in,SAN,Chicken Sandwich,Food,1,1350,1148.0,202.0,0,0,0,closed,cash,1320.0,0.15,
ORD001410,2026-05-10 20:06:32,S04,Sara,T17,dine_in,CKE,Slice of Cake,Bakery,1,780,780.0,0.0,0,0,0,closed,wallet,819.0,0.05,C44fdf11b8b
ORD001411,2026-05-10 15:05:04,S05,Usman,T16,dine_in,BFP,Big Breakfast,Food,1,1850,1850.0,0.0,0,0,0,closed,cash,2128.0,0.15,C74caaa80b4
ORD001412,2026-05-10 19:27:19,S03,Bilal,T15,dine_in,ESP,Espresso,Coffee,1,420,420.0,0.0,0,0,0,closed,wallet,1646.0,0.05,C19d751a040
ORD001412,2026-05-10 19:27:19,S03,Bilal,T15,dine_in,SAN,Chicken Sandwich,Food,1,1350,1148.0,202.0,0,0,0,closed,wallet,1646.0,0.05,C19d751a040
ORD001413,2026-05-10 07:03:11,S04,Sara,T17,dine_in,IMP,Imported Soda,Other,1,480,408.0,72.0,0,0,0,closed,cash,2367.0,0.15,
ORD001413,2026-05-10 07:03:11,S04,Sara,T17,dine_in,PAS,Pasta,Food,1,1650,1650.0,0.0,0,0,0,closed,cash,2367.0,0.15,
ORD001414,2026-05-10 12:02:06,S06,Zainab,T11,dine_in,WTR,Bottled Water,Other,1,150,150.0,0.0,0,0,0,closed,cash,172.0,0.15,
ORD001415,2026-05-10 18:08:08,S03,Bilal,T2,dine_in,PNC,Pain au Chocolat,Bakery,1,600,0.0,90.0,1,0,0,partial_void,qr,0.0,0.05,C3baae6f192
ORD001416,2026-05-10 17:54:04,S02,Hamza,,takeaway,LAT,Cafe Latte,Coffee,1,580,580.0,0.0,0,0,0,closed,card,1155.0,0.05,C651e9754b8
ORD001416,2026-05-10 17:54:04,S02,Hamza,,takeaway,CRO,Butter Croissant,Bakery,1,520,520.0,0.0,0,0,0,closed,card,1155.0,0.05,C651e9754b8
ORD001417,2026-05-10 15:53:55,S07,Daniyal,,takeaway,FLW,Flat White,Coffee,1,600,600.0,0.0,0,0,0,closed,card,630.0,0.05,Cb616ef25f5
ORD001418,2026-05-10 09:37:32,S07,Daniyal,T9,dine_in,FLW,Flat White,Coffee,1,600,600.0,0.0,0,0,0,closed,card,1344.0,0.05,C74caaa80b4
ORD001418,2026-05-10 09:37:32,S07,Daniyal,T9,dine_in,CLB,Cold Brew,Coffee,1,680,680.0,0.0,0,0,0,closed,card,1344.0,0.05,C74caaa80b4
ORD001419,2026-05-10 16:23:11,S08,Mahnoor,,takeaway,CKE,Slice of Cake,Bakery,1,780,780.0,0.0,0,0,0,closed,cash,897.0,0.15,
ORD001420,2026-05-10 17:17:31,S07,Daniyal,,takeaway,CLB,Cold Brew,Coffee,1,680,680.0,0.0,0,0,0,closed,cash,1472.0,0.15,C1ecad42cfe
ORD001420,2026-05-10 17:17:31,S07,Daniyal,,takeaway,FLW,Flat White,Coffee,1,600,600.0,0.0,0,0,0,closed,cash,1472.0,0.15,C1ecad42cfe
ORD001421,2026-05-10 10:49:17,S07,Daniyal,T11,dine_in,CKE,Slice of Cake,Bakery,1,780,780.0,0.0,0,0,0,closed,cash,1794.0,0.15,
ORD001421,2026-05-10 10:49:17,S07,Daniyal,T11,dine_in,CKE,Slice of Cake,Bakery,1,780,780.0,0.0,0,0,0,closed,cash,1794.0,0.15,
ORD001422,2026-05-10 08:56:58,S07,Daniyal,T5,dine_in,ICL,Iced Latte,Coffee,1,640,640.0,0.0,0,0,0,closed,card,672.0,0.05,C1771e35d2c
ORD001423,2026-05-10 18:20:17,S04,Sara,,takeaway,LAT,Cafe Latte,Coffee,1,580,580.0,0.0,0,0,0,closed,card,1197.0,0.05,C13ed41d309
ORD001423,2026-05-10 18:20:17,S04,Sara,,takeaway,HOT,Hot Chocolate,Coffee,1,560,560.0,0.0,0,0,0,closed,card,1197.0,0.05,C13ed41d309
ORD001424,2026-05-10 07:26:06,S06,Zainab,,takeaway,PAS,Pasta,Food,1,1650,1650.0,0.0,0,0,0,closed,cash,1897.0,0.15,
ORD001425,2026-05-10 08:30:08,S07,Daniyal,T6,dine_in,CRO,Butter Croissant,Bakery,1,520,520.0,0.0,0,0,0,closed,wallet,546.0,0.05,C6db89d7c57
ORD001426,2026-05-10 08:24:46,S05,Usman,T4,dine_in,LAT,Cafe Latte,Coffee,1,580,580.0,0.0,0,0,0,closed,card,609.0,0.05,Cdf99103aeb
ORD001427,2026-05-10 09:53:09,S03,Bilal,T10,dine_in,LAT,Cafe Latte,Coffee,1,580,580.0,0.0,0,0,0,closed,cash,1311.0,0.15,
ORD001427,2026-05-10 09:53:09,S03,Bilal,T10,dine_in,CAP,Cappuccino,Coffee,1,560,0.0,0.0,0,0,1,closed,cash,1311.0,0.15,
ORD001427,2026-05-10 09:53:09,S03,Bilal,T10,dine_in,CAP,Cappuccino,Coffee,1,560,560.0,0.0,0,0,0,closed,cash,1311.0,0.15,
ORD001428,2026-05-10 17:11:41,S07,Daniyal,,takeaway,CRO,Butter Croissant,Bakery,1,520,520.0,0.0,0,0,0,closed,cash,598.0,0.15,
ORD001429,2026-05-10 18:13:21,S04,Sara,T2,dine_in,AVT,Avocado Toast,Food,1,1450,1450.0,0.0,0,0,0,closed,card,1522.0,0.05,Cadc987ad2c
ORD001430,2026-05-10 07:48:48,S02,Hamza,T8,dine_in,CLB,Cold Brew,Coffee,1,680,680.0,0.0,0,0,0,closed,card,3328.0,0.05,Cd1e93a6d3b
ORD001430,2026-05-10 07:48:48,S02,Hamza,T8,dine_in,ICL,Iced Latte,Coffee,1,640,640.0,0.0,0,0,0,closed,card,3328.0,0.05,Cd1e93a6d3b
ORD001430,2026-05-10 07:48:48,S02,Hamza,T8,dine_in,BFP,Big Breakfast,Food,1,1850,1850.0,0.0,0,0,0,closed,card,3328.0,0.05,Cd1e93a6d3b
ORD001431,2026-05-10 13:13:02,S02,Hamza,,takeaway,FLW,Flat White,Coffee,1,600,600.0,0.0,0,0,0,closed,qr,630.0,0.05,Cbf1fa8f7c6
ORD001432,2026-05-10 17:54:19,S03,Bilal,,takeaway,SAL,Garden Salad,Food,1,1250,1125.0,125.0,0,0,0,closed,card,1895.0,0.05,Ce6c49b0fd1
ORD001432,2026-05-10 17:54:19,S03,Bilal,,takeaway,CLB,Cold Brew,Coffee,1,680,680.0,0.0,0,0,0,closed,card,1895.0,0.05,Ce6c49b0fd1
ORD001433,2026-05-10 19:32:57,S06,Zainab,T9,dine_in,AMR,Americano,Coffee,1,480,480.0,0.0,0,0,0,closed,wallet,504.0,0.05,C77baafc01c
ORD001434,2026-05-10 07:13:58,S07,Daniyal,T11,dine_in,AVT,Avocado Toast,Food,1,1450,1450.0,0.0,0,0,0,closed,wallet,3843.0,0.05,C280fc1bab1
ORD001434,2026-05-10 07:13:58,S07,Daniyal,T11,dine_in,CAP,Cappuccino,Coffee,1,560,560.0,0.0,0,0,0,closed,wallet,3843.0,0.05,C280fc1bab1
ORD001434,2026-05-10 07:13:58,S07,Daniyal,T11,dine_in,PAS,Pasta,Food,1,1650,1650.0,0.0,0,0,0,closed,wallet,3843.0,0.05,C280fc1bab1
ORD001435,2026-05-10 16:05:18,S02,Hamza,T18,dine_in,PAS,Pasta,Food,2,1650,3300.0,0.0,0,0,0,closed,cash,3795.0,0.15,
ORD001436,2026-05-10 13:23:31,S07,Daniyal,T14,dine_in,AMR,Americano,Coffee,1,480,480.0,0.0,0,0,0,closed,card,3129.0,0.05,C19d751a040
ORD001436,2026-05-10 13:23:31,S07,Daniyal,T14,dine_in,SAL,Garden Salad,Food,2,1250,2500.0,0.0,0,0,0,closed,card,3129.0,0.05,C19d751a040
ORD001437,2026-05-10 08:07:22,S05,Usman,,takeaway,AMR,Americano,Coffee,1,480,480.0,0.0,0,0,0,closed,card,504.0,0.05,Cf7a6863213
ORD001438,2026-05-10 12:35:16,S06,Zainab,T11,dine_in,AMR,Americano,Coffee,1,480,480.0,0.0,0,0,0,closed,card,504.0,0.05,C4cdda00be6
ORD001439,2026-05-10 20:37:34,S05,Usman,T12,dine_in,WTR,Bottled Water,Other,1,150,150.0,0.0,0,0,0,closed,cash,172.0,0.15,
ORD001440,2026-05-10 09:27:28,S06,Zainab,,takeaway,FLW,Flat White,Coffee,1,600,600.0,0.0,0,0,0,closed,qr,1218.0,0.05,C6dfb2713f9
ORD001440,2026-05-10 09:27:28,S06,Zainab,,takeaway,CAP,Cappuccino,Coffee,1,560,560.0,0.0,0,0,0,closed,qr,1218.0,0.05,C6dfb2713f9
ORD001441,2026-05-10 20:23:01,S05,Usman,T1,dine_in,SAN,Chicken Sandwich,Food,1,1350,0.0,0.0,1,0,0,partial_void,cash,0.0,0.15,
ORD001442,2026-05-10 15:55:11,S05,Usman,T17,dine_in,ESP,Espresso,Coffee,1,420,420.0,0.0,0,0,0,closed,cash,1081.0,0.15,
ORD001442,2026-05-10 15:55:11,S05,Usman,T17,dine_in,CRO,Butter Croissant,Bakery,1,520,520.0,0.0,0,0,0,closed,cash,1081.0,0.15,
ORD001443,2026-05-10 08:34:09,S01,Ayesha,T6,dine_in,AVT,Avocado Toast,Food,1,1450,1450.0,0.0,0,0,0,closed,card,1522.0,0.05,C28d4f091fc
ORD001444,2026-05-10 15:00:34,S05,Usman,T5,dine_in,CRO,Butter Croissant,Bakery,1,520,520.0,0.0,0,0,0,closed,cash,1081.0,0.15,
ORD001444,2026-05-10 15:00:34,S05,Usman,T5,dine_in,ESP,Espresso,Coffee,1,420,420.0,0.0,0,0,0,closed,cash,1081.0,0.15,
ORD001445,2026-05-10 11:45:07,S04,Sara,T1,dine_in,WTR,Bottled Water,Other,1,150,150.0,0.0,0,0,0,closed,wallet,158.0,0.05,Cfe7bb6077b
ORD001446,2026-05-10 18:59:52,S01,Ayesha,,takeaway,ICL,Iced Latte,Coffee,1,640,640.0,0.0,0,0,0,closed,cash,736.0,0.15,Cc754096e90
ORD001447,2026-05-10 08:59:34,S01,Ayesha,,takeaway,SAN,Chicken Sandwich,Food,2,1350,2700.0,0.0,0,0,0,closed,card,2835.0,0.05,C19ab330972
ORD001448,2026-05-10 17:59:41,S05,Usman,T18,dine_in,CRO,Butter Croissant,Bakery,1,520,520.0,0.0,0,0,0,closed,cash,1426.0,0.15,
ORD001448,2026-05-10 17:59:41,S05,Usman,T18,dine_in,MAT,Matcha Latte,Coffee,1,720,720.0,0.0,0,0,0,closed,cash,1426.0,0.15,
ORD001449,2026-05-10 20:58:35,S01,Ayesha,,takeaway,CAP,Cappuccino,Coffee,1,560,560.0,0.0,0,0,0,closed,card,588.0,0.05,C1b39e25e1c
ORD001450,2026-05-10 19:59:58,S04,Sara,,takeaway,FLW,Flat White,Coffee,1,600,600.0,0.0,0,0,0,closed,cash,690.0,0.15,
ORD001451,2026-05-10 13:19:44,S01,Ayesha,T9,dine_in,CRO,Butter Croissant,Bakery,1,520,520.0,0.0,0,0,0,closed,card,1260.0,0.05,C67280c2a53
ORD001451,2026-05-10 13:19:44,S01,Ayesha,T9,dine_in,CLB,Cold Brew,Coffee,1,680,680.0,0.0,0,0,0,closed,card,1260.0,0.05,C67280c2a53
ORD001452,2026-05-10 07:46:03,S07,Daniyal,T15,dine_in,PAS,Pasta,Food,1,1650,1650.0,0.0,0,0,0,closed,card,1732.0,0.05,Ce6722bf747
ORD001453,2026-05-10 07:19:37,S01,Ayesha,T8,dine_in,CKE,Slice of Cake,Bakery,1,780,780.0,0.0,0,0,0,closed,cash,897.0,0.15,
ORD001454,2026-05-10 12:19:29,S08,Mahnoor,,takeaway,PNC,Pain au Chocolat,Bakery,1,600,600.0,0.0,0,0,0,closed,card,630.0,0.05,C069af065e0
ORD001455,2026-05-10 07:49:02,S05,Usman,T5,dine_in,SAN,Chicken Sandwich,Food,1,1350,1350.0,0.0,0,0,0,closed,card,1418.0,0.05,Cfde3905dc5
ORD001456,2026-05-10 17:24:11,S08,Mahnoor,T13,dine_in,LAT,Cafe Latte,Coffee,1,580,580.0,0.0,0,0,0,closed,card,609.0,0.05,C6dfb2713f9
ORD001457,2026-05-10 19:22:11,S04,Sara,,takeaway,LAT,Cafe Latte,Coffee,1,580,580.0,0.0,0,0,0,closed,card,609.0,0.05,Ca2da62fdc7
ORD001458,2026-05-10 11:57:56,S02,Hamza,T4,dine_in,BFP,Big Breakfast,Food,1,1850,1850.0,0.0,0,0,0,closed,cash,2610.0,0.15,
ORD001458,2026-05-10 11:57:56,S02,Hamza,T4,dine_in,ESP,Espresso,Coffee,1,420,420.0,0.0,0,0,0,closed,cash,2610.0,0.15,
ORD001459,2026-05-10 20:38:13,S08,Mahnoor,,takeaway,AVT,Avocado Toast,Food,1,1450,1450.0,0.0,0,0,0,closed,wallet,1680.0,0.05,C77ae45bf0e
ORD001459,2026-05-10 20:38:13,S08,Mahnoor,,takeaway,WTR,Bottled Water,Other,1,150,150.0,0.0,0,0,0,closed,wallet,1680.0,0.05,C77ae45bf0e
ORD001460,2026-05-10 07:26:06,S01,Ayesha,T8,dine_in,AMR,Americano,Coffee,1,480,432.0,48.0,0,0,0,closed,cash,1049.0,0.15,C9a8479a5d0
ORD001460,2026-05-10 07:26:06,S01,Ayesha,T8,dine_in,AMR,Americano,Coffee,1,480,480.0,0.0,0,0,0,closed,cash,1049.0,0.15,C9a8479a5d0
ORD001461,2026-05-10 20:45:45,S05,Usman,,takeaway,FLW,Flat White,Coffee,1,600,600.0,0.0,0,0,0,closed,card,2142.0,0.05,C886106b5cc
ORD001461,2026-05-10 20:45:45,S05,Usman,,takeaway,CKE2,Cheesecake,Bakery,1,880,880.0,0.0,0,0,0,closed,card,2142.0,0.05,C886106b5cc
ORD001461,2026-05-10 20:45:45,S05,Usman,,takeaway,HOT,Hot Chocolate,Coffee,1,560,560.0,0.0,0,0,0,closed,card,2142.0,0.05,C886106b5cc
ORD001462,2026-05-10 22:29:58,S02,Hamza,T13,dine_in,ESP,Espresso,Coffee,1,420,420.0,0.0,0,0,0,closed,card,441.0,0.05,Cfa7b878726
ORD001463,2026-05-10 13:39:44,S02,Hamza,,takeaway,CLB,Cold Brew,Coffee,1,680,680.0,0.0,0,0,0,closed,cash,782.0,0.15,
ORD001464,2026-05-10 12:04:08,S01,Ayesha,,takeaway,ICL,Iced Latte,Coffee,1,640,640.0,0.0,0,0,0,closed,card,1176.0,0.05,C280fc1bab1
ORD001464,2026-05-10 12:04:08,S01,Ayesha,,takeaway,AMR,Americano,Coffee,1,480,480.0,0.0,0,0,0,closed,card,1176.0,0.05,C280fc1bab1
ORD001465,2026-05-10 13:35:43,S08,Mahnoor,T16,dine_in,ICL,Iced Latte,Coffee,1,640,640.0,0.0,0,0,0,closed,cash,736.0,0.15,Cadc75d3967
ORD001466,2026-05-10 09:41:32,S06,Zainab,T16,dine_in,LAT,Cafe Latte,Coffee,1,580,580.0,0.0,0,0,0,closed,card,1113.0,0.05,Cadc75d3967
ORD001466,2026-05-10 09:41:32,S06,Zainab,T16,dine_in,AMR,Americano,Coffee,1,480,480.0,0.0,0,0,0,closed,card,1113.0,0.05,Cadc75d3967
ORD001467,2026-05-10 16:09:55,S04,Sara,,takeaway,PNC,Pain au Chocolat,Bakery,1,600,600.0,0.0,0,0,0,closed,card,630.0,0.05,C25fde7e354
ORD001468,2026-05-10 10:48:34,S05,Usman,T18,dine_in,AMR,Americano,Coffee,1,480,480.0,0.0,0,0,0,closed,card,504.0,0.05,C3e39d63cb0
ORD001469,2026-05-10 07:06:49,S05,Usman,,takeaway,CLB,Cold Brew,Coffee,1,680,680.0,0.0,0,0,0,closed,card,714.0,0.05,Cc8157a5ef0
ORD001470,2026-05-10 19:04:51,S03,Bilal,T9,dine_in,ICL,Iced Latte,Coffee,1,640,640.0,0.0,0,0,0,closed,card,4137.0,0.05,C74caaa80b4
ORD001470,2026-05-10 19:04:51,S03,Bilal,T9,dine_in,SAN,Chicken Sandwich,Food,2,1350,2700.0,0.0,0,0,0,closed,card,4137.0,0.05,C74caaa80b4
ORD001470,2026-05-10 19:04:51,S03,Bilal,T9,dine_in,PNC,Pain au Chocolat,Bakery,1,600,600.0,0.0,0,0,0,closed,card,4137.0,0.05,C74caaa80b4
ORD001471,2026-05-10 16:23:53,S02,Hamza,T14,dine_in,HOT,Hot Chocolate,Coffee,1,560,560.0,0.0,0,0,0,closed,cash,1598.0,0.15,
ORD001471,2026-05-10 16:23:53,S02,Hamza,T14,dine_in,WTR,Bottled Water,Other,1,150,150.0,0.0,0,0,0,closed,cash,1598.0,0.15,
ORD001471,2026-05-10 16:23:53,S02,Hamza,T14,dine_in,CLB,Cold Brew,Coffee,1,680,680.0,0.0,0,0,0,closed,cash,1598.0,0.15,
ORD001472,2026-05-10 18:38:14,S06,Zainab,,takeaway,CKE,Slice of Cake,Bakery,1,780,780.0,0.0,0,0,0,closed,cash,897.0,0.15,
ORD001473,2026-05-10 10:55:50,S06,Zainab,,takeaway,ICL,Iced Latte,Coffee,1,640,640.0,0.0,0,0,0,closed,card,1648.0,0.05,C237c8b324f
ORD001473,2026-05-10 10:55:50,S06,Zainab,,takeaway,WTR,Bottled Water,Other,1,150,150.0,0.0,0,0,0,closed,card,1648.0,0.05,C237c8b324f
ORD001473,2026-05-10 10:55:50,S06,Zainab,,takeaway,CKE,Slice of Cake,Bakery,1,780,780.0,0.0,0,0,0,closed,card,1648.0,0.05,C237c8b324f
ORD001474,2026-05-10 09:44:41,S01,Ayesha,T7,dine_in,CLB,Cold Brew,Coffee,1,680,680.0,0.0,0,0,0,closed,card,714.0,0.05,C0a59a1a9a2
ORD001475,2026-05-10 08:12:28,S03,Bilal,,takeaway,CKE,Slice of Cake,Bakery,1,780,780.0,0.0,0,0,0,closed,qr,819.0,0.05,Cb6ebf42a25
ORD001476,2026-05-10 08:26:40,S04,Sara,,takeaway,ESP,Espresso,Coffee,1,420,420.0,0.0,0,0,0,closed,wallet,441.0,0.05,C4c89cd728a
ORD001477,2026-05-10 07:57:56,S05,Usman,T9,dine_in,MAT,Matcha Latte,Coffee,1,720,720.0,0.0,0,0,0,closed,card,2766.0,0.05,Cc29effae4f
ORD001477,2026-05-10 07:57:56,S05,Usman,T9,dine_in,LAT,Cafe Latte,Coffee,1,580,464.0,116.0,0,0,0,closed,card,2766.0,0.05,Cc29effae4f
ORD001477,2026-05-10 07:57:56,S05,Usman,T9,dine_in,AVT,Avocado Toast,Food,1,1450,1450.0,0.0,0,0,0,closed,card,2766.0,0.05,Cc29effae4f
ORD001478,2026-05-10 20:00:54,S06,Zainab,,takeaway,CRO,Butter Croissant,Bakery,1,520,520.0,0.0,0,0,0,closed,card,987.0,0.05,Ce04625c3e0
ORD001478,2026-05-10 20:00:54,S06,Zainab,,takeaway,ESP,Espresso,Coffee,1,420,420.0,0.0,0,0,0,closed,card,987.0,0.05,Ce04625c3e0
ORD001479,2026-05-10 09:48:55,S02,Hamza,,takeaway,PAS,Pasta,Food,1,1650,1650.0,0.0,0,0,0,closed,qr,2174.0,0.05,C482e4b19c6
ORD001479,2026-05-10 09:48:55,S02,Hamza,,takeaway,ESP,Espresso,Coffee,1,420,420.0,0.0,0,0,0,closed,qr,2174.0,0.05,C482e4b19c6
ORD001480,2026-05-10 17:34:56,S01,Ayesha,T17,dine_in,CKE2,Cheesecake,Bakery,1,880,880.0,0.0,0,0,0,closed,cash,1702.0,0.15,
ORD001480,2026-05-10 17:34:56,S01,Ayesha,T17,dine_in,FLW,Flat White,Coffee,1,600,600.0,0.0,0,0,0,closed,cash,1702.0,0.15,
ORD001481,2026-05-10 14:43:13,S06,Zainab,T4,dine_in,FLW,Flat White,Coffee,1,600,600.0,0.0,0,0,0,closed,card,630.0,0.05,C6c18a51d9a
ORD001482,2026-05-10 10:33:59,S06,Zainab,T15,dine_in,AMR,Americano,Coffee,1,480,480.0,0.0,0,0,0,closed,card,504.0,0.05,C12427e92f1
ORD001483,2026-05-10 13:06:25,S04,Sara,T4,dine_in,BFP,Big Breakfast,Food,2,1850,3700.0,0.0,0,0,0,closed,cash,4255.0,0.15,Cf1debaccc2
ORD001484,2026-05-10 20:22:37,S04,Sara,,takeaway,SAN,Chicken Sandwich,Food,2,1350,2700.0,0.0,0,0,0,closed,card,3465.0,0.05,Ca77d93ef85
ORD001484,2026-05-10 20:22:37,S04,Sara,,takeaway,FLW,Flat White,Coffee,1,600,600.0,0.0,0,0,0,closed,card,3465.0,0.05,Ca77d93ef85
ORD001485,2026-05-10 11:34:23,S04,Sara,T8,dine_in,ICL,Iced Latte,Coffee,1,640,640.0,0.0,0,0,0,closed,qr,1302.0,0.05,C16e43ce1cc
ORD001485,2026-05-10 11:34:23,S04,Sara,T8,dine_in,FLW,Flat White,Coffee,1,600,600.0,0.0,0,0,0,closed,qr,1302.0,0.05,C16e43ce1cc
ORD001486,2026-05-10 09:34:52,S05,Usman,,takeaway,ESP,Espresso,Coffee,1,420,420.0,0.0,0,0,0,closed,cash,2035.0,0.15,
ORD001486,2026-05-10 09:34:52,S05,Usman,,takeaway,SAN,Chicken Sandwich,Food,1,1350,1350.0,0.0,0,0,0,closed,cash,2035.0,0.15,
ORD001487,2026-05-10 13:35:51,S04,Sara,T3,dine_in,CAP,Cappuccino,Coffee,1,560,560.0,0.0,0,0,0,closed,cash,644.0,0.15,
ORD001487,2026-05-10 13:35:51,S04,Sara,T3,dine_in,CAP,Cappuccino,Coffee,1,560,0.0,0.0,0,0,1,closed,cash,644.0,0.15,
ORD001488,2026-05-10 14:58:00,S08,Mahnoor,T1,dine_in,SAN,Chicken Sandwich,Food,1,1350,1350.0,0.0,0,0,0,closed,cash,1552.0,0.15,
ORD001489,2026-05-10 21:07:56,S05,Usman,T5,dine_in,MOC,Mocha,Coffee,1,650,520.0,130.0,0,0,0,closed,cash,598.0,0.15,
ORD001490,2026-05-10 07:03:52,S03,Bilal,,takeaway,LAT,Cafe Latte,Coffee,1,580,0.0,0.0,0,0,1,closed,card,0.0,0.05,Ccdae6010f7
ORD001491,2026-05-10 20:54:52,S08,Mahnoor,,takeaway,CLB,Cold Brew,Coffee,1,680,680.0,0.0,0,0,0,closed,card,1302.0,0.05,Ca42c3dfc62
ORD001491,2026-05-10 20:54:52,S08,Mahnoor,,takeaway,CAP,Cappuccino,Coffee,1,560,560.0,0.0,0,0,0,closed,card,1302.0,0.05,Ca42c3dfc62
ORD001492,2026-05-10 12:26:18,S01,Ayesha,T13,dine_in,CRO,Butter Croissant,Bakery,1,520,520.0,0.0,0,0,0,closed,cash,598.0,0.15,C49e1d6c4d1
ORD001493,2026-05-10 08:43:24,S06,Zainab,T15,dine_in,SAN,Chicken Sandwich,Food,1,1350,1350.0,0.0,0,0,0,closed,cash,1552.0,0.15,
ORD001494,2026-05-10 07:23:44,S05,Usman,T8,dine_in,AVT,Avocado Toast,Food,1,1450,1450.0,0.0,0,0,0,closed,cash,1667.0,0.15,
ORD001495,2026-05-10 17:04:25,S03,Bilal,T1,dine_in,PNC,Pain au Chocolat,Bakery,1,600,600.0,0.0,0,0,0,closed,cash,3795.0,0.15,C6a2e726cff
ORD001495,2026-05-10 17:04:25,S03,Bilal,T1,dine_in,SAN,Chicken Sandwich,Food,2,1350,2700.0,0.0,0,0,0,closed,cash,3795.0,0.15,C6a2e726cff
ORD001496,2026-05-10 19:31:57,S02,Hamza,T4,dine_in,LAT,Cafe Latte,Coffee,1,580,580.0,0.0,0,0,0,closed,card,609.0,0.05,C6a2e726cff
ORD001497,2026-05-10 13:24:54,S05,Usman,,takeaway,WTR,Bottled Water,Other,1,150,150.0,0.0,0,0,0,closed,card,158.0,0.05,C1173024c92
ORD001498,2026-05-10 11:49:33,S03,Bilal,T18,dine_in,WTR,Bottled Water,Other,1,150,135.0,15.0,0,0,0,closed,card,142.0,0.05,C4e5ff7a48e
ORD001498,2026-05-10 11:49:33,S03,Bilal,T18,dine_in,ICL,Iced Latte,Coffee,1,640,0.0,0.0,0,0,1,closed,card,142.0,0.05,C4e5ff7a48e
ORD001498,2026-05-10 11:49:33,S03,Bilal,T18,dine_in,CAP,Cappuccino,Coffee,1,560,0.0,0.0,0,0,1,closed,card,142.0,0.05,C4e5ff7a48e
ORD001499,2026-05-10 13:24:50,S01,Ayesha,T1,dine_in,CAP,Cappuccino,Coffee,1,560,560.0,0.0,0,0,0,closed,cash,644.0,0.15,
ORD001500,2026-05-10 18:15:20,S07,Daniyal,,takeaway,PAS,Pasta,Food,1,1650,1320.0,330.0,0,0,0,closed,qr,3328.0,0.05,C7bfa0588ba
ORD001500,2026-05-10 18:15:20,S07,Daniyal,,takeaway,BFP,Big Breakfast,Food,1,1850,1850.0,0.0,0,0,0,closed,qr,3328.0,0.05,C7bfa0588ba
ORD001501,2026-05-10 07:51:19,S01,Ayesha,T8,dine_in,PAS,Pasta,Food,1,1650,1650.0,0.0,0,0,0,closed,card,1732.0,0.05,Ce7956fff2b
ORD001502,2026-05-10 09:45:14,S08,Mahnoor,T3,dine_in,CRO,Butter Croissant,Bakery,1,520,520.0,0.0,0,0,0,closed,card,546.0,0.05,Cadc987ad2c
ORD001503,2026-05-10 10:33:04,S06,Zainab,,takeaway,CKE,Slice of Cake,Bakery,1,780,0.0,0.0,1,1,0,partial_void,wallet,0.0,0.05,C92c8f0f06b
ORD001504,2026-05-10 17:53:55,S02,Hamza,T12,dine_in,CKE2,Cheesecake,Bakery,1,880,880.0,0.0,0,0,0,closed,cash,1495.0,0.15,
ORD001504,2026-05-10 17:53:55,S02,Hamza,T12,dine_in,ESP,Espresso,Coffee,1,420,420.0,0.0,0,0,0,closed,cash,1495.0,0.15,
ORD001505,2026-05-10 07:47:19,S03,Bilal,,takeaway,SAN,Chicken Sandwich,Food,1,1350,1350.0,0.0,0,0,0,closed,cash,1552.0,0.15,
ORD001506,2026-05-10 13:55:06,S08,Mahnoor,T5,dine_in,CLB,Cold Brew,Coffee,1,680,680.0,0.0,0,0,0,closed,cash,2277.0,0.15,
ORD001506,2026-05-10 13:55:06,S08,Mahnoor,T5,dine_in,LAT,Cafe Latte,Coffee,1,580,580.0,0.0,0,0,0,closed,cash,2277.0,0.15,
ORD001506,2026-05-10 13:55:06,S08,Mahnoor,T5,dine_in,MAT,Matcha Latte,Coffee,1,720,720.0,0.0,0,0,0,closed,cash,2277.0,0.15,
ORD001507,2026-05-10 14:27:27,S07,Daniyal,T17,dine_in,MOC,Mocha,Coffee,1,650,650.0,0.0,0,0,0,closed,card,682.0,0.05,C3af134de53
ORD001508,2026-05-10 07:29:18,S04,Sara,,takeaway,ICL,Iced Latte,Coffee,1,640,640.0,0.0,0,0,0,closed,cash,736.0,0.15,C19ab330972
ORD001509,2026-05-10 11:35:53,S04,Sara,,takeaway,ESP,Espresso,Coffee,1,420,420.0,0.0,0,0,0,closed,cash,483.0,0.15,
ORD001510,2026-05-10 10:06:57,S07,Daniyal,T18,dine_in,CAP,Cappuccino,Coffee,1,560,560.0,0.0,0,0,0,closed,cash,4301.0,0.15,
ORD001510,2026-05-10 10:06:57,S07,Daniyal,T18,dine_in,IMP,Imported Soda,Other,1,480,480.0,0.0,0,0,0,closed,cash,4301.0,0.15,
ORD001510,2026-05-10 10:06:57,S07,Daniyal,T18,dine_in,SAN,Chicken Sandwich,Food,2,1350,2700.0,0.0,0,0,0,closed,cash,4301.0,0.15,
ORD001511,2026-05-10 11:00:45,S03,Bilal,T6,dine_in,ICL,Iced Latte,Coffee,1,640,640.0,0.0,0,0,0,closed,cash,736.0,0.15,
ORD001511,2026-05-10 11:00:45,S03,Bilal,T6,dine_in,CRO,Butter Croissant,Bakery,1,520,0.0,0.0,1,1,0,partial_void,cash,736.0,0.15,
ORD001512,2026-05-10 08:21:40,S01,Ayesha,T17,dine_in,CAP,Cappuccino,Coffee,1,560,560.0,0.0,0,0,0,closed,cash,644.0,0.15,
ORD001513,2026-05-10 14:11:10,S04,Sara,,takeaway,CAP,Cappuccino,Coffee,1,560,476.0,84.0,0,0,0,closed,cash,547.0,0.15,C19d751a040
ORD001514,2026-05-10 09:50:11,S07,Daniyal,,takeaway,CLB,Cold Brew,Coffee,1,680,680.0,0.0,0,0,0,closed,cash,1349.0,0.15,
ORD001514,2026-05-10 09:50:11,S07,Daniyal,,takeaway,LAT,Cafe Latte,Coffee,1,580,493.0,87.0,0,0,0,closed,cash,1349.0,0.15,
ORD001515,2026-05-10 09:19:25,S06,Zainab,,takeaway,CKE,Slice of Cake,Bakery,1,780,780.0,0.0,0,0,0,closed,cash,897.0,0.15,
ORD001516,2026-05-10 19:23:14,S05,Usman,T3,dine_in,PNC,Pain au Chocolat,Bakery,1,600,600.0,0.0,0,0,0,closed,card,3969.0,0.05,C04b8757a8c
ORD001516,2026-05-10 19:23:14,S05,Usman,T3,dine_in,CLB,Cold Brew,Coffee,1,680,680.0,0.0,0,0,0,closed,card,3969.0,0.05,C04b8757a8c
ORD001516,2026-05-10 19:23:14,S05,Usman,T3,dine_in,SAL,Garden Salad,Food,2,1250,2500.0,0.0,0,0,0,closed,card,3969.0,0.05,C04b8757a8c
ORD001517,2026-05-10 21:54:26,S08,Mahnoor,T13,dine_in,SAN,Chicken Sandwich,Food,1,1350,0.0,0.0,1,0,0,partial_void,wallet,0.0,0.05,C63391bb904
ORD001518,2026-05-10 14:10:49,S07,Daniyal,,takeaway,SAN,Chicken Sandwich,Food,1,1350,1350.0,0.0,0,0,0,closed,cash,1552.0,0.15,C19a9d68b16
ORD001519,2026-05-10 07:48:46,S05,Usman,T2,dine_in,MAT,Matcha Latte,Coffee,1,720,720.0,0.0,0,0,0,closed,cash,1575.0,0.15,
ORD001519,2026-05-10 07:48:46,S05,Usman,T2,dine_in,MOC,Mocha,Coffee,1,650,650.0,0.0,0,0,0,closed,cash,1575.0,0.15,
ORD001520,2026-05-10 14:36:02,S08,Mahnoor,T16,dine_in,CRO,Butter Croissant,Bakery,1,520,520.0,0.0,0,0,0,closed,qr,546.0,0.05,C4bed3bfa69
ORD001521,2026-05-10 07:04:26,S03,Bilal,T12,dine_in,CRO,Butter Croissant,Bakery,1,520,520.0,0.0,0,0,0,closed,card,1113.0,0.05,C77ae45bf0e
ORD001521,2026-05-10 07:04:26,S03,Bilal,T12,dine_in,FLW,Flat White,Coffee,1,600,540.0,60.0,0,0,0,closed,card,1113.0,0.05,C77ae45bf0e
ORD001522,2026-05-10 10:38:16,S04,Sara,,takeaway,LAT,Cafe Latte,Coffee,1,580,580.0,0.0,0,0,0,closed,wallet,2552.0,0.05,Cd2e31a2e79
ORD001522,2026-05-10 10:38:16,S04,Sara,,takeaway,BFP,Big Breakfast,Food,1,1850,1850.0,0.0,0,0,0,closed,wallet,2552.0,0.05,Cd2e31a2e79
ORD001523,2026-05-10 11:56:29,S05,Usman,T14,dine_in,FLW,Flat White,Coffee,1,600,600.0,0.0,0,0,0,closed,wallet,1449.0,0.05,Cb616ef25f5
ORD001523,2026-05-10 11:56:29,S05,Usman,T14,dine_in,CKE,Slice of Cake,Bakery,1,780,780.0,0.0,0,0,0,closed,wallet,1449.0,0.05,Cb616ef25f5
ORD001524,2026-05-10 11:16:40,S07,Daniyal,,takeaway,LAT,Cafe Latte,Coffee,1,580,580.0,0.0,0,0,0,closed,wallet,609.0,0.05,Cc16d2396f5
ORD001525,2026-05-10 12:20:48,S04,Sara,,takeaway,ICL,Iced Latte,Coffee,1,640,640.0,0.0,0,0,0,closed,cash,736.0,0.15,
ORD001526,2026-05-10 09:24:06,S03,Bilal,,takeaway,CLB,Cold Brew,Coffee,1,680,680.0,0.0,0,0,0,closed,cash,782.0,0.15,
ORD001527,2026-05-10 11:11:48,S07,Daniyal,T9,dine_in,CLB,Cold Brew,Coffee,1,680,680.0,0.0,0,0,0,closed,cash,1426.0,0.15,
ORD001527,2026-05-10 11:11:48,S07,Daniyal,T9,dine_in,CAP,Cappuccino,Coffee,1,560,560.0,0.0,0,0,0,closed,cash,1426.0,0.15,
ORD001528,2026-05-10 08:59:39,S06,Zainab,,takeaway,FLW,Flat White,Coffee,1,600,600.0,0.0,0,0,0,closed,cash,690.0,0.15,
ORD001529,2026-05-10 14:58:43,S07,Daniyal,T4,dine_in,LAT,Cafe Latte,Coffee,1,580,580.0,0.0,0,0,0,closed,qr,609.0,0.05,C82daceabe4
ORD001530,2026-05-10 09:54:59,S02,Hamza,,takeaway,FLW,Flat White,Coffee,1,600,480.0,120.0,0,0,0,closed,cash,552.0,0.15,C482e4b19c6
ORD001531,2026-05-10 17:15:16,S03,Bilal,T12,dine_in,AMR,Americano,Coffee,1,480,0.0,0.0,0,0,1,closed,cash,897.0,0.15,
ORD001531,2026-05-10 17:15:16,S03,Bilal,T12,dine_in,CKE,Slice of Cake,Bakery,1,780,780.0,0.0,0,0,0,closed,cash,897.0,0.15,
ORD001532,2026-05-10 16:12:41,S05,Usman,T12,dine_in,SAN,Chicken Sandwich,Food,1,1350,1350.0,0.0,0,0,0,closed,card,1984.0,0.05,C51bd1297a0
ORD001532,2026-05-10 16:12:41,S05,Usman,T12,dine_in,PNC,Pain au Chocolat,Bakery,1,600,540.0,60.0,0,0,0,closed,card,1984.0,0.05,C51bd1297a0
ORD001533,2026-05-10 20:38:08,S07,Daniyal,,takeaway,CAP,Cappuccino,Coffee,1,560,560.0,0.0,0,0,0,closed,qr,588.0,0.05,Cd65b8affac
ORD001534,2026-05-10 07:46:32,S08,Mahnoor,T5,dine_in,PAS,Pasta,Food,1,1650,1650.0,0.0,0,0,0,closed,card,1732.0,0.05,Ce248bcf38c
ORD001535,2026-05-10 11:22:08,S08,Mahnoor,T15,dine_in,CRO,Butter Croissant,Bakery,1,520,520.0,0.0,0,0,0,closed,cash,1610.0,0.15,
ORD001535,2026-05-10 11:22:08,S08,Mahnoor,T15,dine_in,CKE2,Cheesecake,Bakery,1,880,880.0,0.0,0,0,0,closed,cash,1610.0,0.15,
ORD001536,2026-05-10 10:47:51,S04,Sara,T18,dine_in,FLW,Flat White,Coffee,1,600,480.0,120.0,0,0,0,closed,cash,1242.0,0.15,
ORD001536,2026-05-10 10:47:51,S04,Sara,T18,dine_in,FLW,Flat White,Coffee,1,600,600.0,0.0,0,0,0,closed,cash,1242.0,0.15,
ORD001537,2026-05-10 07:38:49,S04,Sara,T15,dine_in,CKE,Slice of Cake,Bakery,1,780,780.0,0.0,0,0,0,closed,cash,897.0,0.15,
ORD001538,2026-05-10 07:56:15,S03,Bilal,T3,dine_in,FLW,Flat White,Coffee,1,600,480.0,120.0,0,0,0,closed,card,504.0,0.05,Ca204788647
ORD001539,2026-05-10 08:23:50,S04,Sara,T18,dine_in,PNC,Pain au Chocolat,Bakery,1,600,600.0,0.0,0,0,0,closed,wallet,2310.0,0.05,Ce3447f7952
ORD001539,2026-05-10 08:23:50,S04,Sara,T18,dine_in,MAT,Matcha Latte,Coffee,1,720,720.0,0.0,0,0,0,closed,wallet,2310.0,0.05,Ce3447f7952
ORD001539,2026-05-10 08:23:50,S04,Sara,T18,dine_in,CKE2,Cheesecake,Bakery,1,880,880.0,0.0,0,0,0,closed,wallet,2310.0,0.05,Ce3447f7952
ORD001540,2026-05-10 10:38:00,S08,Mahnoor,,takeaway,ICL,Iced Latte,Coffee,1,640,576.0,64.0,0,0,0,closed,cash,662.0,0.15,
ORD001541,2026-05-10 17:49:03,S08,Mahnoor,,takeaway,MOC,Mocha,Coffee,1,650,650.0,0.0,0,0,0,closed,cash,747.0,0.15,
ORD001542,2026-05-10 19:06:11,S04,Sara,T17,dine_in,CRO,Butter Croissant,Bakery,1,520,520.0,0.0,0,0,0,closed,cash,1817.0,0.15,
ORD001542,2026-05-10 19:06:11,S04,Sara,T17,dine_in,AMR,Americano,Coffee,1,480,480.0,0.0,0,0,0,closed,cash,1817.0,0.15,
ORD001542,2026-05-10 19:06:11,S04,Sara,T17,dine_in,LAT,Cafe Latte,Coffee,1,580,580.0,0.0,0,0,0,closed,cash,1817.0,0.15,
ORD001543,2026-05-10 10:31:05,S04,Sara,T4,dine_in,AVT,Avocado Toast,Food,1,1450,1450.0,0.0,0,0,0,closed,cash,1667.0,0.15,
ORD001544,2026-05-10 20:59:49,S08,Mahnoor,T1,dine_in,LAT,Cafe Latte,Coffee,1,580,580.0,0.0,0,0,0,closed,cash,667.0,0.15,
ORD001545,2026-05-10 17:10:46,S03,Bilal,T10,dine_in,AVT,Avocado Toast,Food,2,1450,2900.0,0.0,0,0,0,closed,cash,3335.0,0.15,
ORD001546,2026-05-10 07:04:51,S08,Mahnoor,T4,dine_in,ICL,Iced Latte,Coffee,1,640,640.0,0.0,0,0,0,closed,cash,736.0,0.15,C90c1284994
ORD001547,2026-05-10 12:16:30,S01,Ayesha,,takeaway,MOC,Mocha,Coffee,1,650,552.0,98.0,0,0,0,closed,cash,2107.0,0.15,
ORD001547,2026-05-10 12:16:30,S01,Ayesha,,takeaway,ICL,Iced Latte,Coffee,1,640,640.0,0.0,0,0,0,closed,cash,2107.0,0.15,
ORD001547,2026-05-10 12:16:30,S01,Ayesha,,takeaway,ICL,Iced Latte,Coffee,1,640,640.0,0.0,0,0,0,closed,cash,2107.0,0.15,
ORD001548,2026-05-10 11:44:53,S02,Hamza,,takeaway,WTR,Bottled Water,Other,1,150,150.0,0.0,0,0,0,closed,cash,1460.0,0.15,Cac28972e72
ORD001548,2026-05-10 11:44:53,S02,Hamza,,takeaway,CRO,Butter Croissant,Bakery,1,520,520.0,0.0,0,0,0,closed,cash,1460.0,0.15,Cac28972e72
ORD001548,2026-05-10 11:44:53,S02,Hamza,,takeaway,PNC,Pain au Chocolat,Bakery,1,600,600.0,0.0,0,0,0,closed,cash,1460.0,0.15,Cac28972e72
ORD001549,2026-05-10 07:05:34,S08,Mahnoor,T17,dine_in,AMR,Americano,Coffee,1,480,480.0,0.0,0,0,0,closed,card,504.0,0.05,C13ed41d309
ORD001550,2026-05-10 21:54:52,S08,Mahnoor,T15,dine_in,MAT,Matcha Latte,Coffee,1,720,720.0,0.0,0,0,0,closed,cash,1495.0,0.15,
ORD001550,2026-05-10 21:54:52,S08,Mahnoor,T15,dine_in,LAT,Cafe Latte,Coffee,1,580,580.0,0.0,0,0,0,closed,cash,1495.0,0.15,
ORD001551,2026-05-11 11:17:34,S07,Daniyal,,takeaway,CRO,Butter Croissant,Bakery,1,520,520.0,0.0,0,0,0,closed,qr,546.0,0.05,C52cc78336b
ORD001552,2026-05-11 07:31:13,S06,Zainab,T8,dine_in,CRO,Butter Croissant,Bakery,1,520,520.0,0.0,0,0,0,closed,card,546.0,0.05,C033079de2c
ORD001553,2026-05-11 20:06:26,S05,Usman,T7,dine_in,HOT,Hot Chocolate,Coffee,1,560,560.0,0.0,0,0,0,closed,cash,644.0,0.15,
ORD001554,2026-05-11 16:56:37,S01,Ayesha,T6,dine_in,AMR,Americano,Coffee,1,480,480.0,0.0,0,0,0,closed,cash,552.0,0.15,C482e4b19c6
ORD001555,2026-05-11 17:24:14,S04,Sara,T4,dine_in,MAT,Matcha Latte,Coffee,1,720,648.0,72.0,0,0,0,closed,wallet,1198.0,0.05,Cd1e93a6d3b
ORD001555,2026-05-11 17:24:14,S04,Sara,T4,dine_in,LAT,Cafe Latte,Coffee,1,580,493.0,87.0,0,0,0,closed,wallet,1198.0,0.05,Cd1e93a6d3b
ORD001556,2026-05-11 19:33:49,S06,Zainab,T11,dine_in,LAT,Cafe Latte,Coffee,1,580,580.0,0.0,0,0,0,closed,cash,1265.0,0.15,
ORD001556,2026-05-11 19:33:49,S06,Zainab,T11,dine_in,CRO,Butter Croissant,Bakery,1,520,520.0,0.0,0,0,0,closed,cash,1265.0,0.15,
ORD001557,2026-05-11 14:09:58,S06,Zainab,,takeaway,SAN,Chicken Sandwich,Food,1,1350,1350.0,0.0,0,0,0,closed,wallet,1418.0,0.05,C74caaa80b4
ORD001558,2026-05-11 19:53:31,S07,Daniyal,,takeaway,CKE,Slice of Cake,Bakery,1,780,780.0,0.0,0,0,0,closed,qr,2037.0,0.05,C7bfa0588ba
ORD001558,2026-05-11 19:53:31,S07,Daniyal,,takeaway,CLB,Cold Brew,Coffee,1,680,680.0,0.0,0,0,0,closed,qr,2037.0,0.05,C7bfa0588ba
ORD001558,2026-05-11 19:53:31,S07,Daniyal,,takeaway,AMR,Americano,Coffee,1,480,480.0,0.0,0,0,0,closed,qr,2037.0,0.05,C7bfa0588ba
ORD001559,2026-05-11 10:13:49,S01,Ayesha,T1,dine_in,PNC,Pain au Chocolat,Bakery,1,600,600.0,0.0,0,0,0,closed,wallet,630.0,0.05,Cecea2d11de
ORD001560,2026-05-11 16:42:19,S06,Zainab,,takeaway,SAL,Garden Salad,Food,2,1250,2500.0,0.0,0,0,0,closed,cash,3358.0,0.15,
ORD001560,2026-05-11 16:42:19,S06,Zainab,,takeaway,ESP,Espresso,Coffee,1,420,420.0,0.0,0,0,0,closed,cash,3358.0,0.15,
ORD001561,2026-05-11 11:26:25,S02,Hamza,T7,dine_in,CLB,Cold Brew,Coffee,1,680,680.0,0.0,0,0,0,closed,card,1907.0,0.05,C3af134de53
ORD001561,2026-05-11 11:26:25,S02,Hamza,T7,dine_in,ICL,Iced Latte,Coffee,1,640,576.0,64.0,0,0,0,closed,card,1907.0,0.05,C3af134de53
ORD001561,2026-05-11 11:26:25,S02,Hamza,T7,dine_in,CAP,Cappuccino,Coffee,1,560,560.0,0.0,0,0,0,closed,card,1907.0,0.05,C3af134de53
ORD001562,2026-05-11 08:51:51,S01,Ayesha,T8,dine_in,ESP,Espresso,Coffee,1,420,420.0,0.0,0,0,0,closed,card,441.0,0.05,C4d4f7e93b0
ORD001563,2026-05-11 08:18:48,S05,Usman,T1,dine_in,MOC,Mocha,Coffee,1,650,650.0,0.0,0,0,0,closed,card,1502.0,0.05,C74caaa80b4
ORD001563,2026-05-11 08:18:48,S05,Usman,T1,dine_in,CKE,Slice of Cake,Bakery,1,780,780.0,0.0,0,0,0,closed,card,1502.0,0.05,C74caaa80b4
ORD001564,2026-05-11 11:21:26,S05,Usman,T10,dine_in,CRO,Butter Croissant,Bakery,1,520,520.0,0.0,0,0,0,closed,card,1050.0,0.05,C5135e572df
ORD001564,2026-05-11 11:21:26,S05,Usman,T10,dine_in,AMR,Americano,Coffee,1,480,480.0,0.0,0,0,0,closed,card,1050.0,0.05,C5135e572df
ORD001565,2026-05-11 07:32:58,S03,Bilal,T3,dine_in,PNC,Pain au Chocolat,Bakery,1,600,600.0,0.0,0,0,0,closed,cash,690.0,0.15,
ORD001566,2026-05-11 18:02:40,S03,Bilal,T13,dine_in,WTR,Bottled Water,Other,1,150,150.0,0.0,0,0,0,closed,cash,770.0,0.15,
ORD001566,2026-05-11 18:02:40,S03,Bilal,T13,dine_in,CRO,Butter Croissant,Bakery,1,520,520.0,0.0,0,0,0,closed,cash,770.0,0.15,
ORD001567,2026-05-11 18:38:43,S01,Ayesha,,takeaway,PNC,Pain au Chocolat,Bakery,1,600,600.0,0.0,0,0,0,closed,wallet,630.0,0.05,C111d07d1fa
ORD001568,2026-05-11 18:17:26,S04,Sara,T10,dine_in,LAT,Cafe Latte,Coffee,1,580,580.0,0.0,0,0,0,closed,cash,667.0,0.15,
ORD001569,2026-05-11 20:27:57,S05,Usman,,takeaway,FLW,Flat White,Coffee,1,600,600.0,0.0,0,0,0,closed,cash,690.0,0.15,
ORD001570,2026-05-11 21:35:21,S06,Zainab,T9,dine_in,FLW,Flat White,Coffee,1,600,600.0,0.0,0,0,0,closed,card,788.0,0.05,Ce29e343fc2
ORD001570,2026-05-11 21:35:21,S06,Zainab,T9,dine_in,WTR,Bottled Water,Other,1,150,150.0,0.0,0,0,0,closed,card,788.0,0.05,Ce29e343fc2
ORD001571,2026-05-11 20:53:40,S01,Ayesha,T14,dine_in,LAT,Cafe Latte,Coffee,1,580,580.0,0.0,0,0,0,closed,wallet,609.0,0.05,C5cb1d33e94
ORD001572,2026-05-11 12:29:07,S04,Sara,T11,dine_in,LAT,Cafe Latte,Coffee,1,580,580.0,0.0,0,0,0,closed,card,609.0,0.05,C5adf111d60
ORD001573,2026-05-11 20:27:28,S05,Usman,T14,dine_in,CRO,Butter Croissant,Bakery,1,520,520.0,0.0,0,0,0,closed,cash,2150.0,0.15,
ORD001573,2026-05-11 20:27:28,S05,Usman,T14,dine_in,SAN,Chicken Sandwich,Food,1,1350,1350.0,0.0,0,0,0,closed,cash,2150.0,0.15,
ORD001574,2026-05-11 21:51:33,S05,Usman,,takeaway,MOC,Mocha,Coffee,1,650,650.0,0.0,0,0,0,closed,qr,682.0,0.05,C1061b61f23
ORD001575,2026-05-11 09:04:34,S07,Daniyal,,takeaway,LAT,Cafe Latte,Coffee,1,580,580.0,0.0,0,0,0,closed,cash,4462.0,0.15,
ORD001575,2026-05-11 09:04:34,S07,Daniyal,,takeaway,PAS,Pasta,Food,2,1650,3300.0,0.0,0,0,0,closed,cash,4462.0,0.15,
ORD001576,2026-05-11 15:01:56,S05,Usman,T1,dine_in,CKE,Slice of Cake,Bakery,1,780,780.0,0.0,0,0,0,closed,cash,897.0,0.15,
ORD001577,2026-05-11 09:57:11,S07,Daniyal,T18,dine_in,CAP,Cappuccino,Coffee,1,560,560.0,0.0,0,0,0,closed,cash,1196.0,0.15,
ORD001577,2026-05-11 09:57:11,S07,Daniyal,T18,dine_in,IMP,Imported Soda,Other,1,480,480.0,0.0,0,0,0,closed,cash,1196.0,0.15,
ORD001578,2026-05-11 20:27:47,S03,Bilal,,takeaway,CLB,Cold Brew,Coffee,1,680,680.0,0.0,0,0,0,closed,wallet,714.0,0.05,C5d90c0fdc3
ORD001579,2026-05-11 10:55:35,S01,Ayesha,,takeaway,SAN,Chicken Sandwich,Food,1,1350,1350.0,0.0,0,0,0,closed,card,1418.0,0.05,C63391bb904
ORD001580,2026-05-11 16:21:05,S04,Sara,T10,dine_in,PAS,Pasta,Food,2,1650,3300.0,0.0,0,0,0,closed,cash,3795.0,0.15,
ORD001581,2026-05-11 11:24:20,S07,Daniyal,T7,dine_in,LAT,Cafe Latte,Coffee,1,580,580.0,0.0,0,0,0,closed,wallet,1155.0,0.05,Ca2c33b664c
ORD001581,2026-05-11 11:24:20,S07,Daniyal,T7,dine_in,CRO,Butter Croissant,Bakery,1,520,520.0,0.0,0,0,0,closed,wallet,1155.0,0.05,Ca2c33b664c
ORD001582,2026-05-11 08:12:14,S06,Zainab,T14,dine_in,CLB,Cold Brew,Coffee,1,680,680.0,0.0,0,0,0,closed,card,1911.0,0.05,Ca0367143e1
ORD001582,2026-05-11 08:12:14,S06,Zainab,T14,dine_in,LAT,Cafe Latte,Coffee,1,580,580.0,0.0,0,0,0,closed,card,1911.0,0.05,Ca0367143e1
ORD001582,2026-05-11 08:12:14,S06,Zainab,T14,dine_in,CAP,Cappuccino,Coffee,1,560,560.0,0.0,0,0,0,closed,card,1911.0,0.05,Ca0367143e1
ORD001583,2026-05-11 12:44:02,S08,Mahnoor,,takeaway,CKE,Slice of Cake,Bakery,1,780,780.0,0.0,0,0,0,closed,card,1449.0,0.05,C882ffcc387
ORD001583,2026-05-11 12:44:02,S08,Mahnoor,,takeaway,PNC,Pain au Chocolat,Bakery,1,600,600.0,0.0,0,0,0,closed,card,1449.0,0.05,C882ffcc387
ORD001584,2026-05-11 19:56:52,S01,Ayesha,,takeaway,ICL,Iced Latte,Coffee,1,640,576.0,64.0,0,0,0,closed,wallet,605.0,0.05,C3d3ed875c0
ORD001585,2026-05-11 12:05:19,S08,Mahnoor,T10,dine_in,PNC,Pain au Chocolat,Bakery,1,600,600.0,0.0,0,0,0,closed,card,1239.0,0.05,Cd1e93a6d3b
ORD001585,2026-05-11 12:05:19,S08,Mahnoor,T10,dine_in,LAT,Cafe Latte,Coffee,1,580,580.0,0.0,0,0,0,closed,card,1239.0,0.05,Cd1e93a6d3b
ORD001586,2026-05-11 10:23:25,S06,Zainab,,takeaway,LAT,Cafe Latte,Coffee,1,580,580.0,0.0,0,0,0,closed,card,609.0,0.05,C4c1eb9433f
ORD001587,2026-05-11 11:21:11,S04,Sara,,takeaway,SAL,Garden Salad,Food,1,1250,1250.0,0.0,0,0,0,closed,card,1942.0,0.05,Ca77d93ef85
ORD001587,2026-05-11 11:21:11,S04,Sara,,takeaway,PNC,Pain au Chocolat,Bakery,1,600,600.0,0.0,0,0,0,closed,card,1942.0,0.05,Ca77d93ef85
ORD001588,2026-05-11 19:37:48,S06,Zainab,,takeaway,HOT,Hot Chocolate,Coffee,1,560,560.0,0.0,0,0,0,closed,card,1512.0,0.05,Cb0d3f4350d
ORD001588,2026-05-11 19:37:48,S06,Zainab,,takeaway,CKE2,Cheesecake,Bakery,1,880,880.0,0.0,0,0,0,closed,card,1512.0,0.05,Cb0d3f4350d
ORD001589,2026-05-11 20:50:59,S05,Usman,T3,dine_in,CAP,Cappuccino,Coffee,1,560,560.0,0.0,0,0,0,closed,card,588.0,0.05,C58cf770e72
ORD001590,2026-05-11 19:46:29,S07,Daniyal,T13,dine_in,CAP,Cappuccino,Coffee,1,560,560.0,0.0,0,0,0,closed,cash,644.0,0.15,C4cdda00be6
ORD001591,2026-05-11 07:17:45,S03,Bilal,,takeaway,CLB,Cold Brew,Coffee,1,680,0.0,0.0,0,0,1,closed,cash,0.0,0.15,C7bfa0588ba
ORD001592,2026-05-11 10:43:15,S07,Daniyal,T5,dine_in,AMR,Americano,Coffee,1,480,480.0,0.0,0,0,0,closed,card,504.0,0.05,Ccb8af0dea2
ORD001593,2026-05-11 11:13:35,S02,Hamza,T17,dine_in,BFP,Big Breakfast,Food,1,1850,1850.0,0.0,0,0,0,closed,card,2384.0,0.05,Ca2c33b664c
ORD001593,2026-05-11 11:13:35,S02,Hamza,T17,dine_in,ESP,Espresso,Coffee,1,420,420.0,0.0,0,0,0,closed,card,2384.0,0.05,Ca2c33b664c
ORD001594,2026-05-11 10:41:14,S06,Zainab,,takeaway,SAN,Chicken Sandwich,Food,2,1350,2700.0,0.0,0,0,0,closed,cash,3887.0,0.15,
ORD001594,2026-05-11 10:41:14,S06,Zainab,,takeaway,CLB,Cold Brew,Coffee,1,680,680.0,0.0,0,0,0,closed,cash,3887.0,0.15,
ORD001595,2026-05-11 14:00:09,S06,Zainab,T7,dine_in,MAT,Matcha Latte,Coffee,1,720,720.0,0.0,0,0,0,closed,card,1260.0,0.05,Cedfbf7a78b
ORD001595,2026-05-11 14:00:09,S06,Zainab,T7,dine_in,AMR,Americano,Coffee,1,480,480.0,0.0,0,0,0,closed,card,1260.0,0.05,Cedfbf7a78b
ORD001596,2026-05-11 13:20:21,S01,Ayesha,,takeaway,WTR,Bottled Water,Other,1,150,150.0,0.0,0,0,0,closed,cash,1610.0,0.15,
ORD001596,2026-05-11 13:20:21,S01,Ayesha,,takeaway,SAL,Garden Salad,Food,1,1250,1250.0,0.0,0,0,0,closed,cash,1610.0,0.15,
ORD001597,2026-05-11 12:48:39,S03,Bilal,T7,dine_in,AVT,Avocado Toast,Food,1,1450,0.0,0.0,1,1,0,partial_void,qr,0.0,0.05,C651e9754b8
ORD001598,2026-05-11 07:52:16,S07,Daniyal,T5,dine_in,SAL,Garden Salad,Food,1,1250,1250.0,0.0,0,0,0,closed,cash,1438.0,0.15,
ORD001599,2026-05-11 17:53:37,S02,Hamza,T17,dine_in,WTR,Bottled Water,Other,1,150,150.0,0.0,0,0,0,closed,card,158.0,0.05,C5135e572df
ORD001600,2026-05-11 09:23:12,S01,Ayesha,,takeaway,FLW,Flat White,Coffee,1,600,600.0,0.0,0,0,0,closed,card,1201.0,0.05,Cd923cf20c8
ORD001600,2026-05-11 09:23:12,S01,Ayesha,,takeaway,CLB,Cold Brew,Coffee,1,680,544.0,136.0,0,0,0,closed,card,1201.0,0.05,Cd923cf20c8
ORD001601,2026-05-11 12:20:29,S07,Daniyal,,takeaway,FLW,Flat White,Coffee,1,600,600.0,0.0,0,0,0,closed,cash,4885.0,0.15,C27b8cccac4
ORD001601,2026-05-11 12:20:29,S07,Daniyal,,takeaway,AVT,Avocado Toast,Food,2,1450,2900.0,0.0,0,0,0,closed,cash,4885.0,0.15,C27b8cccac4
ORD001601,2026-05-11 12:20:29,S07,Daniyal,,takeaway,CKE2,Cheesecake,Bakery,1,880,748.0,132.0,0,0,0,closed,cash,4885.0,0.15,C27b8cccac4
ORD001602,2026-05-11 21:01:26,S02,Hamza,,takeaway,CAP,Cappuccino,Coffee,1,560,560.0,0.0,0,0,0,closed,wallet,1092.0,0.05,C32c57ce249
ORD001602,2026-05-11 21:01:26,S02,Hamza,,takeaway,AMR,Americano,Coffee,1,480,480.0,0.0,0,0,0,closed,wallet,1092.0,0.05,C32c57ce249
ORD001603,2026-05-11 07:25:34,S03,Bilal,T17,dine_in,ICL,Iced Latte,Coffee,1,640,640.0,0.0,0,0,0,closed,qr,672.0,0.05,C1771e35d2c
ORD001603,2026-05-11 07:25:34,S03,Bilal,T17,dine_in,SAL,Garden Salad,Food,1,1250,0.0,0.0,1,1,0,partial_void,qr,672.0,0.05,C1771e35d2c
ORD001604,2026-05-11 07:47:00,S01,Ayesha,T8,dine_in,IMP,Imported Soda,Other,1,480,480.0,0.0,0,0,0,closed,card,1722.0,0.05,Ce794fc7460
ORD001604,2026-05-11 07:47:00,S01,Ayesha,T8,dine_in,FLW,Flat White,Coffee,1,600,600.0,0.0,0,0,0,closed,card,1722.0,0.05,Ce794fc7460
ORD001604,2026-05-11 07:47:00,S01,Ayesha,T8,dine_in,CAP,Cappuccino,Coffee,1,560,560.0,0.0,0,0,0,closed,card,1722.0,0.05,Ce794fc7460
ORD001605,2026-05-11 16:31:47,S03,Bilal,T7,dine_in,FLW,Flat White,Coffee,1,600,600.0,0.0,0,0,0,closed,cash,690.0,0.15,
ORD001606,2026-05-11 07:45:59,S03,Bilal,,takeaway,FLW,Flat White,Coffee,1,600,540.0,60.0,0,0,0,closed,qr,567.0,0.05,C74caaa80b4
ORD001607,2026-05-11 12:56:30,S05,Usman,T13,dine_in,CKE,Slice of Cake,Bakery,1,780,702.0,78.0,0,0,0,closed,cash,807.0,0.15,
ORD001608,2026-05-11 15:27:25,S05,Usman,T4,dine_in,BFP,Big Breakfast,Food,1,1850,1850.0,0.0,0,0,0,closed,qr,1942.0,0.05,C033079de2c
ORD001609,2026-05-11 12:22:27,S04,Sara,T13,dine_in,ESP,Espresso,Coffee,1,420,420.0,0.0,0,0,0,closed,cash,1035.0,0.15,C299bc05724
ORD001609,2026-05-11 12:22:27,S04,Sara,T13,dine_in,AMR,Americano,Coffee,1,480,480.0,0.0,0,0,0,closed,cash,1035.0,0.15,C299bc05724
ORD001610,2026-05-11 16:48:28,S02,Hamza,,takeaway,CKE,Slice of Cake,Bakery,1,780,780.0,0.0,0,0,0,closed,cash,897.0,0.15,Cf7a6863213
ORD001611,2026-05-11 22:46:15,S03,Bilal,,takeaway,AVT,Avocado Toast,Food,1,1450,1450.0,0.0,0,0,0,closed,cash,2334.0,0.15,
ORD001611,2026-05-11 22:46:15,S03,Bilal,,takeaway,LAT,Cafe Latte,Coffee,1,580,580.0,0.0,0,0,0,closed,cash,2334.0,0.15,
ORD001612,2026-05-11 20:30:13,S01,Ayesha,,takeaway,ICL,Iced Latte,Coffee,1,640,640.0,0.0,0,0,0,closed,card,2614.0,0.05,Cbac72cb73a
ORD001612,2026-05-11 20:30:13,S01,Ayesha,,takeaway,BFP,Big Breakfast,Food,1,1850,1850.0,0.0,0,0,0,closed,card,2614.0,0.05,Cbac72cb73a
ORD001613,2026-05-11 13:42:09,S03,Bilal,T18,dine_in,PAS,Pasta,Food,1,1650,1650.0,0.0,0,0,0,closed,cash,1897.0,0.15,
ORD001614,2026-05-11 08:23:13,S01,Ayesha,T17,dine_in,CKE,Slice of Cake,Bakery,1,780,780.0,0.0,0,0,0,closed,cash,2450.0,0.15,
ORD001614,2026-05-11 08:23:13,S01,Ayesha,T17,dine_in,SAN,Chicken Sandwich,Food,1,1350,1350.0,0.0,0,0,0,closed,cash,2450.0,0.15,
ORD001615,2026-05-11 09:46:17,S06,Zainab,,takeaway,IMP,Imported Soda,Other,1,480,480.0,0.0,0,0,0,closed,cash,552.0,0.15,Cf75f1d84fe
ORD001616,2026-05-11 13:10:59,S08,Mahnoor,T15,dine_in,CRO,Butter Croissant,Bakery,1,520,520.0,0.0,0,0,0,closed,qr,546.0,0.05,Ccdae6010f7
ORD001617,2026-05-11 22:28:20,S02,Hamza,,takeaway,CLB,Cold Brew,Coffee,1,680,680.0,0.0,0,0,0,closed,cash,1472.0,0.15,
ORD001617,2026-05-11 22:28:20,S02,Hamza,,takeaway,FLW,Flat White,Coffee,1,600,600.0,0.0,0,0,0,closed,cash,1472.0,0.15,
ORD001618,2026-05-11 11:39:25,S08,Mahnoor,T14,dine_in,IMP,Imported Soda,Other,1,480,480.0,0.0,0,0,0,closed,card,504.0,0.05,Ccd78d85830
ORD001619,2026-05-11 20:50:12,S01,Ayesha,T11,dine_in,SAL,Garden Salad,Food,1,1250,1250.0,0.0,0,0,0,closed,cash,1438.0,0.15,
ORD001620,2026-05-11 08:30:24,S07,Daniyal,T17,dine_in,BFP,Big Breakfast,Food,1,1850,1850.0,0.0,0,0,0,closed,wallet,3518.0,0.05,C44fdf11b8b
ORD001620,2026-05-11 08:30:24,S07,Daniyal,T17,dine_in,SAN,Chicken Sandwich,Food,1,1350,1350.0,0.0,0,0,0,closed,wallet,3518.0,0.05,C44fdf11b8b
ORD001620,2026-05-11 08:30:24,S07,Daniyal,T17,dine_in,WTR,Bottled Water,Other,1,150,150.0,0.0,0,0,0,closed,wallet,3518.0,0.05,C44fdf11b8b
ORD001621,2026-05-11 13:31:06,S06,Zainab,T9,dine_in,AMR,Americano,Coffee,1,480,480.0,0.0,0,0,0,closed,cash,3185.0,0.15,Cadc75d3967
ORD001621,2026-05-11 13:31:06,S06,Zainab,T9,dine_in,PAS,Pasta,Food,1,1650,1650.0,0.0,0,0,0,closed,cash,3185.0,0.15,Cadc75d3967
ORD001621,2026-05-11 13:31:06,S06,Zainab,T9,dine_in,ICL,Iced Latte,Coffee,1,640,640.0,0.0,0,0,0,closed,cash,3185.0,0.15,Cadc75d3967
ORD001622,2026-05-11 17:06:38,S03,Bilal,,takeaway,SAL,Garden Salad,Food,1,1250,0.0,0.0,1,0,0,partial_void,wallet,588.0,0.05,C58cf770e72
ORD001622,2026-05-11 17:06:38,S03,Bilal,,takeaway,CAP,Cappuccino,Coffee,1,560,560.0,0.0,0,0,0,partial_void,wallet,588.0,0.05,C58cf770e72
ORD001623,2026-05-11 18:35:15,S01,Ayesha,,takeaway,CAP,Cappuccino,Coffee,1,560,560.0,0.0,0,0,0,closed,cash,644.0,0.15,
ORD001624,2026-05-11 22:25:30,S05,Usman,T13,dine_in,SAN,Chicken Sandwich,Food,1,1350,1350.0,0.0,0,0,0,closed,card,3360.0,0.05,Cea711db2d4
ORD001624,2026-05-11 22:25:30,S05,Usman,T13,dine_in,BFP,Big Breakfast,Food,1,1850,1850.0,0.0,0,0,0,closed,card,3360.0,0.05,Cea711db2d4
ORD001625,2026-05-11 09:19:06,S05,Usman,T6,dine_in,CRO,Butter Croissant,Bakery,1,520,520.0,0.0,0,0,0,closed,card,2656.0,0.05,Cd08e9b5f66
ORD001625,2026-05-11 09:19:06,S05,Usman,T6,dine_in,CAP,Cappuccino,Coffee,1,560,560.0,0.0,0,0,0,closed,card,2656.0,0.05,Cd08e9b5f66
ORD001625,2026-05-11 09:19:06,S05,Usman,T6,dine_in,AVT,Avocado Toast,Food,1,1450,1450.0,0.0,0,0,0,closed,card,2656.0,0.05,Cd08e9b5f66
ORD001626,2026-05-11 12:20:19,S05,Usman,,takeaway,WTR,Bottled Water,Other,1,150,150.0,0.0,0,0,0,closed,cash,172.0,0.15,
ORD001627,2026-05-11 12:51:36,S03,Bilal,,takeaway,CRO,Butter Croissant,Bakery,1,520,520.0,0.0,0,0,0,closed,cash,598.0,0.15,
ORD001628,2026-05-11 19:55:07,S06,Zainab,T15,dine_in,CAP,Cappuccino,Coffee,1,560,560.0,0.0,0,0,0,closed,cash,1196.0,0.15,
ORD001628,2026-05-11 19:55:07,S06,Zainab,T15,dine_in,IMP,Imported Soda,Other,1,480,480.0,0.0,0,0,0,closed,cash,1196.0,0.15,
ORD001629,2026-05-11 19:44:34,S08,Mahnoor,T12,dine_in,LAT,Cafe Latte,Coffee,1,580,580.0,0.0,0,0,0,closed,qr,609.0,0.05,C13ed41d309
ORD001630,2026-05-11 19:06:25,S06,Zainab,,takeaway,CAP,Cappuccino,Coffee,1,560,560.0,0.0,0,0,0,closed,cash,644.0,0.15,C549baded58
ORD001631,2026-05-11 19:31:47,S05,Usman,,takeaway,CLB,Cold Brew,Coffee,1,680,680.0,0.0,0,0,0,closed,cash,1426.0,0.15,
ORD001631,2026-05-11 19:31:47,S05,Usman,,takeaway,CAP,Cappuccino,Coffee,1,560,560.0,0.0,0,0,0,closed,cash,1426.0,0.15,
ORD001632,2026-05-11 08:47:47,S05,Usman,T10,dine_in,WTR,Bottled Water,Other,1,150,150.0,0.0,0,0,0,closed,card,872.0,0.05,Cbf1fa8f7c6
ORD001632,2026-05-11 08:47:47,S05,Usman,T10,dine_in,CLB,Cold Brew,Coffee,1,680,680.0,0.0,0,0,0,closed,card,872.0,0.05,Cbf1fa8f7c6
ORD001633,2026-05-11 18:18:07,S06,Zainab,,takeaway,LAT,Cafe Latte,Coffee,1,580,580.0,0.0,0,0,0,closed,cash,667.0,0.15,
ORD001634,2026-05-11 10:01:12,S07,Daniyal,T3,dine_in,SAN,Chicken Sandwich,Food,1,1350,1350.0,0.0,0,0,0,closed,cash,1552.0,0.15,
ORD001635,2026-05-11 16:17:36,S01,Ayesha,T14,dine_in,MOC,Mocha,Coffee,1,650,650.0,0.0,0,0,0,closed,cash,1644.0,0.15,C77ab9059ad
ORD001635,2026-05-11 16:17:36,S01,Ayesha,T14,dine_in,CKE,Slice of Cake,Bakery,1,780,780.0,0.0,0,0,0,closed,cash,1644.0,0.15,C77ab9059ad
ORD001636,2026-05-11 22:28:25,S04,Sara,T7,dine_in,PNC,Pain au Chocolat,Bakery,1,600,600.0,0.0,0,0,0,closed,wallet,630.0,0.05,C63391bb904
ORD001637,2026-05-11 12:08:08,S04,Sara,T3,dine_in,AVT,Avocado Toast,Food,1,1450,1450.0,0.0,0,0,0,closed,qr,2068.0,0.05,Cc8157a5ef0
ORD001637,2026-05-11 12:08:08,S04,Sara,T3,dine_in,CRO,Butter Croissant,Bakery,1,520,520.0,0.0,0,0,0,closed,qr,2068.0,0.05,Cc8157a5ef0
ORD001638,2026-05-11 15:25:54,S04,Sara,T14,dine_in,CKE,Slice of Cake,Bakery,1,780,780.0,0.0,0,0,0,closed,cash,897.0,0.15,
ORD001639,2026-05-11 17:42:03,S08,Mahnoor,,takeaway,MOC,Mocha,Coffee,1,650,650.0,0.0,0,0,0,closed,card,682.0,0.05,Cf75f1d84fe
ORD001640,2026-05-11 09:11:42,S07,Daniyal,T16,dine_in,AMR,Americano,Coffee,1,480,480.0,0.0,0,0,0,closed,wallet,2236.0,0.05,C792c986453
ORD001640,2026-05-11 09:11:42,S07,Daniyal,T16,dine_in,PAS,Pasta,Food,1,1650,1650.0,0.0,0,0,0,closed,wallet,2236.0,0.05,C792c986453
ORD001641,2026-05-11 08:04:16,S03,Bilal,T6,dine_in,AVT,Avocado Toast,Food,1,1450,1450.0,0.0,0,0,0,closed,wallet,2278.0,0.05,Ca4c85907e3
ORD001641,2026-05-11 08:04:16,S03,Bilal,T6,dine_in,MAT,Matcha Latte,Coffee,1,720,720.0,0.0,0,0,0,closed,wallet,2278.0,0.05,Ca4c85907e3
ORD001642,2026-05-11 12:40:40,S05,Usman,T12,dine_in,SAL,Garden Salad,Food,1,1250,1250.0,0.0,0,0,0,closed,cash,1438.0,0.15,Ccc008e38de
ORD001643,2026-05-11 19:05:13,S07,Daniyal,,takeaway,AMR,Americano,Coffee,1,480,480.0,0.0,0,0,0,closed,card,504.0,0.05,C5d0684f46e
ORD001644,2026-05-11 18:28:53,S07,Daniyal,T4,dine_in,IMP,Imported Soda,Other,1,480,480.0,0.0,0,0,0,closed,cash,1219.0,0.15,
ORD001644,2026-05-11 18:28:53,S07,Daniyal,T4,dine_in,LAT,Cafe Latte,Coffee,1,580,580.0,0.0,0,0,0,closed,cash,1219.0,0.15,
ORD001645,2026-05-11 11:57:06,S02,Hamza,T6,dine_in,ESP,Espresso,Coffee,1,420,420.0,0.0,0,0,0,closed,cash,483.0,0.15,
ORD001646,2026-05-11 12:02:46,S01,Ayesha,,takeaway,MAT,Matcha Latte,Coffee,1,720,720.0,0.0,0,0,0,closed,cash,828.0,0.15,
ORD001647,2026-05-11 12:26:41,S08,Mahnoor,,takeaway,AMR,Americano,Coffee,1,480,480.0,0.0,0,0,0,closed,card,504.0,0.05,Ca4c85907e3
ORD001648,2026-05-12 09:06:32,S07,Daniyal,,takeaway,MOC,Mocha,Coffee,1,650,650.0,0.0,0,0,0,closed,card,1312.0,0.05,C482e4b19c6
ORD001648,2026-05-12 09:06:32,S07,Daniyal,,takeaway,FLW,Flat White,Coffee,1,600,600.0,0.0,0,0,0,closed,card,1312.0,0.05,C482e4b19c6
ORD001649,2026-05-12 12:45:57,S04,Sara,T1,dine_in,HOT,Hot Chocolate,Coffee,1,560,560.0,0.0,0,0,0,closed,cash,816.0,0.15,
ORD001649,2026-05-12 12:45:57,S04,Sara,T1,dine_in,WTR,Bottled Water,Other,1,150,150.0,0.0,0,0,0,closed,cash,816.0,0.15,
ORD001650,2026-05-12 22:43:03,S02,Hamza,T12,dine_in,MOC,Mocha,Coffee,1,650,650.0,0.0,0,0,0,closed,cash,747.0,0.15,C27c059f294
ORD001651,2026-05-12 21:04:38,S04,Sara,,takeaway,ESP,Espresso,Coffee,1,420,420.0,0.0,0,0,0,closed,cash,483.0,0.15,C358a4b96fe
ORD001652,2026-05-12 20:23:50,S05,Usman,T5,dine_in,WTR,Bottled Water,Other,1,150,150.0,0.0,0,0,0,closed,wallet,158.0,0.05,C9d6b8398a5
ORD001653,2026-05-12 07:00:26,S06,Zainab,T11,dine_in,MOC,Mocha,Coffee,1,650,650.0,0.0,0,0,0,closed,wallet,2110.0,0.05,C77ab9059ad
ORD001653,2026-05-12 07:00:26,S06,Zainab,T11,dine_in,LAT,Cafe Latte,Coffee,1,580,580.0,0.0,0,0,0,closed,wallet,2110.0,0.05,C77ab9059ad
ORD001653,2026-05-12 07:00:26,S06,Zainab,T11,dine_in,CKE,Slice of Cake,Bakery,1,780,780.0,0.0,0,0,0,closed,wallet,2110.0,0.05,C77ab9059ad
ORD001654,2026-05-12 09:23:32,S08,Mahnoor,T1,dine_in,CLB,Cold Brew,Coffee,1,680,680.0,0.0,0,0,0,closed,qr,1386.0,0.05,C47c5e28c85
ORD001654,2026-05-12 09:23:32,S08,Mahnoor,T1,dine_in,ICL,Iced Latte,Coffee,1,640,640.0,0.0,0,0,0,closed,qr,1386.0,0.05,C47c5e28c85
ORD001655,2026-05-12 22:04:08,S05,Usman,,takeaway,BFP,Big Breakfast,Food,1,1850,1850.0,0.0,0,0,0,closed,cash,2128.0,0.15,Cbf1fa8f7c6
ORD001656,2026-05-12 13:16:07,S08,Mahnoor,,takeaway,SAN,Chicken Sandwich,Food,1,1350,1350.0,0.0,0,0,0,closed,cash,2035.0,0.15,
ORD001656,2026-05-12 13:16:07,S08,Mahnoor,,takeaway,ESP,Espresso,Coffee,1,420,420.0,0.0,0,0,0,closed,cash,2035.0,0.15,
ORD001657,2026-05-12 18:53:05,S08,Mahnoor,,takeaway,CLB,Cold Brew,Coffee,1,680,680.0,0.0,0,0,0,closed,card,2656.0,0.05,C17a403a366
ORD001657,2026-05-12 18:53:05,S08,Mahnoor,,takeaway,BFP,Big Breakfast,Food,1,1850,1850.0,0.0,0,0,0,closed,card,2656.0,0.05,C17a403a366
ORD001658,2026-05-12 19:34:17,S01,Ayesha,T15,dine_in,MOC,Mocha,Coffee,1,650,650.0,0.0,0,0,0,closed,cash,5405.0,0.15,C1771e35d2c
ORD001658,2026-05-12 19:34:17,S01,Ayesha,T15,dine_in,SAN,Chicken Sandwich,Food,1,1350,1350.0,0.0,0,0,0,closed,cash,5405.0,0.15,C1771e35d2c
ORD001658,2026-05-12 19:34:17,S01,Ayesha,T15,dine_in,SAN,Chicken Sandwich,Food,2,1350,2700.0,0.0,0,0,0,closed,cash,5405.0,0.15,C1771e35d2c
ORD001659,2026-05-12 10:36:30,S07,Daniyal,T15,dine_in,FLW,Flat White,Coffee,1,600,600.0,0.0,0,0,0,closed,cash,690.0,0.15,
ORD001660,2026-05-12 08:18:32,S06,Zainab,T1,dine_in,IMP,Imported Soda,Other,1,480,480.0,0.0,0,0,0,closed,wallet,504.0,0.05,C6ef606ae5e
ORD001661,2026-05-12 10:24:46,S03,Bilal,,takeaway,MAT,Matcha Latte,Coffee,1,720,720.0,0.0,0,0,0,closed,qr,756.0,0.05,C55f6b5c15e
ORD001662,2026-05-12 20:56:28,S08,Mahnoor,T12,dine_in,HOT,Hot Chocolate,Coffee,1,560,560.0,0.0,0,0,0,closed,cash,644.0,0.15,
ORD001663,2026-05-12 11:56:47,S08,Mahnoor,T3,dine_in,CAP,Cappuccino,Coffee,1,560,560.0,0.0,0,0,0,closed,card,1890.0,0.05,C63391bb904
ORD001663,2026-05-12 11:56:47,S08,Mahnoor,T3,dine_in,HOT,Hot Chocolate,Coffee,1,560,560.0,0.0,0,0,0,closed,card,1890.0,0.05,C63391bb904
ORD001663,2026-05-12 11:56:47,S08,Mahnoor,T3,dine_in,CLB,Cold Brew,Coffee,1,680,680.0,0.0,0,0,0,closed,card,1890.0,0.05,C63391bb904
ORD001664,2026-05-12 17:50:09,S04,Sara,T8,dine_in,CKE,Slice of Cake,Bakery,1,780,663.0,117.0,0,0,0,closed,card,696.0,0.05,C5d90c0fdc3
ORD001665,2026-05-12 17:25:39,S06,Zainab,,takeaway,CAP,Cappuccino,Coffee,1,560,560.0,0.0,0,0,0,closed,card,588.0,0.05,Cf1debaccc2
ORD001666,2026-05-12 11:02:50,S07,Daniyal,,takeaway,MAT,Matcha Latte,Coffee,1,720,720.0,0.0,0,0,0,closed,card,756.0,0.05,Cae4003d5ae
ORD001667,2026-05-12 21:16:10,S06,Zainab,T10,dine_in,WTR,Bottled Water,Other,1,150,150.0,0.0,0,0,0,closed,qr,158.0,0.05,Cd6d385c74a
ORD001668,2026-05-12 11:30:35,S07,Daniyal,T15,dine_in,IMP,Imported Soda,Other,1,480,480.0,0.0,0,0,0,closed,cash,1196.0,0.15,C651e9754b8
ORD001668,2026-05-12 11:30:35,S07,Daniyal,T15,dine_in,CAP,Cappuccino,Coffee,1,560,560.0,0.0,0,0,0,closed,cash,1196.0,0.15,C651e9754b8
ORD001669,2026-05-12 22:26:59,S04,Sara,,takeaway,HOT,Hot Chocolate,Coffee,1,560,560.0,0.0,0,0,0,closed,wallet,2110.0,0.05,C49db3f79ef
ORD001669,2026-05-12 22:26:59,S04,Sara,,takeaway,AVT,Avocado Toast,Food,1,1450,1450.0,0.0,0,0,0,closed,wallet,2110.0,0.05,C49db3f79ef
ORD001670,2026-05-12 12:51:26,S03,Bilal,T4,dine_in,FLW,Flat White,Coffee,1,600,600.0,0.0,0,0,0,closed,cash,690.0,0.15,
ORD001671,2026-05-12 16:00:30,S01,Ayesha,T3,dine_in,CAP,Cappuccino,Coffee,1,560,560.0,0.0,0,0,0,closed,cash,1030.0,0.15,C77ab9059ad
ORD001671,2026-05-12 16:00:30,S01,Ayesha,T3,dine_in,ESP,Espresso,Coffee,1,420,336.0,84.0,0,0,0,closed,cash,1030.0,0.15,C77ab9059ad
ORD001672,2026-05-12 12:04:25,S05,Usman,T5,dine_in,PAS,Pasta,Food,1,1650,1650.0,0.0,0,0,0,closed,cash,1897.0,0.15,
ORD001673,2026-05-12 07:22:10,S07,Daniyal,,takeaway,AMR,Americano,Coffee,1,480,480.0,0.0,0,0,0,closed,cash,552.0,0.15,
ORD001674,2026-05-12 22:18:47,S04,Sara,T12,dine_in,CKE,Slice of Cake,Bakery,1,780,780.0,0.0,0,0,0,closed,cash,2392.0,0.15,
ORD001674,2026-05-12 22:18:47,S04,Sara,T12,dine_in,LAT,Cafe Latte,Coffee,1,580,580.0,0.0,0,0,0,closed,cash,2392.0,0.15,
ORD001674,2026-05-12 22:18:47,S04,Sara,T12,dine_in,MAT,Matcha Latte,Coffee,1,720,720.0,0.0,0,0,0,closed,cash,2392.0,0.15,
ORD001675,2026-05-12 09:32:45,S02,Hamza,,takeaway,ICL,Iced Latte,Coffee,1,640,640.0,0.0,0,0,0,closed,cash,908.0,0.15,Ca4c85907e3
ORD001675,2026-05-12 09:32:45,S02,Hamza,,takeaway,WTR,Bottled Water,Other,1,150,150.0,0.0,0,0,0,closed,cash,908.0,0.15,Ca4c85907e3
ORD001676,2026-05-12 08:35:46,S06,Zainab,T8,dine_in,ESP,Espresso,Coffee,1,420,420.0,0.0,0,0,0,closed,cash,483.0,0.15,
ORD001677,2026-05-12 12:32:10,S02,Hamza,T12,dine_in,LAT,Cafe Latte,Coffee,1,580,580.0,0.0,0,0,0,closed,qr,609.0,0.05,C53373f0550
ORD001678,2026-05-12 07:57:50,S08,Mahnoor,T15,dine_in,FLW,Flat White,Coffee,1,600,600.0,0.0,0,0,0,closed,card,4515.0,0.05,C3b6644d10e
ORD001678,2026-05-12 07:57:50,S08,Mahnoor,T15,dine_in,BFP,Big Breakfast,Food,1,1850,1850.0,0.0,0,0,0,closed,card,4515.0,0.05,C3b6644d10e
ORD001678,2026-05-12 07:57:50,S08,Mahnoor,T15,dine_in,BFP,Big Breakfast,Food,1,1850,1850.0,0.0,0,0,0,closed,card,4515.0,0.05,C3b6644d10e
ORD001679,2026-05-12 22:15:48,S07,Daniyal,,takeaway,FLW,Flat White,Coffee,1,600,600.0,0.0,0,0,0,closed,cash,690.0,0.15,Ca1e8edbdac
ORD001680,2026-05-12 20:10:38,S07,Daniyal,T4,dine_in,LAT,Cafe Latte,Coffee,1,580,580.0,0.0,0,0,0,closed,card,1365.0,0.05,C7bfa0588ba
ORD001680,2026-05-12 20:10:38,S07,Daniyal,T4,dine_in,MAT,Matcha Latte,Coffee,1,720,720.0,0.0,0,0,0,closed,card,1365.0,0.05,C7bfa0588ba
ORD001681,2026-05-12 07:41:18,S03,Bilal,T14,dine_in,FLW,Flat White,Coffee,1,600,600.0,0.0,0,0,0,closed,qr,630.0,0.05,C4c1eb9433f
ORD001682,2026-05-12 10:08:18,S03,Bilal,T5,dine_in,LAT,Cafe Latte,Coffee,1,580,580.0,0.0,0,0,0,closed,card,1127.0,0.05,Cadc75d3967
ORD001682,2026-05-12 10:08:18,S03,Bilal,T5,dine_in,AVT,Avocado Toast,Food,2,1450,0.0,0.0,0,0,1,closed,card,1127.0,0.05,Cadc75d3967
ORD001682,2026-05-12 10:08:18,S03,Bilal,T5,dine_in,LAT,Cafe Latte,Coffee,1,580,493.0,87.0,0,0,0,closed,card,1127.0,0.05,Cadc75d3967
ORD001683,2026-05-12 21:48:29,S03,Bilal,,takeaway,IMP,Imported Soda,Other,1,480,480.0,0.0,0,0,0,closed,cash,552.0,0.15,
ORD001684,2026-05-12 17:33:17,S03,Bilal,,takeaway,WTR,Bottled Water,Other,1,150,150.0,0.0,0,0,0,closed,wallet,766.0,0.05,Cf7a6863213
ORD001684,2026-05-12 17:33:17,S03,Bilal,,takeaway,LAT,Cafe Latte,Coffee,1,580,580.0,0.0,0,0,0,closed,wallet,766.0,0.05,Cf7a6863213
ORD001685,2026-05-12 19:39:26,S07,Daniyal,,takeaway,WTR,Bottled Water,Other,1,150,150.0,0.0,0,0,0,closed,cash,1438.0,0.15,
ORD001685,2026-05-12 19:39:26,S07,Daniyal,,takeaway,LAT,Cafe Latte,Coffee,1,580,580.0,0.0,0,0,0,closed,cash,1438.0,0.15,
ORD001685,2026-05-12 19:39:26,S07,Daniyal,,takeaway,CRO,Butter Croissant,Bakery,1,520,520.0,0.0,0,0,0,closed,cash,1438.0,0.15,
ORD001686,2026-05-12 07:36:02,S01,Ayesha,T15,dine_in,FLW,Flat White,Coffee,1,600,600.0,0.0,0,0,0,closed,cash,1472.0,0.15,
ORD001686,2026-05-12 07:36:02,S01,Ayesha,T15,dine_in,CLB,Cold Brew,Coffee,1,680,680.0,0.0,0,0,0,closed,cash,1472.0,0.15,
ORD001687,2026-05-12 21:41:15,S02,Hamza,T16,dine_in,CKE2,Cheesecake,Bakery,1,880,880.0,0.0,0,0,0,closed,cash,1794.0,0.15,
ORD001687,2026-05-12 21:41:15,S02,Hamza,T16,dine_in,CLB,Cold Brew,Coffee,1,680,680.0,0.0,0,0,0,closed,cash,1794.0,0.15,
ORD001688,2026-05-12 20:37:01,S05,Usman,T7,dine_in,AVT,Avocado Toast,Food,1,1450,1450.0,0.0,0,0,0,closed,cash,2564.0,0.15,
ORD001688,2026-05-12 20:37:01,S05,Usman,T7,dine_in,CKE,Slice of Cake,Bakery,1,780,780.0,0.0,0,0,0,closed,cash,2564.0,0.15,
ORD001689,2026-05-12 08:15:01,S08,Mahnoor,T11,dine_in,LAT,Cafe Latte,Coffee,1,580,580.0,0.0,0,0,0,closed,card,609.0,0.05,Cd30f1a38f4
ORD001690,2026-05-12 10:59:16,S01,Ayesha,,takeaway,LAT,Cafe Latte,Coffee,1,580,522.0,58.0,0,0,0,closed,cash,600.0,0.15,Cb76f2d371b
ORD001691,2026-05-12 19:06:52,S01,Ayesha,T3,dine_in,ICL,Iced Latte,Coffee,1,640,640.0,0.0,0,0,0,closed,cash,736.0,0.15,
ORD001692,2026-05-12 21:17:09,S03,Bilal,,takeaway,AMR,Americano,Coffee,1,480,480.0,0.0,0,0,0,closed,wallet,504.0,0.05,Cfde3905dc5
ORD001693,2026-05-12 18:20:14,S01,Ayesha,,takeaway,BFP,Big Breakfast,Food,2,1850,3700.0,0.0,0,0,0,closed,wallet,4809.0,0.05,C1771e35d2c
ORD001693,2026-05-12 18:20:14,S01,Ayesha,,takeaway,CKE2,Cheesecake,Bakery,1,880,880.0,0.0,0,0,0,closed,wallet,4809.0,0.05,C1771e35d2c
ORD001694,2026-05-12 21:39:45,S08,Mahnoor,T16,dine_in,PAS,Pasta,Food,1,1650,1650.0,0.0,0,0,0,closed,wallet,4358.0,0.05,C96285ec529
ORD001694,2026-05-12 21:39:45,S08,Mahnoor,T16,dine_in,MOC,Mocha,Coffee,1,650,650.0,0.0,0,0,0,closed,wallet,4358.0,0.05,C96285ec529
ORD001694,2026-05-12 21:39:45,S08,Mahnoor,T16,dine_in,BFP,Big Breakfast,Food,1,1850,1850.0,0.0,0,0,0,closed,wallet,4358.0,0.05,C96285ec529
ORD001695,2026-05-12 19:57:45,S07,Daniyal,T5,dine_in,AMR,Americano,Coffee,1,480,432.0,48.0,0,0,0,closed,card,454.0,0.05,Cbb35965df4
ORD001696,2026-05-12 19:42:41,S07,Daniyal,T15,dine_in,WTR,Bottled Water,Other,1,150,120.0,30.0,0,0,0,closed,wallet,126.0,0.05,Ccdae6010f7
ORD001697,2026-05-12 07:05:58,S05,Usman,,takeaway,ICL,Iced Latte,Coffee,1,640,640.0,0.0,0,0,0,closed,cash,1362.0,0.15,C1173024c92
ORD001697,2026-05-12 07:05:58,S05,Usman,,takeaway,ICL,Iced Latte,Coffee,1,640,544.0,96.0,0,0,0,closed,cash,1362.0,0.15,C1173024c92
ORD001698,2026-05-12 07:26:32,S08,Mahnoor,,takeaway,SAL,Garden Salad,Food,1,1250,1250.0,0.0,0,0,0,closed,cash,2680.0,0.15,C24de84328a
ORD001698,2026-05-12 07:26:32,S08,Mahnoor,,takeaway,AMR,Americano,Coffee,1,480,480.0,0.0,0,0,0,closed,cash,2680.0,0.15,C24de84328a
ORD001698,2026-05-12 07:26:32,S08,Mahnoor,,takeaway,FLW,Flat White,Coffee,1,600,600.0,0.0,0,0,0,closed,cash,2680.0,0.15,C24de84328a
ORD001699,2026-05-12 10:10:52,S01,Ayesha,,takeaway,FLW,Flat White,Coffee,1,600,600.0,0.0,0,0,0,closed,qr,1705.0,0.05,Cbac72cb73a
ORD001699,2026-05-12 10:10:52,S01,Ayesha,,takeaway,CAP,Cappuccino,Coffee,1,560,560.0,0.0,0,0,0,closed,qr,1705.0,0.05,Cbac72cb73a
ORD001699,2026-05-12 10:10:52,S01,Ayesha,,takeaway,LAT,Cafe Latte,Coffee,1,580,464.0,116.0,0,0,0,closed,qr,1705.0,0.05,Cbac72cb73a
ORD001700,2026-05-12 16:48:38,S06,Zainab,T9,dine_in,CLB,Cold Brew,Coffee,1,680,680.0,0.0,0,0,0,closed,cash,782.0,0.15,
ORD001701,2026-05-12 15:24:33,S07,Daniyal,T3,dine_in,AMR,Americano,Coffee,1,480,480.0,0.0,0,0,0,closed,wallet,1848.0,0.05,C96285ec529
ORD001701,2026-05-12 15:24:33,S07,Daniyal,T3,dine_in,FLW,Flat White,Coffee,1,600,600.0,0.0,0,0,0,closed,wallet,1848.0,0.05,C96285ec529
ORD001701,2026-05-12 15:24:33,S07,Daniyal,T3,dine_in,CLB,Cold Brew,Coffee,1,680,680.0,0.0,0,0,0,closed,wallet,1848.0,0.05,C96285ec529
ORD001702,2026-05-12 18:37:59,S03,Bilal,T2,dine_in,AVT,Avocado Toast,Food,1,1450,1450.0,0.0,0,0,0,closed,card,1522.0,0.05,C882ffcc387
ORD001703,2026-05-12 08:06:24,S08,Mahnoor,,takeaway,CLB,Cold Brew,Coffee,1,680,680.0,0.0,0,0,0,closed,cash,782.0,0.15,
ORD001704,2026-05-12 07:09:16,S01,Ayesha,T12,dine_in,AMR,Americano,Coffee,1,480,480.0,0.0,0,0,0,closed,qr,504.0,0.05,C4d4f7e93b0
ORD001705,2026-05-12 21:42:36,S04,Sara,T16,dine_in,ICL,Iced Latte,Coffee,1,640,640.0,0.0,0,0,0,closed,cash,736.0,0.15,
ORD001706,2026-05-12 09:15:33,S04,Sara,,takeaway,FLW,Flat White,Coffee,1,600,600.0,0.0,0,0,0,closed,card,630.0,0.05,C1771e35d2c
ORD001707,2026-05-12 09:06:28,S07,Daniyal,T9,dine_in,ICL,Iced Latte,Coffee,1,640,640.0,0.0,0,0,0,closed,cash,736.0,0.15,
ORD001708,2026-05-12 11:21:09,S08,Mahnoor,,takeaway,LAT,Cafe Latte,Coffee,1,580,580.0,0.0,0,0,0,closed,cash,667.0,0.15,C84719e966a
ORD001709,2026-05-12 11:11:23,S02,Hamza,,takeaway,CAP,Cappuccino,Coffee,1,560,560.0,0.0,0,0,0,closed,cash,1380.0,0.15,
ORD001709,2026-05-12 11:11:23,S02,Hamza,,takeaway,ICL,Iced Latte,Coffee,1,640,640.0,0.0,0,0,0,closed,cash,1380.0,0.15,
ORD001710,2026-05-12 13:34:51,S02,Hamza,,takeaway,AVT,Avocado Toast,Food,1,1450,1450.0,0.0,0,0,0,closed,card,2194.0,0.05,C48bfa448ba
ORD001710,2026-05-12 13:34:51,S02,Hamza,,takeaway,ICL,Iced Latte,Coffee,1,640,640.0,0.0,0,0,0,closed,card,2194.0,0.05,C48bfa448ba
ORD001711,2026-05-12 13:51:51,S05,Usman,T5,dine_in,CAP,Cappuccino,Coffee,1,560,560.0,0.0,0,0,0,closed,card,1344.0,0.05,C17a403a366
ORD001711,2026-05-12 13:51:51,S05,Usman,T5,dine_in,MAT,Matcha Latte,Coffee,1,720,720.0,0.0,0,0,0,closed,card,1344.0,0.05,C17a403a366
ORD001712,2026-05-12 11:04:53,S02,Hamza,,takeaway,CRO,Butter Croissant,Bakery,1,520,520.0,0.0,0,0,0,closed,card,546.0,0.05,Ccdae6010f7
ORD001713,2026-05-12 20:00:24,S02,Hamza,T15,dine_in,CKE2,Cheesecake,Bakery,1,880,880.0,0.0,0,0,0,closed,qr,2342.0,0.05,C1d1c57259b
ORD001713,2026-05-12 20:00:24,S02,Hamza,T15,dine_in,SAN,Chicken Sandwich,Food,1,1350,1350.0,0.0,0,0,0,closed,qr,2342.0,0.05,C1d1c57259b
ORD001714,2026-05-12 15:46:31,S07,Daniyal,T7,dine_in,FLW,Flat White,Coffee,1,600,600.0,0.0,0,0,0,closed,card,630.0,0.05,C3967cf39d1
ORD001715,2026-05-12 21:19:00,S06,Zainab,,takeaway,CRO,Butter Croissant,Bakery,1,520,442.0,78.0,0,0,0,closed,cash,508.0,0.15,Ccc55e927ed
ORD001716,2026-05-12 13:47:17,S01,Ayesha,,takeaway,ICL,Iced Latte,Coffee,1,640,640.0,0.0,0,0,0,closed,qr,1428.0,0.05,C12428ddf53
ORD001716,2026-05-12 13:47:17,S01,Ayesha,,takeaway,MAT,Matcha Latte,Coffee,1,720,720.0,0.0,0,0,0,closed,qr,1428.0,0.05,C12428ddf53
ORD001717,2026-05-12 11:48:09,S08,Mahnoor,T16,dine_in,LAT,Cafe Latte,Coffee,1,580,580.0,0.0,0,0,0,closed,cash,667.0,0.15,
ORD001718,2026-05-12 10:00:38,S04,Sara,T4,dine_in,CRO,Butter Croissant,Bakery,1,520,0.0,0.0,1,1,0,partial_void,cash,2680.0,0.15,
ORD001718,2026-05-12 10:00:38,S04,Sara,T4,dine_in,AMR,Americano,Coffee,1,480,480.0,0.0,0,0,0,partial_void,cash,2680.0,0.15,
ORD001718,2026-05-12 10:00:38,S04,Sara,T4,dine_in,BFP,Big Breakfast,Food,1,1850,1850.0,0.0,0,0,0,partial_void,cash,2680.0,0.15,
ORD001719,2026-05-12 12:15:05,S01,Ayesha,T18,dine_in,AVT,Avocado Toast,Food,1,1450,1450.0,0.0,0,0,0,closed,cash,1667.0,0.15,
ORD001720,2026-05-12 09:28:18,S07,Daniyal,T10,dine_in,BFP,Big Breakfast,Food,1,1850,1850.0,0.0,0,0,0,closed,wallet,2488.0,0.05,Cf75f1d84fe
ORD001720,2026-05-12 09:28:18,S07,Daniyal,T10,dine_in,CRO,Butter Croissant,Bakery,1,520,520.0,0.0,0,0,0,closed,wallet,2488.0,0.05,Cf75f1d84fe
ORD001721,2026-05-12 10:51:29,S01,Ayesha,,takeaway,LAT,Cafe Latte,Coffee,1,580,580.0,0.0,0,0,0,closed,cash,1403.0,0.15,
ORD001721,2026-05-12 10:51:29,S01,Ayesha,,takeaway,ICL,Iced Latte,Coffee,1,640,640.0,0.0,0,0,0,closed,cash,1403.0,0.15,
ORD001722,2026-05-12 14:59:56,S02,Hamza,T14,dine_in,CAP,Cappuccino,Coffee,1,560,560.0,0.0,0,0,0,closed,wallet,1176.0,0.05,Cbb0bb2dc8d
ORD001722,2026-05-12 14:59:56,S02,Hamza,T14,dine_in,CAP,Cappuccino,Coffee,1,560,560.0,0.0,0,0,0,closed,wallet,1176.0,0.05,Cbb0bb2dc8d
ORD001723,2026-05-12 08:14:42,S05,Usman,,takeaway,MOC,Mocha,Coffee,1,650,650.0,0.0,0,0,0,closed,cash,1971.0,0.15,
ORD001723,2026-05-12 08:14:42,S05,Usman,,takeaway,CAP,Cappuccino,Coffee,1,560,560.0,0.0,0,0,0,closed,cash,1971.0,0.15,
ORD001723,2026-05-12 08:14:42,S05,Usman,,takeaway,HOT,Hot Chocolate,Coffee,1,560,504.0,56.0,0,0,0,closed,cash,1971.0,0.15,
ORD001724,2026-05-12 14:24:40,S07,Daniyal,,takeaway,CRO,Butter Croissant,Bakery,1,520,520.0,0.0,0,0,0,closed,card,1848.0,0.05,Ccc55e927ed
ORD001724,2026-05-12 14:24:40,S07,Daniyal,,takeaway,PNC,Pain au Chocolat,Bakery,1,600,600.0,0.0,0,0,0,closed,card,1848.0,0.05,Ccc55e927ed
ORD001724,2026-05-12 14:24:40,S07,Daniyal,,takeaway,ICL,Iced Latte,Coffee,1,640,640.0,0.0,0,0,0,closed,card,1848.0,0.05,Ccc55e927ed
ORD001725,2026-05-12 08:50:47,S06,Zainab,,takeaway,SAN,Chicken Sandwich,Food,1,1350,1350.0,0.0,0,0,0,closed,cash,2196.0,0.15,
ORD001725,2026-05-12 08:50:47,S06,Zainab,,takeaway,CAP,Cappuccino,Coffee,1,560,560.0,0.0,0,0,0,closed,cash,2196.0,0.15,
ORD001726,2026-05-12 08:50:07,S08,Mahnoor,,takeaway,MOC,Mocha,Coffee,1,650,650.0,0.0,0,0,0,closed,cash,747.0,0.15,
ORD001727,2026-05-12 20:38:08,S02,Hamza,,takeaway,BFP,Big Breakfast,Food,1,1850,1850.0,0.0,0,0,0,closed,card,1942.0,0.05,Cf4895fd9dd
ORD001728,2026-05-12 12:13:52,S08,Mahnoor,T10,dine_in,ICL,Iced Latte,Coffee,1,640,640.0,0.0,0,0,0,closed,cash,736.0,0.15,
ORD001729,2026-05-12 08:30:44,S02,Hamza,,takeaway,CAP,Cappuccino,Coffee,1,560,560.0,0.0,0,0,0,closed,qr,1155.0,0.05,C52cc78336b
ORD001729,2026-05-12 08:30:44,S02,Hamza,,takeaway,FLW,Flat White,Coffee,1,600,540.0,60.0,0,0,0,closed,qr,1155.0,0.05,C52cc78336b
ORD001730,2026-05-12 07:50:50,S02,Hamza,,takeaway,CLB,Cold Brew,Coffee,1,680,680.0,0.0,0,0,0,closed,wallet,714.0,0.05,C4d4f7e93b0
ORD001731,2026-05-12 17:08:05,S04,Sara,T18,dine_in,SAN,Chicken Sandwich,Food,1,1350,1350.0,0.0,0,0,0,closed,cash,1552.0,0.15,
ORD001732,2026-05-12 20:30:08,S04,Sara,,takeaway,CAP,Cappuccino,Coffee,1,560,560.0,0.0,0,0,0,closed,card,588.0,0.05,Cbac72cb73a
ORD001733,2026-05-12 20:54:57,S06,Zainab,,takeaway,MAT,Matcha Latte,Coffee,1,720,720.0,0.0,0,0,0,closed,cash,1472.0,0.15,Ccb8af0dea2
ORD001733,2026-05-12 20:54:57,S06,Zainab,,takeaway,CAP,Cappuccino,Coffee,1,560,560.0,0.0,0,0,0,closed,cash,1472.0,0.15,Ccb8af0dea2
ORD001734,2026-05-12 10:04:40,S04,Sara,,takeaway,CRO,Butter Croissant,Bakery,1,520,520.0,0.0,0,0,0,closed,card,546.0,0.05,C47c5e28c85
ORD001735,2026-05-12 21:26:54,S08,Mahnoor,T1,dine_in,AMR,Americano,Coffee,1,480,480.0,0.0,0,0,0,closed,wallet,1092.0,0.05,C5d90c0fdc3
ORD001735,2026-05-12 21:26:54,S08,Mahnoor,T1,dine_in,HOT,Hot Chocolate,Coffee,1,560,560.0,0.0,0,0,0,closed,wallet,1092.0,0.05,C5d90c0fdc3
ORD001736,2026-05-12 20:51:29,S02,Hamza,T8,dine_in,HOT,Hot Chocolate,Coffee,1,560,560.0,0.0,0,0,0,closed,cash,2196.0,0.15,
ORD001736,2026-05-12 20:51:29,S02,Hamza,T8,dine_in,SAN,Chicken Sandwich,Food,1,1350,1350.0,0.0,0,0,0,closed,cash,2196.0,0.15,
ORD001737,2026-05-13 20:49:45,S07,Daniyal,T4,dine_in,CLB,Cold Brew,Coffee,1,680,544.0,136.0,0,0,0,closed,card,571.0,0.05,Cc2e0727899
ORD001738,2026-05-13 11:53:21,S06,Zainab,,takeaway,AVT,Avocado Toast,Food,1,1450,1450.0,0.0,0,0,0,closed,cash,3565.0,0.15,
ORD001738,2026-05-13 11:53:21,S06,Zainab,,takeaway,PAS,Pasta,Food,1,1650,1650.0,0.0,0,0,0,closed,cash,3565.0,0.15,
ORD001739,2026-05-13 09:24:15,S08,Mahnoor,T14,dine_in,ESP,Espresso,Coffee,1,420,420.0,0.0,0,0,0,closed,card,441.0,0.05,C153064c6a0
ORD001740,2026-05-13 14:11:39,S06,Zainab,T16,dine_in,SAN,Chicken Sandwich,Food,2,1350,2700.0,0.0,0,0,0,closed,cash,3105.0,0.15,C561850d859
ORD001741,2026-05-13 16:52:09,S05,Usman,,takeaway,LAT,Cafe Latte,Coffee,1,580,0.0,0.0,1,0,0,partial_void,card,0.0,0.05,Ccb8af0dea2
ORD001742,2026-05-13 12:25:41,S08,Mahnoor,,takeaway,SAN,Chicken Sandwich,Food,1,1350,1215.0,135.0,0,0,0,closed,card,1276.0,0.05,C19d751a040
ORD001743,2026-05-13 21:47:32,S03,Bilal,T6,dine_in,ICL,Iced Latte,Coffee,1,640,640.0,0.0,0,0,0,closed,cash,1303.0,0.15,
ORD001743,2026-05-13 21:47:32,S03,Bilal,T6,dine_in,LAT,Cafe Latte,Coffee,1,580,493.0,87.0,0,0,0,closed,cash,1303.0,0.15,
ORD001744,2026-05-13 08:40:28,S04,Sara,,takeaway,CAP,Cappuccino,Coffee,1,560,0.0,56.0,0,0,1,closed,qr,0.0,0.05,Ca4dcc15132
ORD001745,2026-05-13 14:35:18,S03,Bilal,T9,dine_in,ICL,Iced Latte,Coffee,1,640,640.0,0.0,0,0,0,closed,wallet,1327.0,0.05,Ccdae6010f7
ORD001745,2026-05-13 14:35:18,S03,Bilal,T9,dine_in,CKE,Slice of Cake,Bakery,1,780,624.0,156.0,0,0,0,closed,wallet,1327.0,0.05,Ccdae6010f7
ORD001746,2026-05-13 13:45:01,S01,Ayesha,,takeaway,CKE,Slice of Cake,Bakery,1,780,780.0,0.0,0,0,0,closed,wallet,2189.0,0.05,Ccc55e927ed
ORD001746,2026-05-13 13:45:01,S01,Ayesha,,takeaway,AVT,Avocado Toast,Food,1,1450,1305.0,145.0,0,0,0,closed,wallet,2189.0,0.05,Ccc55e927ed
ORD001747,2026-05-13 08:20:02,S03,Bilal,,takeaway,CAP,Cappuccino,Coffee,1,560,560.0,0.0,0,0,0,closed,cash,644.0,0.15,Cd3471fbdc8
ORD001748,2026-05-13 11:36:07,S07,Daniyal,,takeaway,CAP,Cappuccino,Coffee,1,560,560.0,0.0,0,0,0,closed,card,1302.0,0.05,C3e3f58cb04
ORD001748,2026-05-13 11:36:07,S07,Daniyal,,takeaway,CLB,Cold Brew,Coffee,1,680,680.0,0.0,0,0,0,closed,card,1302.0,0.05,C3e3f58cb04
ORD001749,2026-05-13 13:19:00,S04,Sara,T1,dine_in,ESP,Espresso,Coffee,1,420,420.0,0.0,0,0,0,closed,card,441.0,0.05,C17a403a366
ORD001750,2026-05-13 09:18:50,S06,Zainab,T4,dine_in,CAP,Cappuccino,Coffee,1,560,560.0,0.0,0,0,0,closed,card,588.0,0.05,C9a8479a5d0
ORD001751,2026-05-13 08:18:06,S02,Hamza,T11,dine_in,HOT,Hot Chocolate,Coffee,1,560,560.0,0.0,0,0,0,closed,wallet,588.0,0.05,Cf8d129d056
ORD001752,2026-05-13 09:53:10,S06,Zainab,T8,dine_in,FLW,Flat White,Coffee,1,600,600.0,0.0,0,0,0,closed,cash,2910.0,0.15,C1d8b154fd2
ORD001752,2026-05-13 09:53:10,S06,Zainab,T8,dine_in,SAN,Chicken Sandwich,Food,1,1350,1350.0,0.0,0,0,0,closed,cash,2910.0,0.15,C1d8b154fd2
ORD001752,2026-05-13 09:53:10,S06,Zainab,T8,dine_in,LAT,Cafe Latte,Coffee,1,580,580.0,0.0,0,0,0,closed,cash,2910.0,0.15,C1d8b154fd2
ORD001753,2026-05-13 21:38:23,S01,Ayesha,,takeaway,FLW,Flat White,Coffee,1,600,600.0,0.0,0,0,0,closed,card,630.0,0.05,C1085de4055
ORD001754,2026-05-13 13:35:34,S03,Bilal,T8,dine_in,WTR,Bottled Water,Other,1,150,150.0,0.0,0,0,0,closed,card,598.0,0.05,Cae4003d5ae
ORD001754,2026-05-13 13:35:34,S03,Bilal,T8,dine_in,ESP,Espresso,Coffee,1,420,420.0,0.0,0,0,0,closed,card,598.0,0.05,Cae4003d5ae
ORD001755,2026-05-13 14:53:34,S07,Daniyal,T10,dine_in,LAT,Cafe Latte,Coffee,1,580,580.0,0.0,0,0,0,closed,wallet,1743.0,0.05,Ca5c0a2cc4b
ORD001755,2026-05-13 14:53:34,S07,Daniyal,T10,dine_in,IMP,Imported Soda,Other,1,480,480.0,0.0,0,0,0,closed,wallet,1743.0,0.05,Ca5c0a2cc4b
ORD001755,2026-05-13 14:53:34,S07,Daniyal,T10,dine_in,FLW,Flat White,Coffee,1,600,600.0,0.0,0,0,0,closed,wallet,1743.0,0.05,Ca5c0a2cc4b
ORD001756,2026-05-13 13:38:54,S02,Hamza,T7,dine_in,CKE,Slice of Cake,Bakery,1,780,780.0,0.0,0,0,0,closed,wallet,819.0,0.05,Cdf0314c498
ORD001757,2026-05-13 12:20:49,S02,Hamza,T13,dine_in,MAT,Matcha Latte,Coffee,1,720,720.0,0.0,0,0,0,closed,card,756.0,0.05,Cfb242cf811
ORD001758,2026-05-13 09:42:59,S03,Bilal,T7,dine_in,AMR,Americano,Coffee,1,480,480.0,0.0,0,0,0,closed,card,1816.0,0.05,Cd4a1deccf7
ORD001758,2026-05-13 09:42:59,S03,Bilal,T7,dine_in,SAL,Garden Salad,Food,1,1250,1250.0,0.0,0,0,0,closed,card,1816.0,0.05,Cd4a1deccf7
ORD001759,2026-05-13 16:14:00,S08,Mahnoor,T4,dine_in,CRO,Butter Croissant,Bakery,1,520,520.0,0.0,0,0,0,closed,wallet,1092.0,0.05,C3acdc810ed
ORD001759,2026-05-13 16:14:00,S08,Mahnoor,T4,dine_in,CRO,Butter Croissant,Bakery,1,520,520.0,0.0,0,0,0,closed,wallet,1092.0,0.05,C3acdc810ed
ORD001760,2026-05-13 17:58:50,S04,Sara,T16,dine_in,BFP,Big Breakfast,Food,1,1850,1850.0,0.0,0,0,0,closed,wallet,1942.0,0.05,Cfa4fd96bf5
ORD001761,2026-05-13 15:32:41,S02,Hamza,T9,dine_in,LAT,Cafe Latte,Coffee,1,580,0.0,0.0,1,1,0,partial_void,wallet,0.0,0.05,C963daa52c4
ORD001762,2026-05-13 09:39:37,S05,Usman,,takeaway,SAN,Chicken Sandwich,Food,1,1350,1350.0,0.0,0,0,0,closed,card,2048.0,0.05,C4f28695b5a
ORD001762,2026-05-13 09:39:37,S05,Usman,,takeaway,FLW,Flat White,Coffee,1,600,600.0,0.0,0,0,0,closed,card,2048.0,0.05,C4f28695b5a
ORD001763,2026-05-13 19:18:41,S04,Sara,T15,dine_in,ESP,Espresso,Coffee,1,420,420.0,0.0,0,0,0,closed,wallet,2384.0,0.05,C7d5d7cf700
ORD001763,2026-05-13 19:18:41,S04,Sara,T15,dine_in,BFP,Big Breakfast,Food,1,1850,1850.0,0.0,0,0,0,closed,wallet,2384.0,0.05,C7d5d7cf700
ORD001764,2026-05-13 17:29:51,S07,Daniyal,T11,dine_in,ICL,Iced Latte,Coffee,1,640,640.0,0.0,0,0,0,closed,cash,1656.0,0.15,
ORD001764,2026-05-13 17:29:51,S07,Daniyal,T11,dine_in,CLB,Cold Brew,Coffee,1,680,680.0,0.0,0,0,0,closed,cash,1656.0,0.15,
ORD001764,2026-05-13 17:29:51,S07,Daniyal,T11,dine_in,WTR,Bottled Water,Other,1,150,120.0,30.0,0,0,0,closed,cash,1656.0,0.15,
ORD001765,2026-05-13 17:51:43,S08,Mahnoor,T13,dine_in,FLW,Flat White,Coffee,1,600,600.0,0.0,0,0,0,closed,card,1071.0,0.05,C9e95134d57
ORD001765,2026-05-13 17:51:43,S08,Mahnoor,T13,dine_in,ESP,Espresso,Coffee,1,420,420.0,0.0,0,0,0,closed,card,1071.0,0.05,C9e95134d57
ORD001766,2026-05-13 19:18:00,S04,Sara,,takeaway,IMP,Imported Soda,Other,1,480,480.0,0.0,0,0,0,closed,cash,552.0,0.15,
ORD001767,2026-05-13 08:59:52,S07,Daniyal,T6,dine_in,FLW,Flat White,Coffee,1,600,600.0,0.0,0,0,0,closed,cash,1270.0,0.15,
ORD001767,2026-05-13 08:59:52,S07,Daniyal,T6,dine_in,CAP,Cappuccino,Coffee,1,560,504.0,56.0,0,0,0,closed,cash,1270.0,0.15,
ORD001768,2026-05-13 11:18:27,S06,Zainab,,takeaway,FLW,Flat White,Coffee,1,600,600.0,0.0,0,0,0,closed,cash,690.0,0.15,
ORD001769,2026-05-13 07:26:07,S08,Mahnoor,T7,dine_in,AVT,Avocado Toast,Food,1,1450,1450.0,0.0,0,0,0,closed,cash,4439.0,0.15,
ORD001769,2026-05-13 07:26:07,S08,Mahnoor,T7,dine_in,HOT,Hot Chocolate,Coffee,1,560,560.0,0.0,0,0,0,closed,cash,4439.0,0.15,
ORD001769,2026-05-13 07:26:07,S08,Mahnoor,T7,dine_in,BFP,Big Breakfast,Food,1,1850,1850.0,0.0,0,0,0,closed,cash,4439.0,0.15,
ORD001770,2026-05-13 19:01:28,S07,Daniyal,T5,dine_in,PNC,Pain au Chocolat,Bakery,1,600,600.0,0.0,0,0,0,closed,card,630.0,0.05,C27c059f294
ORD001770,2026-05-13 19:01:28,S07,Daniyal,T5,dine_in,CRO,Butter Croissant,Bakery,1,520,0.0,0.0,1,1,0,partial_void,card,630.0,0.05,C27c059f294
ORD001771,2026-05-13 12:37:21,S01,Ayesha,T14,dine_in,ICL,Iced Latte,Coffee,1,640,640.0,0.0,0,0,0,closed,card,672.0,0.05,Ca376152b0e
ORD001772,2026-05-13 18:41:08,S08,Mahnoor,T7,dine_in,BFP,Big Breakfast,Food,1,1850,1850.0,0.0,0,0,0,closed,cash,2128.0,0.15,
ORD001773,2026-05-13 12:46:42,S03,Bilal,,takeaway,IMP,Imported Soda,Other,1,480,480.0,0.0,0,0,0,closed,cash,552.0,0.15,
ORD001774,2026-05-13 21:25:06,S08,Mahnoor,,takeaway,CKE,Slice of Cake,Bakery,1,780,780.0,0.0,0,0,0,closed,card,819.0,0.05,C29e9878076
ORD001775,2026-05-13 08:16:19,S01,Ayesha,T16,dine_in,AMR,Americano,Coffee,1,480,480.0,0.0,0,0,0,closed,wallet,504.0,0.05,C3e6cbbdd7f
ORD001776,2026-05-13 17:47:38,S03,Bilal,T13,dine_in,FLW,Flat White,Coffee,1,600,540.0,60.0,0,0,0,closed,wallet,567.0,0.05,C82f2f55ba7
ORD001777,2026-05-13 07:57:35,S03,Bilal,,takeaway,FLW,Flat White,Coffee,1,600,0.0,0.0,0,0,1,closed,cash,0.0,0.15,
ORD001778,2026-05-13 09:31:47,S08,Mahnoor,,takeaway,CAP,Cappuccino,Coffee,1,560,560.0,0.0,0,0,0,closed,wallet,588.0,0.05,Cc515356f31
ORD001779,2026-05-13 17:10:26,S01,Ayesha,,takeaway,FLW,Flat White,Coffee,1,600,600.0,0.0,0,0,0,closed,card,630.0,0.05,Ca69710af70
ORD001780,2026-05-13 20:52:44,S01,Ayesha,,takeaway,CRO,Butter Croissant,Bakery,1,520,520.0,0.0,0,0,0,closed,wallet,546.0,0.05,Cb1bf54d93e
ORD001781,2026-05-13 12:35:29,S05,Usman,T18,dine_in,CKE,Slice of Cake,Bakery,1,780,780.0,0.0,0,0,0,closed,qr,819.0,0.05,C58cf770e72
ORD001782,2026-05-13 11:27:05,S03,Bilal,,takeaway,CAP,Cappuccino,Coffee,1,560,448.0,112.0,0,0,0,closed,cash,1953.0,0.15,
ORD001782,2026-05-13 11:27:05,S03,Bilal,,takeaway,FLW,Flat White,Coffee,1,600,600.0,0.0,0,0,0,closed,cash,1953.0,0.15,
ORD001782,2026-05-13 11:27:05,S03,Bilal,,takeaway,MOC,Mocha,Coffee,1,650,650.0,0.0,0,0,0,closed,cash,1953.0,0.15,
ORD001783,2026-05-13 11:21:12,S08,Mahnoor,T17,dine_in,MOC,Mocha,Coffee,1,650,650.0,0.0,0,0,0,closed,qr,1354.0,0.05,C0b90585403
ORD001783,2026-05-13 11:21:12,S08,Mahnoor,T17,dine_in,ICL,Iced Latte,Coffee,1,640,640.0,0.0,0,0,0,closed,qr,1354.0,0.05,C0b90585403
ORD001784,2026-05-13 22:40:04,S03,Bilal,T17,dine_in,WTR,Bottled Water,Other,1,150,150.0,0.0,0,0,0,closed,card,746.0,0.05,Cb616ef25f5
ORD001784,2026-05-13 22:40:04,S03,Bilal,T17,dine_in,CAP,Cappuccino,Coffee,1,560,560.0,0.0,0,0,0,closed,card,746.0,0.05,Cb616ef25f5
ORD001785,2026-05-13 07:39:35,S05,Usman,T17,dine_in,ESP,Espresso,Coffee,1,420,420.0,0.0,0,0,0,closed,cash,483.0,0.15,
ORD001786,2026-05-13 17:23:10,S01,Ayesha,T4,dine_in,LAT,Cafe Latte,Coffee,1,580,580.0,0.0,0,0,0,closed,cash,667.0,0.15,C1a5d0e1f78
ORD001787,2026-05-13 15:44:09,S05,Usman,T2,dine_in,HOT,Hot Chocolate,Coffee,1,560,504.0,56.0,0,0,0,closed,card,1556.0,0.05,Ca77d93ef85
ORD001787,2026-05-13 15:44:09,S05,Usman,T2,dine_in,ESP,Espresso,Coffee,1,420,378.0,42.0,0,0,0,closed,card,1556.0,0.05,Ca77d93ef85
ORD001787,2026-05-13 15:44:09,S05,Usman,T2,dine_in,PNC,Pain au Chocolat,Bakery,1,600,600.0,0.0,0,0,0,closed,card,1556.0,0.05,Ca77d93ef85
ORD001788,2026-05-13 18:45:43,S03,Bilal,T1,dine_in,CRO,Butter Croissant,Bakery,1,520,520.0,0.0,0,0,0,closed,qr,546.0,0.05,Cd1e93a6d3b
ORD001789,2026-05-13 19:40:14,S07,Daniyal,T15,dine_in,CAP,Cappuccino,Coffee,1,560,560.0,0.0,0,0,0,closed,wallet,588.0,0.05,C47c5e28c85
ORD001790,2026-05-13 08:03:18,S02,Hamza,T4,dine_in,AMR,Americano,Coffee,1,480,480.0,0.0,0,0,0,closed,cash,552.0,0.15,
ORD001791,2026-05-13 21:15:29,S04,Sara,,takeaway,AVT,Avocado Toast,Food,1,1450,1450.0,0.0,0,0,0,closed,wallet,1522.0,0.05,C281b8804e9
ORD001791,2026-05-13 21:15:29,S04,Sara,,takeaway,CKE,Slice of Cake,Bakery,1,780,0.0,0.0,0,0,1,closed,wallet,1522.0,0.05,C281b8804e9
ORD001792,2026-05-13 15:31:49,S02,Hamza,,takeaway,MOC,Mocha,Coffee,1,650,650.0,0.0,0,0,0,closed,cash,747.0,0.15,
ORD001793,2026-05-13 09:37:39,S01,Ayesha,T7,dine_in,FLW,Flat White,Coffee,1,600,510.0,90.0,0,0,0,closed,qr,536.0,0.05,C3e52049ff4
ORD001794,2026-05-13 10:13:11,S05,Usman,T8,dine_in,CAP,Cappuccino,Coffee,1,560,560.0,0.0,0,0,0,closed,card,1176.0,0.05,Ce0cbd94e20
ORD001794,2026-05-13 10:13:11,S05,Usman,T8,dine_in,CAP,Cappuccino,Coffee,1,560,560.0,0.0,0,0,0,closed,card,1176.0,0.05,Ce0cbd94e20
ORD001795,2026-05-13 15:43:27,S06,Zainab,T6,dine_in,ICL,Iced Latte,Coffee,1,640,640.0,0.0,0,0,0,closed,card,672.0,0.05,C6a2e726cff
ORD001796,2026-05-13 19:44:59,S01,Ayesha,,takeaway,LAT,Cafe Latte,Coffee,1,580,580.0,0.0,0,0,0,closed,card,1144.0,0.05,Cbac72cb73a
ORD001796,2026-05-13 19:44:59,S01,Ayesha,,takeaway,FLW,Flat White,Coffee,1,600,510.0,90.0,0,0,0,closed,card,1144.0,0.05,Cbac72cb73a
ORD001797,2026-05-13 20:58:50,S02,Hamza,,takeaway,ICL,Iced Latte,Coffee,1,640,640.0,0.0,0,0,0,closed,card,1491.0,0.05,C47c5e28c85
ORD001797,2026-05-13 20:58:50,S02,Hamza,,takeaway,CKE,Slice of Cake,Bakery,1,780,780.0,0.0,0,0,0,closed,card,1491.0,0.05,C47c5e28c85
ORD001798,2026-05-13 21:30:46,S05,Usman,,takeaway,AMR,Americano,Coffee,1,480,480.0,0.0,0,0,0,closed,qr,504.0,0.05,C58dfb42f89
ORD001799,2026-05-13 08:39:53,S03,Bilal,T14,dine_in,CLB,Cold Brew,Coffee,1,680,680.0,0.0,0,0,0,closed,cash,954.0,0.15,
ORD001799,2026-05-13 08:39:53,S03,Bilal,T14,dine_in,WTR,Bottled Water,Other,1,150,150.0,0.0,0,0,0,closed,cash,954.0,0.15,
ORD001800,2026-05-13 17:15:17,S01,Ayesha,T5,dine_in,LAT,Cafe Latte,Coffee,1,580,580.0,0.0,0,0,0,closed,cash,839.0,0.15,
ORD001800,2026-05-13 17:15:17,S01,Ayesha,T5,dine_in,WTR,Bottled Water,Other,1,150,150.0,0.0,0,0,0,closed,cash,839.0,0.15,
ORD001801,2026-05-13 21:16:24,S04,Sara,T1,dine_in,FLW,Flat White,Coffee,1,600,600.0,0.0,0,0,0,closed,card,630.0,0.05,Cbf11a6fd53
ORD001802,2026-05-13 11:58:56,S02,Hamza,,takeaway,CAP,Cappuccino,Coffee,1,560,560.0,0.0,0,0,0,closed,cash,644.0,0.15,
ORD001803,2026-05-13 22:01:42,S07,Daniyal,T9,dine_in,CAP,Cappuccino,Coffee,1,560,560.0,0.0,0,0,0,closed,cash,1952.0,0.15,
ORD001803,2026-05-13 22:01:42,S07,Daniyal,T9,dine_in,ESP,Espresso,Coffee,1,420,357.0,63.0,0,0,0,closed,cash,1952.0,0.15,
ORD001803,2026-05-13 22:01:42,S07,Daniyal,T9,dine_in,CKE,Slice of Cake,Bakery,1,780,780.0,0.0,0,0,0,closed,cash,1952.0,0.15,
ORD001804,2026-05-13 13:26:40,S03,Bilal,T15,dine_in,BFP,Big Breakfast,Food,1,1850,1850.0,0.0,0,0,0,closed,wallet,2530.0,0.05,C6694a28353
ORD001804,2026-05-13 13:26:40,S03,Bilal,T15,dine_in,CAP,Cappuccino,Coffee,1,560,560.0,0.0,0,0,0,closed,wallet,2530.0,0.05,C6694a28353
ORD001805,2026-05-13 17:57:25,S07,Daniyal,T10,dine_in,MOC,Mocha,Coffee,1,650,650.0,0.0,0,0,0,closed,cash,747.0,0.15,
ORD001806,2026-05-13 07:10:40,S03,Bilal,T3,dine_in,MOC,Mocha,Coffee,1,650,650.0,0.0,0,0,0,closed,qr,1228.0,0.05,Cad9a1a7d77
ORD001806,2026-05-13 07:10:40,S03,Bilal,T3,dine_in,CRO,Butter Croissant,Bakery,1,520,520.0,0.0,0,0,0,closed,qr,1228.0,0.05,Cad9a1a7d77
ORD001807,2026-05-13 15:11:34,S03,Bilal,,takeaway,FLW,Flat White,Coffee,1,600,600.0,0.0,0,0,0,closed,wallet,1638.0,0.05,Cb78aba9274
ORD001807,2026-05-13 15:11:34,S03,Bilal,,takeaway,AMR,Americano,Coffee,1,480,480.0,0.0,0,0,0,closed,wallet,1638.0,0.05,Cb78aba9274
ORD001807,2026-05-13 15:11:34,S03,Bilal,,takeaway,AMR,Americano,Coffee,1,480,480.0,0.0,0,0,0,closed,wallet,1638.0,0.05,Cb78aba9274
ORD001808,2026-05-13 17:13:55,S07,Daniyal,,takeaway,CLB,Cold Brew,Coffee,1,680,680.0,0.0,0,0,0,closed,cash,782.0,0.15,
ORD001809,2026-05-13 13:44:42,S06,Zainab,T5,dine_in,CKE,Slice of Cake,Bakery,1,780,780.0,0.0,0,0,0,closed,cash,2203.0,0.15,
ORD001809,2026-05-13 13:44:42,S06,Zainab,T5,dine_in,CAP,Cappuccino,Coffee,1,560,560.0,0.0,0,0,0,closed,cash,2203.0,0.15,
ORD001809,2026-05-13 13:44:42,S06,Zainab,T5,dine_in,ICL,Iced Latte,Coffee,1,640,576.0,64.0,0,0,0,closed,cash,2203.0,0.15,
ORD001810,2026-05-13 09:52:55,S06,Zainab,T11,dine_in,BFP,Big Breakfast,Food,1,1850,1850.0,0.0,0,0,0,closed,wallet,1942.0,0.05,C23c60fd394
ORD001811,2026-05-13 08:21:33,S06,Zainab,,takeaway,CRO,Butter Croissant,Bakery,1,520,520.0,0.0,0,0,0,closed,cash,598.0,0.15,C998fad6fa0
ORD001812,2026-05-13 22:59:58,S01,Ayesha,T6,dine_in,FLW,Flat White,Coffee,1,600,600.0,0.0,0,0,0,closed,wallet,4725.0,0.05,Cbcf52aba85
ORD001812,2026-05-13 22:59:58,S01,Ayesha,T6,dine_in,FLW,Flat White,Coffee,1,600,600.0,0.0,0,0,0,closed,wallet,4725.0,0.05,Cbcf52aba85
ORD001812,2026-05-13 22:59:58,S01,Ayesha,T6,dine_in,PAS,Pasta,Food,2,1650,3300.0,0.0,0,0,0,closed,wallet,4725.0,0.05,Cbcf52aba85
ORD001813,2026-05-13 13:34:54,S02,Hamza,T14,dine_in,PNC,Pain au Chocolat,Bakery,1,600,600.0,0.0,0,0,0,closed,cash,690.0,0.15,
ORD001814,2026-05-13 20:38:00,S05,Usman,,takeaway,CLB,Cold Brew,Coffee,1,680,680.0,0.0,0,0,0,closed,card,1638.0,0.05,Cc1603a922e
ORD001814,2026-05-13 20:38:00,S05,Usman,,takeaway,CKE2,Cheesecake,Bakery,1,880,880.0,0.0,0,0,0,closed,card,1638.0,0.05,Cc1603a922e
ORD001815,2026-05-13 15:34:29,S08,Mahnoor,T14,dine_in,FLW,Flat White,Coffee,1,600,600.0,0.0,0,0,0,closed,wallet,630.0,0.05,C19ab330972
ORD001816,2026-05-13 09:02:31,S07,Daniyal,T18,dine_in,SAN,Chicken Sandwich,Food,1,1350,1350.0,0.0,0,0,0,closed,cash,1552.0,0.15,C7bfa0588ba
ORD001817,2026-05-13 22:05:55,S07,Daniyal,T8,dine_in,PAS,Pasta,Food,1,1650,1650.0,0.0,0,0,0,closed,card,1732.0,0.05,Cd8138e6b6b
ORD001818,2026-05-13 22:52:13,S04,Sara,T7,dine_in,CLB,Cold Brew,Coffee,1,680,680.0,0.0,0,0,0,closed,card,1302.0,0.05,Ca2da62fdc7
ORD001818,2026-05-13 22:52:13,S04,Sara,T7,dine_in,CAP,Cappuccino,Coffee,1,560,560.0,0.0,0,0,0,closed,card,1302.0,0.05,Ca2da62fdc7
ORD001819,2026-05-13 13:58:37,S05,Usman,T16,dine_in,WTR,Bottled Water,Other,1,150,150.0,0.0,0,0,0,closed,cash,656.0,0.15,
ORD001819,2026-05-13 13:58:37,S05,Usman,T16,dine_in,ESP,Espresso,Coffee,1,420,420.0,0.0,0,0,0,closed,cash,656.0,0.15,
ORD001820,2026-05-13 07:19:32,S06,Zainab,,takeaway,CRO,Butter Croissant,Bakery,1,520,520.0,0.0,0,0,0,closed,qr,1050.0,0.05,Ccb8af0dea2
ORD001820,2026-05-13 07:19:32,S06,Zainab,,takeaway,IMP,Imported Soda,Other,1,480,480.0,0.0,0,0,0,closed,qr,1050.0,0.05,Ccb8af0dea2
ORD001821,2026-05-13 21:49:48,S02,Hamza,T11,dine_in,CAP,Cappuccino,Coffee,1,560,560.0,0.0,0,0,0,closed,card,2006.0,0.05,Cf75f1d84fe
ORD001821,2026-05-13 21:49:48,S02,Hamza,T11,dine_in,SAN,Chicken Sandwich,Food,1,1350,1350.0,0.0,0,0,0,closed,card,2006.0,0.05,Cf75f1d84fe
ORD001822,2026-05-13 10:48:39,S05,Usman,T1,dine_in,IMP,Imported Soda,Other,1,480,480.0,0.0,0,0,0,closed,cash,552.0,0.15,
ORD001823,2026-05-14 07:50:10,S05,Usman,,takeaway,WTR,Bottled Water,Other,1,150,150.0,0.0,0,0,0,closed,card,872.0,0.05,C1dfc0aff25
ORD001823,2026-05-14 07:50:10,S05,Usman,,takeaway,CLB,Cold Brew,Coffee,1,680,680.0,0.0,0,0,0,closed,card,872.0,0.05,C1dfc0aff25
ORD001824,2026-05-14 07:23:45,S03,Bilal,T11,dine_in,SAL,Garden Salad,Food,1,1250,1250.0,0.0,0,0,0,closed,cash,1438.0,0.15,C482e4b19c6
ORD001825,2026-05-14 12:00:05,S02,Hamza,,takeaway,CKE2,Cheesecake,Bakery,1,880,880.0,0.0,0,0,0,closed,wallet,1533.0,0.05,Ca2c33b664c
ORD001825,2026-05-14 12:00:05,S02,Hamza,,takeaway,LAT,Cafe Latte,Coffee,1,580,580.0,0.0,0,0,0,closed,wallet,1533.0,0.05,Ca2c33b664c
ORD001826,2026-05-14 11:57:29,S07,Daniyal,T3,dine_in,AVT,Avocado Toast,Food,1,1450,1450.0,0.0,0,0,0,closed,card,1522.0,0.05,C482e4b19c6
ORD001827,2026-05-14 17:14:02,S02,Hamza,T10,dine_in,MAT,Matcha Latte,Coffee,1,720,720.0,0.0,0,0,0,closed,cash,828.0,0.15,Cd8138e6b6b
ORD001828,2026-05-14 12:10:12,S02,Hamza,,takeaway,CAP,Cappuccino,Coffee,1,560,560.0,0.0,0,0,0,closed,card,588.0,0.05,C16e43ce1cc
ORD001829,2026-05-14 16:13:06,S08,Mahnoor,,takeaway,AMR,Americano,Coffee,1,480,480.0,0.0,0,0,0,closed,card,504.0,0.05,C89fbcb4954
ORD001830,2026-05-14 22:05:00,S04,Sara,,takeaway,AVT,Avocado Toast,Food,1,1450,1305.0,145.0,0,0,0,closed,qr,2479.0,0.05,Ccc55e927ed
ORD001830,2026-05-14 22:05:00,S04,Sara,,takeaway,ICL,Iced Latte,Coffee,1,640,576.0,64.0,0,0,0,closed,qr,2479.0,0.05,Ccc55e927ed
ORD001830,2026-05-14 22:05:00,S04,Sara,,takeaway,AMR,Americano,Coffee,1,480,480.0,0.0,0,0,0,closed,qr,2479.0,0.05,Ccc55e927ed
ORD001831,2026-05-14 10:49:25,S06,Zainab,T16,dine_in,CKE,Slice of Cake,Bakery,1,780,780.0,0.0,0,0,0,closed,cash,897.0,0.15,
ORD001832,2026-05-14 13:13:07,S07,Daniyal,T7,dine_in,AMR,Americano,Coffee,1,480,480.0,0.0,0,0,0,closed,cash,552.0,0.15,
ORD001833,2026-05-14 19:49:56,S08,Mahnoor,,takeaway,CRO,Butter Croissant,Bakery,1,520,520.0,0.0,0,0,0,closed,qr,1964.0,0.05,C2bffc9f71e
ORD001833,2026-05-14 19:49:56,S08,Mahnoor,,takeaway,SAN,Chicken Sandwich,Food,1,1350,1350.0,0.0,0,0,0,closed,qr,1964.0,0.05,C2bffc9f71e
ORD001834,2026-05-14 15:25:43,S04,Sara,,takeaway,AMR,Americano,Coffee,1,480,480.0,0.0,0,0,0,closed,card,1176.0,0.05,C47ab0dca2b
ORD001834,2026-05-14 15:25:43,S04,Sara,,takeaway,ICL,Iced Latte,Coffee,1,640,640.0,0.0,0,0,0,closed,card,1176.0,0.05,C47ab0dca2b
ORD001835,2026-05-14 07:35:26,S04,Sara,T7,dine_in,PAS,Pasta,Food,1,1650,1650.0,0.0,0,0,0,closed,card,1732.0,0.05,Cffc77a21fd
ORD001836,2026-05-14 14:39:56,S03,Bilal,T11,dine_in,SAN,Chicken Sandwich,Food,1,1350,1350.0,0.0,0,0,0,closed,cash,1552.0,0.15,Ca29cd51c6b
ORD001837,2026-05-14 15:47:17,S06,Zainab,T4,dine_in,AVT,Avocado Toast,Food,1,1450,1450.0,0.0,0,0,0,closed,card,3339.0,0.05,C199893d150
ORD001837,2026-05-14 15:47:17,S06,Zainab,T4,dine_in,IMP,Imported Soda,Other,1,480,480.0,0.0,0,0,0,closed,card,3339.0,0.05,C199893d150
ORD001837,2026-05-14 15:47:17,S06,Zainab,T4,dine_in,SAL,Garden Salad,Food,1,1250,1250.0,0.0,0,0,0,closed,card,3339.0,0.05,C199893d150
ORD001838,2026-05-14 08:34:01,S01,Ayesha,T8,dine_in,CLB,Cold Brew,Coffee,1,680,680.0,0.0,0,0,0,closed,cash,782.0,0.15,
ORD001839,2026-05-14 13:17:06,S07,Daniyal,T3,dine_in,FLW,Flat White,Coffee,1,600,600.0,0.0,0,0,0,closed,card,630.0,0.05,Ca4c85907e3
ORD001840,2026-05-14 09:32:19,S01,Ayesha,T4,dine_in,CLB,Cold Brew,Coffee,1,680,680.0,0.0,0,0,0,closed,wallet,714.0,0.05,C74caaa80b4
ORD001841,2026-05-14 17:04:26,S07,Daniyal,T10,dine_in,ICL,Iced Latte,Coffee,1,640,640.0,0.0,0,0,0,closed,cash,736.0,0.15,C0b90585403
ORD001842,2026-05-14 12:45:40,S05,Usman,T12,dine_in,LAT,Cafe Latte,Coffee,1,580,580.0,0.0,0,0,0,closed,qr,609.0,0.05,Cbf1fa8f7c6
ORD001843,2026-05-14 18:31:28,S02,Hamza,,takeaway,CRO,Butter Croissant,Bakery,1,520,520.0,0.0,0,0,0,closed,wallet,546.0,0.05,C74caaa80b4
ORD001843,2026-05-14 18:31:28,S02,Hamza,,takeaway,FLW,Flat White,Coffee,1,600,0.0,0.0,1,0,0,partial_void,wallet,546.0,0.05,C74caaa80b4
ORD001844,2026-05-14 17:38:26,S03,Bilal,T5,dine_in,ICL,Iced Latte,Coffee,1,640,640.0,0.0,0,0,0,closed,qr,1281.0,0.05,Cf11edf8195
ORD001844,2026-05-14 17:38:26,S03,Bilal,T5,dine_in,LAT,Cafe Latte,Coffee,1,580,580.0,0.0,0,0,0,closed,qr,1281.0,0.05,Cf11edf8195
ORD001845,2026-05-14 08:34:23,S01,Ayesha,,takeaway,AVT,Avocado Toast,Food,1,1450,1160.0,290.0,0,0,0,closed,card,1218.0,0.05,Cf89dc40fba
ORD001846,2026-05-14 19:02:34,S02,Hamza,T14,dine_in,ESP,Espresso,Coffee,1,420,420.0,0.0,0,0,0,closed,wallet,1050.0,0.05,Ceab0a62509
ORD001846,2026-05-14 19:02:34,S02,Hamza,T14,dine_in,LAT,Cafe Latte,Coffee,1,580,580.0,0.0,0,0,0,closed,wallet,1050.0,0.05,Ceab0a62509
ORD001847,2026-05-14 10:11:51,S08,Mahnoor,,takeaway,CAP,Cappuccino,Coffee,1,560,560.0,0.0,0,0,0,closed,card,2530.0,0.05,C21b7747a7b
ORD001847,2026-05-14 10:11:51,S08,Mahnoor,,takeaway,BFP,Big Breakfast,Food,1,1850,1850.0,0.0,0,0,0,closed,card,2530.0,0.05,C21b7747a7b
ORD001848,2026-05-14 10:53:44,S06,Zainab,,takeaway,ESP,Espresso,Coffee,1,420,420.0,0.0,0,0,0,closed,card,441.0,0.05,C48db1936bb
ORD001849,2026-05-14 17:41:28,S04,Sara,T15,dine_in,FLW,Flat White,Coffee,1,600,600.0,0.0,0,0,0,closed,cash,1357.0,0.15,
ORD001849,2026-05-14 17:41:28,S04,Sara,T15,dine_in,LAT,Cafe Latte,Coffee,1,580,580.0,0.0,0,0,0,closed,cash,1357.0,0.15,
ORD001850,2026-05-14 10:45:05,S01,Ayesha,T15,dine_in,CKE,Slice of Cake,Bakery,1,780,780.0,0.0,0,0,0,closed,card,819.0,0.05,C940861c286
ORD001851,2026-05-14 21:02:54,S05,Usman,,takeaway,CAP,Cappuccino,Coffee,1,560,560.0,0.0,0,0,0,closed,wallet,1900.0,0.05,C90523f61ba
ORD001851,2026-05-14 21:02:54,S05,Usman,,takeaway,SAL,Garden Salad,Food,1,1250,1250.0,0.0,0,0,0,closed,wallet,1900.0,0.05,C90523f61ba
ORD001852,2026-05-14 08:40:13,S08,Mahnoor,T18,dine_in,HOT,Hot Chocolate,Coffee,1,560,560.0,0.0,0,0,0,closed,wallet,1176.0,0.05,Cd3bd3b7078
ORD001852,2026-05-14 08:40:13,S08,Mahnoor,T18,dine_in,HOT,Hot Chocolate,Coffee,1,560,560.0,0.0,0,0,0,closed,wallet,1176.0,0.05,Cd3bd3b7078
ORD001853,2026-05-14 22:06:52,S02,Hamza,T18,dine_in,SAN,Chicken Sandwich,Food,2,1350,2700.0,0.0,0,0,0,closed,card,2835.0,0.05,Cfa9ed99aee
ORD001853,2026-05-14 22:06:52,S02,Hamza,T18,dine_in,IMP,Imported Soda,Other,1,480,0.0,0.0,1,0,0,partial_void,card,2835.0,0.05,Cfa9ed99aee
ORD001854,2026-05-14 10:07:04,S05,Usman,,takeaway,CAP,Cappuccino,Coffee,1,560,560.0,0.0,0,0,0,closed,card,588.0,0.05,C23c60fd394
ORD001855,2026-05-14 15:51:19,S03,Bilal,,takeaway,BFP,Big Breakfast,Food,2,1850,3700.0,0.0,0,0,0,closed,card,5828.0,0.05,C9ed81a3288
ORD001855,2026-05-14 15:51:19,S03,Bilal,,takeaway,PNC,Pain au Chocolat,Bakery,1,600,600.0,0.0,0,0,0,closed,card,5828.0,0.05,C9ed81a3288
ORD001855,2026-05-14 15:51:19,S03,Bilal,,takeaway,SAL,Garden Salad,Food,1,1250,1250.0,0.0,0,0,0,closed,card,5828.0,0.05,C9ed81a3288
ORD001856,2026-05-14 10:35:35,S02,Hamza,,takeaway,PNC,Pain au Chocolat,Bakery,1,600,600.0,0.0,0,0,0,closed,cash,690.0,0.15,C595a048988
ORD001857,2026-05-14 08:25:30,S01,Ayesha,T13,dine_in,SAN,Chicken Sandwich,Food,1,1350,1350.0,0.0,0,0,0,closed,cash,2380.0,0.15,C882ffcc387
ORD001857,2026-05-14 08:25:30,S01,Ayesha,T13,dine_in,MAT,Matcha Latte,Coffee,1,720,720.0,0.0,0,0,0,closed,cash,2380.0,0.15,C882ffcc387
ORD001857,2026-05-14 08:25:30,S01,Ayesha,T13,dine_in,LAT,Cafe Latte,Coffee,1,580,0.0,0.0,1,1,0,partial_void,cash,2380.0,0.15,C882ffcc387
ORD001858,2026-05-14 20:00:53,S01,Ayesha,T8,dine_in,ICL,Iced Latte,Coffee,1,640,640.0,0.0,0,0,0,closed,cash,736.0,0.15,
ORD001859,2026-05-14 13:14:10,S01,Ayesha,T2,dine_in,LAT,Cafe Latte,Coffee,1,580,580.0,0.0,0,0,0,closed,cash,667.0,0.15,
ORD001860,2026-05-14 13:19:34,S08,Mahnoor,,takeaway,SAN,Chicken Sandwich,Food,1,1350,1350.0,0.0,0,0,0,closed,qr,1418.0,0.05,Cfc5da82ed6
ORD001861,2026-05-14 11:27:30,S07,Daniyal,T9,dine_in,CLB,Cold Brew,Coffee,1,680,680.0,0.0,0,0,0,closed,card,714.0,0.05,C4c5629883c
ORD001862,2026-05-14 07:12:19,S06,Zainab,,takeaway,MOC,Mocha,Coffee,1,650,650.0,0.0,0,0,0,closed,wallet,1449.0,0.05,C25fde7e354
ORD001862,2026-05-14 07:12:19,S06,Zainab,,takeaway,WTR,Bottled Water,Other,1,150,150.0,0.0,0,0,0,closed,wallet,1449.0,0.05,C25fde7e354
ORD001862,2026-05-14 07:12:19,S06,Zainab,,takeaway,LAT,Cafe Latte,Coffee,1,580,580.0,0.0,0,0,0,closed,wallet,1449.0,0.05,C25fde7e354
ORD001863,2026-05-14 07:29:48,S05,Usman,,takeaway,ICL,Iced Latte,Coffee,1,640,640.0,0.0,0,0,0,closed,card,672.0,0.05,Cf7a6863213
ORD001864,2026-05-14 19:07:08,S06,Zainab,,takeaway,ESP,Espresso,Coffee,1,420,420.0,0.0,0,0,0,closed,card,1260.0,0.05,C199893d150
ORD001864,2026-05-14 19:07:08,S06,Zainab,,takeaway,CKE,Slice of Cake,Bakery,1,780,780.0,0.0,0,0,0,closed,card,1260.0,0.05,C199893d150
ORD001865,2026-05-14 08:31:27,S04,Sara,T9,dine_in,CAP,Cappuccino,Coffee,1,560,560.0,0.0,0,0,0,closed,card,1092.0,0.05,C882ffcc387
ORD001865,2026-05-14 08:31:27,S04,Sara,T9,dine_in,IMP,Imported Soda,Other,1,480,480.0,0.0,0,0,0,closed,card,1092.0,0.05,C882ffcc387
ORD001866,2026-05-14 09:48:37,S04,Sara,T8,dine_in,CKE,Slice of Cake,Bakery,1,780,624.0,156.0,0,0,0,closed,wallet,2388.0,0.05,Cc5dc15b61f
ORD001866,2026-05-14 09:48:37,S04,Sara,T8,dine_in,PAS,Pasta,Food,1,1650,1650.0,0.0,0,0,0,closed,wallet,2388.0,0.05,Cc5dc15b61f
ORD001867,2026-05-14 08:12:14,S04,Sara,,takeaway,LAT,Cafe Latte,Coffee,1,580,580.0,0.0,0,0,0,closed,cash,1357.0,0.15,
ORD001867,2026-05-14 08:12:14,S04,Sara,,takeaway,FLW,Flat White,Coffee,1,600,600.0,0.0,0,0,0,closed,cash,1357.0,0.15,
ORD001868,2026-05-14 22:29:14,S08,Mahnoor,T17,dine_in,CKE,Slice of Cake,Bakery,1,780,780.0,0.0,0,0,0,closed,wallet,1289.0,0.05,C90c1284994
ORD001868,2026-05-14 22:29:14,S08,Mahnoor,T17,dine_in,CAP,Cappuccino,Coffee,1,560,448.0,112.0,0,0,0,closed,wallet,1289.0,0.05,C90c1284994
ORD001869,2026-05-14 19:19:19,S03,Bilal,T16,dine_in,CRO,Butter Croissant,Bakery,1,520,520.0,0.0,0,0,0,closed,cash,598.0,0.15,
ORD001870,2026-05-14 20:12:41,S07,Daniyal,T12,dine_in,MAT,Matcha Latte,Coffee,1,720,720.0,0.0,0,0,0,closed,cash,2070.0,0.15,
ORD001870,2026-05-14 20:12:41,S07,Daniyal,T12,dine_in,HOT,Hot Chocolate,Coffee,1,560,560.0,0.0,0,0,0,closed,cash,2070.0,0.15,
ORD001870,2026-05-14 20:12:41,S07,Daniyal,T12,dine_in,CRO,Butter Croissant,Bakery,1,520,520.0,0.0,0,0,0,closed,cash,2070.0,0.15,
ORD001871,2026-05-14 09:01:15,S03,Bilal,T17,dine_in,IMP,Imported Soda,Other,1,480,480.0,0.0,0,0,0,closed,cash,2360.0,0.15,
ORD001871,2026-05-14 09:01:15,S03,Bilal,T17,dine_in,BFP,Big Breakfast,Food,1,1850,1572.0,278.0,0,0,0,closed,cash,2360.0,0.15,
ORD001872,2026-05-14 20:40:42,S01,Ayesha,T15,dine_in,SAN,Chicken Sandwich,Food,1,1350,1350.0,0.0,0,0,0,closed,card,1418.0,0.05,Cfc5da82ed6
ORD001873,2026-05-14 15:46:39,S02,Hamza,,takeaway,SAN,Chicken Sandwich,Food,1,1350,1350.0,0.0,0,0,0,closed,card,1418.0,0.05,C8f113a4739
ORD001874,2026-05-14 13:28:18,S04,Sara,T14,dine_in,CRO,Butter Croissant,Bakery,1,520,416.0,104.0,0,0,0,closed,card,437.0,0.05,C63037e2fcf
ORD001875,2026-05-14 20:23:27,S06,Zainab,T16,dine_in,CKE2,Cheesecake,Bakery,1,880,880.0,0.0,0,0,0,closed,card,924.0,0.05,C44fdf11b8b
ORD001876,2026-05-14 21:24:42,S07,Daniyal,T6,dine_in,LAT,Cafe Latte,Coffee,1,580,580.0,0.0,0,0,0,closed,cash,1564.0,0.15,
ORD001876,2026-05-14 21:24:42,S07,Daniyal,T6,dine_in,CKE,Slice of Cake,Bakery,1,780,780.0,0.0,0,0,0,closed,cash,1564.0,0.15,
ORD001877,2026-05-14 14:27:42,S07,Daniyal,T4,dine_in,MOC,Mocha,Coffee,1,650,650.0,0.0,0,0,0,closed,cash,747.0,0.15,C19d751a040
ORD001878,2026-05-14 21:26:19,S05,Usman,,takeaway,CRO,Butter Croissant,Bakery,1,520,520.0,0.0,0,0,0,closed,cash,2001.0,0.15,
ORD001878,2026-05-14 21:26:19,S05,Usman,,takeaway,LAT,Cafe Latte,Coffee,1,580,580.0,0.0,0,0,0,closed,cash,2001.0,0.15,
ORD001878,2026-05-14 21:26:19,S05,Usman,,takeaway,ICL,Iced Latte,Coffee,1,640,640.0,0.0,0,0,0,closed,cash,2001.0,0.15,
ORD001879,2026-05-14 07:58:26,S05,Usman,,takeaway,HOT,Hot Chocolate,Coffee,1,560,560.0,0.0,0,0,0,closed,wallet,1029.0,0.05,Ca69710af70
ORD001879,2026-05-14 07:58:26,S05,Usman,,takeaway,ESP,Espresso,Coffee,1,420,420.0,0.0,0,0,0,closed,wallet,1029.0,0.05,Ca69710af70
ORD001880,2026-05-14 12:50:13,S04,Sara,T18,dine_in,CKE,Slice of Cake,Bakery,1,780,663.0,117.0,0,0,0,closed,wallet,1788.0,0.05,Cc1c9de1ef2
ORD001880,2026-05-14 12:50:13,S04,Sara,T18,dine_in,CAP,Cappuccino,Coffee,1,560,560.0,0.0,0,0,0,closed,wallet,1788.0,0.05,Cc1c9de1ef2
ORD001880,2026-05-14 12:50:13,S04,Sara,T18,dine_in,IMP,Imported Soda,Other,1,480,480.0,0.0,0,0,0,closed,wallet,1788.0,0.05,Cc1c9de1ef2
ORD001881,2026-05-14 08:28:17,S04,Sara,,takeaway,FLW,Flat White,Coffee,1,600,600.0,0.0,0,0,0,closed,cash,690.0,0.15,
ORD001882,2026-05-14 11:15:02,S07,Daniyal,T6,dine_in,MOC,Mocha,Coffee,1,650,650.0,0.0,0,0,0,closed,card,1438.0,0.05,Cdf0bd6d485
ORD001882,2026-05-14 11:15:02,S07,Daniyal,T6,dine_in,MAT,Matcha Latte,Coffee,1,720,720.0,0.0,0,0,0,closed,card,1438.0,0.05,Cdf0bd6d485
ORD001883,2026-05-14 20:04:00,S01,Ayesha,T10,dine_in,PAS,Pasta,Food,1,1650,1402.0,248.0,0,0,0,closed,cash,1612.0,0.15,
ORD001884,2026-05-14 13:58:37,S02,Hamza,,takeaway,BFP,Big Breakfast,Food,1,1850,1850.0,0.0,0,0,0,closed,wallet,1942.0,0.05,C8f113a4739
ORD001885,2026-05-14 12:22:35,S07,Daniyal,,takeaway,PAS,Pasta,Food,1,1650,1650.0,0.0,0,0,0,closed,cash,2450.0,0.15,
ORD001885,2026-05-14 12:22:35,S07,Daniyal,,takeaway,AMR,Americano,Coffee,1,480,480.0,0.0,0,0,0,closed,cash,2450.0,0.15,
ORD001886,2026-05-14 13:42:25,S01,Ayesha,T8,dine_in,SAN,Chicken Sandwich,Food,1,1350,1350.0,0.0,0,0,0,closed,cash,1552.0,0.15,
ORD001887,2026-05-14 14:56:56,S01,Ayesha,T10,dine_in,CAP,Cappuccino,Coffee,1,560,560.0,0.0,0,0,0,closed,wallet,1774.0,0.05,C365696596c
ORD001887,2026-05-14 14:56:56,S01,Ayesha,T10,dine_in,MOC,Mocha,Coffee,1,650,650.0,0.0,0,0,0,closed,wallet,1774.0,0.05,C365696596c
ORD001887,2026-05-14 14:56:56,S01,Ayesha,T10,dine_in,AMR,Americano,Coffee,1,480,480.0,0.0,0,0,0,closed,wallet,1774.0,0.05,C365696596c
ORD001888,2026-05-14 12:21:07,S02,Hamza,,takeaway,HOT,Hot Chocolate,Coffee,1,560,560.0,0.0,0,0,0,closed,cash,644.0,0.15,
ORD001888,2026-05-14 12:21:07,S02,Hamza,,takeaway,MAT,Matcha Latte,Coffee,1,720,0.0,0.0,0,0,1,closed,cash,644.0,0.15,
ORD001889,2026-05-14 09:39:09,S04,Sara,,takeaway,IMP,Imported Soda,Other,1,480,384.0,96.0,0,0,0,closed,wallet,1978.0,0.05,C89bce863df
ORD001889,2026-05-14 09:39:09,S04,Sara,,takeaway,SAN,Chicken Sandwich,Food,1,1350,1350.0,0.0,0,0,0,closed,wallet,1978.0,0.05,C89bce863df
ORD001889,2026-05-14 09:39:09,S04,Sara,,takeaway,WTR,Bottled Water,Other,1,150,150.0,0.0,0,0,0,closed,wallet,1978.0,0.05,C89bce863df
ORD001890,2026-05-14 21:36:55,S05,Usman,T2,dine_in,AMR,Americano,Coffee,1,480,480.0,0.0,0,0,0,closed,qr,1816.0,0.05,C3f45d30b18
ORD001890,2026-05-14 21:36:55,S05,Usman,T2,dine_in,SAL,Garden Salad,Food,1,1250,1250.0,0.0,0,0,0,closed,qr,1816.0,0.05,C3f45d30b18
ORD001891,2026-05-14 08:57:26,S03,Bilal,,takeaway,CRO,Butter Croissant,Bakery,1,520,520.0,0.0,0,0,0,closed,cash,1150.0,0.15,
ORD001891,2026-05-14 08:57:26,S03,Bilal,,takeaway,BFP,Big Breakfast,Food,1,1850,0.0,0.0,0,0,1,closed,cash,1150.0,0.15,
ORD001891,2026-05-14 08:57:26,S03,Bilal,,takeaway,IMP,Imported Soda,Other,1,480,480.0,0.0,0,0,0,closed,cash,1150.0,0.15,
ORD001892,2026-05-14 18:55:42,S04,Sara,,takeaway,AMR,Americano,Coffee,1,480,480.0,0.0,0,0,0,closed,cash,552.0,0.15,
ORD001893,2026-05-14 18:03:27,S03,Bilal,T10,dine_in,CKE,Slice of Cake,Bakery,1,780,780.0,0.0,0,0,0,closed,wallet,1638.0,0.05,C25fde7e354
ORD001893,2026-05-14 18:03:27,S03,Bilal,T10,dine_in,CKE,Slice of Cake,Bakery,1,780,780.0,0.0,0,0,0,closed,wallet,1638.0,0.05,C25fde7e354
ORD001894,2026-05-14 15:55:35,S01,Ayesha,,takeaway,CAP,Cappuccino,Coffee,1,560,0.0,56.0,1,1,0,partial_void,cash,0.0,0.15,
ORD001895,2026-05-14 17:44:56,S01,Ayesha,T14,dine_in,CRO,Butter Croissant,Bakery,1,520,520.0,0.0,0,0,0,closed,wallet,546.0,0.05,C4859939fb2
ORD001896,2026-05-14 14:17:27,S06,Zainab,T12,dine_in,SAN,Chicken Sandwich,Food,2,1350,2700.0,0.0,0,0,0,closed,card,3465.0,0.05,C3baae6f192
ORD001896,2026-05-14 14:17:27,S06,Zainab,T12,dine_in,FLW,Flat White,Coffee,1,600,600.0,0.0,0,0,0,closed,card,3465.0,0.05,C3baae6f192
ORD001897,2026-05-14 14:43:39,S06,Zainab,T2,dine_in,PNC,Pain au Chocolat,Bakery,1,600,600.0,0.0,0,0,0,closed,cash,690.0,0.15,C41fef9b073
ORD001898,2026-05-14 22:58:27,S03,Bilal,T7,dine_in,CLB,Cold Brew,Coffee,1,680,680.0,0.0,0,0,0,closed,cash,782.0,0.15,
ORD001899,2026-05-14 11:06:25,S05,Usman,T17,dine_in,PNC,Pain au Chocolat,Bakery,1,600,600.0,0.0,0,0,0,closed,qr,2068.0,0.05,Cd1e93a6d3b
ORD001899,2026-05-14 11:06:25,S05,Usman,T17,dine_in,MOC,Mocha,Coffee,1,650,650.0,0.0,0,0,0,closed,qr,2068.0,0.05,Cd1e93a6d3b
ORD001899,2026-05-14 11:06:25,S05,Usman,T17,dine_in,MAT,Matcha Latte,Coffee,1,720,720.0,0.0,0,0,0,closed,qr,2068.0,0.05,Cd1e93a6d3b
ORD001900,2026-05-14 11:49:46,S07,Daniyal,T7,dine_in,MOC,Mocha,Coffee,1,650,650.0,0.0,0,0,0,closed,card,1438.0,0.05,Ce6722bf747
ORD001900,2026-05-14 11:49:46,S07,Daniyal,T7,dine_in,MAT,Matcha Latte,Coffee,1,720,720.0,0.0,0,0,0,closed,card,1438.0,0.05,Ce6722bf747
ORD001901,2026-05-14 12:47:31,S05,Usman,T3,dine_in,LAT,Cafe Latte,Coffee,1,580,580.0,0.0,0,0,0,closed,wallet,1898.0,0.05,C140e6359de
ORD001901,2026-05-14 12:47:31,S05,Usman,T3,dine_in,CKE,Slice of Cake,Bakery,1,780,780.0,0.0,0,0,0,closed,wallet,1898.0,0.05,C140e6359de
ORD001901,2026-05-14 12:47:31,S05,Usman,T3,dine_in,CAP,Cappuccino,Coffee,1,560,448.0,112.0,0,0,0,closed,wallet,1898.0,0.05,C140e6359de
ORD001902,2026-05-14 19:38:24,S02,Hamza,T4,dine_in,CAP,Cappuccino,Coffee,1,560,560.0,0.0,0,0,0,closed,cash,644.0,0.15,
ORD001903,2026-05-14 11:12:46,S02,Hamza,T12,dine_in,CRO,Butter Croissant,Bakery,1,520,520.0,0.0,0,0,0,closed,qr,1701.0,0.05,C19ab330972
ORD001903,2026-05-14 11:12:46,S02,Hamza,T12,dine_in,FLW,Flat White,Coffee,1,600,540.0,60.0,0,0,0,closed,qr,1701.0,0.05,C19ab330972
ORD001903,2026-05-14 11:12:46,S02,Hamza,T12,dine_in,CAP,Cappuccino,Coffee,1,560,560.0,0.0,0,0,0,closed,qr,1701.0,0.05,C19ab330972
ORD001904,2026-05-14 07:50:52,S05,Usman,,takeaway,ICL,Iced Latte,Coffee,1,640,640.0,0.0,0,0,0,closed,cash,2300.0,0.15,Cb3a310634b
ORD001904,2026-05-14 07:50:52,S05,Usman,,takeaway,LAT,Cafe Latte,Coffee,1,580,580.0,0.0,0,0,0,closed,cash,2300.0,0.15,Cb3a310634b
ORD001904,2026-05-14 07:50:52,S05,Usman,,takeaway,CKE,Slice of Cake,Bakery,1,780,780.0,0.0,0,0,0,closed,cash,2300.0,0.15,Cb3a310634b
ORD001905,2026-05-14 17:59:07,S07,Daniyal,,takeaway,HOT,Hot Chocolate,Coffee,1,560,560.0,0.0,0,0,0,closed,card,1325.0,0.05,C96285ec529
ORD001905,2026-05-14 17:59:07,S07,Daniyal,,takeaway,CKE,Slice of Cake,Bakery,1,780,702.0,78.0,0,0,0,closed,card,1325.0,0.05,C96285ec529
ORD001906,2026-05-14 09:10:26,S06,Zainab,,takeaway,BFP,Big Breakfast,Food,1,1850,1850.0,0.0,0,0,0,closed,cash,3024.0,0.15,
ORD001906,2026-05-14 09:10:26,S06,Zainab,,takeaway,CKE,Slice of Cake,Bakery,1,780,780.0,0.0,0,0,0,closed,cash,3024.0,0.15,
ORD001907,2026-05-14 19:32:33,S03,Bilal,T16,dine_in,LAT,Cafe Latte,Coffee,1,580,580.0,0.0,0,0,0,closed,wallet,609.0,0.05,Ca2c33b664c
ORD001908,2026-05-14 18:35:01,S06,Zainab,T8,dine_in,LAT,Cafe Latte,Coffee,1,580,580.0,0.0,0,0,0,closed,card,1113.0,0.05,C19d751a040
ORD001908,2026-05-14 18:35:01,S06,Zainab,T8,dine_in,IMP,Imported Soda,Other,1,480,480.0,0.0,0,0,0,closed,card,1113.0,0.05,C19d751a040
ORD001909,2026-05-14 08:34:34,S08,Mahnoor,T17,dine_in,CRO,Butter Croissant,Bakery,1,520,520.0,0.0,0,0,0,closed,cash,598.0,0.15,
ORD001910,2026-05-14 10:35:23,S04,Sara,T5,dine_in,CKE,Slice of Cake,Bakery,1,780,780.0,0.0,0,0,0,closed,cash,1449.0,0.15,C5d584d89e5
ORD001910,2026-05-14 10:35:23,S04,Sara,T5,dine_in,IMP,Imported Soda,Other,1,480,480.0,0.0,0,0,0,closed,cash,1449.0,0.15,C5d584d89e5
ORD001911,2026-05-14 09:22:09,S07,Daniyal,,takeaway,LAT,Cafe Latte,Coffee,1,580,580.0,0.0,0,0,0,closed,cash,667.0,0.15,
ORD001912,2026-05-14 07:43:54,S06,Zainab,T8,dine_in,CLB,Cold Brew,Coffee,1,680,680.0,0.0,0,0,0,closed,wallet,714.0,0.05,C12427e92f1
ORD001913,2026-05-14 08:50:40,S05,Usman,T10,dine_in,MAT,Matcha Latte,Coffee,1,720,720.0,0.0,0,0,0,closed,cash,1518.0,0.15,
ORD001913,2026-05-14 08:50:40,S05,Usman,T10,dine_in,FLW,Flat White,Coffee,1,600,600.0,0.0,0,0,0,closed,cash,1518.0,0.15,
ORD001914,2026-05-14 12:03:45,S03,Bilal,T5,dine_in,WTR,Bottled Water,Other,1,150,150.0,0.0,0,0,0,closed,cash,172.0,0.15,
ORD001915,2026-05-14 14:58:13,S04,Sara,T6,dine_in,AMR,Americano,Coffee,1,480,480.0,0.0,0,0,0,closed,card,504.0,0.05,C562fc633f9
ORD001916,2026-05-14 19:46:56,S04,Sara,,takeaway,SAN,Chicken Sandwich,Food,1,1350,1350.0,0.0,0,0,0,closed,cash,1552.0,0.15,
ORD001917,2026-05-14 19:25:00,S01,Ayesha,,takeaway,SAN,Chicken Sandwich,Food,1,1350,1350.0,0.0,0,0,0,closed,cash,1552.0,0.15,
ORD001918,2026-05-14 18:07:37,S04,Sara,,takeaway,ICL,Iced Latte,Coffee,1,640,640.0,0.0,0,0,0,closed,cash,736.0,0.15,
ORD001919,2026-05-14 08:38:13,S04,Sara,,takeaway,WTR,Bottled Water,Other,1,150,150.0,0.0,0,0,0,closed,qr,872.0,0.05,C641da9029c
ORD001919,2026-05-14 08:38:13,S04,Sara,,takeaway,CLB,Cold Brew,Coffee,1,680,680.0,0.0,0,0,0,closed,qr,872.0,0.05,C641da9029c
ORD001920,2026-05-14 09:14:06,S03,Bilal,T9,dine_in,HOT,Hot Chocolate,Coffee,1,560,448.0,112.0,0,0,0,closed,card,628.0,0.05,C74caaa80b4
ORD001920,2026-05-14 09:14:06,S03,Bilal,T9,dine_in,WTR,Bottled Water,Other,1,150,150.0,0.0,0,0,0,closed,card,628.0,0.05,C74caaa80b4
ORD001921,2026-05-14 07:01:55,S07,Daniyal,,takeaway,CKE,Slice of Cake,Bakery,1,780,780.0,0.0,0,0,0,closed,cash,897.0,0.15,
ORD001922,2026-05-14 19:40:33,S02,Hamza,T14,dine_in,CKE2,Cheesecake,Bakery,1,880,880.0,0.0,0,0,0,closed,cash,5267.0,0.15,
ORD001922,2026-05-14 19:40:33,S02,Hamza,T14,dine_in,BFP,Big Breakfast,Food,1,1850,1850.0,0.0,0,0,0,closed,cash,5267.0,0.15,
ORD001922,2026-05-14 19:40:33,S02,Hamza,T14,dine_in,BFP,Big Breakfast,Food,1,1850,1850.0,0.0,0,0,0,closed,cash,5267.0,0.15,
ORD001923,2026-05-14 13:31:11,S08,Mahnoor,T14,dine_in,LAT,Cafe Latte,Coffee,1,580,580.0,0.0,0,0,0,closed,cash,667.0,0.15,
ORD001924,2026-05-14 17:31:16,S02,Hamza,T8,dine_in,PNC,Pain au Chocolat,Bakery,1,600,600.0,0.0,0,0,0,closed,wallet,2890.0,0.05,C78f51e42af
ORD001924,2026-05-14 17:31:16,S02,Hamza,T8,dine_in,BFP,Big Breakfast,Food,1,1850,1572.0,278.0,0,0,0,closed,wallet,2890.0,0.05,C78f51e42af
ORD001924,2026-05-14 17:31:16,S02,Hamza,T8,dine_in,LAT,Cafe Latte,Coffee,1,580,580.0,0.0,0,0,0,closed,wallet,2890.0,0.05,C78f51e42af
ORD001925,2026-05-14 07:21:19,S01,Ayesha,T6,dine_in,CAP,Cappuccino,Coffee,1,560,560.0,0.0,0,0,0,closed,wallet,588.0,0.05,C17a403a366
ORD001926,2026-05-14 10:06:51,S07,Daniyal,,takeaway,ESP,Espresso,Coffee,1,420,420.0,0.0,0,0,0,closed,qr,1858.0,0.05,C998fad6fa0
ORD001926,2026-05-14 10:06:51,S07,Daniyal,,takeaway,SAN,Chicken Sandwich,Food,1,1350,1350.0,0.0,0,0,0,closed,qr,1858.0,0.05,C998fad6fa0
ORD001927,2026-05-14 22:29:39,S07,Daniyal,T8,dine_in,AMR,Americano,Coffee,1,480,480.0,0.0,0,0,0,closed,cash,552.0,0.15,Ccdae6010f7
ORD001928,2026-05-14 13:11:03,S06,Zainab,T13,dine_in,LAT,Cafe Latte,Coffee,1,580,580.0,0.0,0,0,0,closed,cash,667.0,0.15,
ORD001929,2026-05-14 19:23:58,S08,Mahnoor,T6,dine_in,CKE,Slice of Cake,Bakery,1,780,780.0,0.0,0,0,0,closed,wallet,819.0,0.05,Cd6d385c74a
ORD001930,2026-05-14 12:13:40,S03,Bilal,,takeaway,FLW,Flat White,Coffee,1,600,600.0,0.0,0,0,0,closed,wallet,630.0,0.05,C3baae6f192
ORD001931,2026-05-14 20:48:04,S01,Ayesha,,takeaway,IMP,Imported Soda,Other,1,480,480.0,0.0,0,0,0,closed,cash,552.0,0.15,
ORD001932,2026-05-14 19:53:13,S04,Sara,,takeaway,CAP,Cappuccino,Coffee,1,560,560.0,0.0,0,0,0,closed,cash,644.0,0.15,
ORD001933,2026-05-14 19:38:25,S05,Usman,,takeaway,CRO,Butter Croissant,Bakery,1,520,520.0,0.0,0,0,0,closed,cash,598.0,0.15,
ORD001934,2026-05-14 19:22:53,S04,Sara,T15,dine_in,CRO,Butter Croissant,Bakery,1,520,520.0,0.0,0,0,0,closed,qr,546.0,0.05,Cb5414f87f5
ORD001935,2026-05-14 13:41:00,S05,Usman,,takeaway,CRO,Butter Croissant,Bakery,1,520,520.0,0.0,0,0,0,closed,wallet,1155.0,0.05,Ca6f854a3f2
ORD001935,2026-05-14 13:41:00,S05,Usman,,takeaway,LAT,Cafe Latte,Coffee,1,580,580.0,0.0,0,0,0,closed,wallet,1155.0,0.05,Ca6f854a3f2
ORD001936,2026-05-14 20:33:00,S06,Zainab,T7,dine_in,LAT,Cafe Latte,Coffee,1,580,580.0,0.0,0,0,0,closed,card,1155.0,0.05,Cf1debaccc2
ORD001936,2026-05-14 20:33:00,S06,Zainab,T7,dine_in,CRO,Butter Croissant,Bakery,1,520,520.0,0.0,0,0,0,closed,card,1155.0,0.05,Cf1debaccc2
ORD001937,2026-05-14 17:30:14,S08,Mahnoor,T9,dine_in,BFP,Big Breakfast,Food,1,1850,1850.0,0.0,0,0,0,closed,card,1942.0,0.05,C0b90585403
ORD001938,2026-05-14 18:26:23,S04,Sara,,takeaway,PAS,Pasta,Food,2,1650,3300.0,0.0,0,0,0,closed,cash,3795.0,0.15,
ORD001939,2026-05-14 22:55:27,S01,Ayesha,T5,dine_in,ICL,Iced Latte,Coffee,1,640,640.0,0.0,0,0,0,closed,qr,1260.0,0.05,C5d90c0fdc3
ORD001939,2026-05-14 22:55:27,S01,Ayesha,T5,dine_in,CAP,Cappuccino,Coffee,1,560,560.0,0.0,0,0,0,closed,qr,1260.0,0.05,C5d90c0fdc3
ORD001940,2026-05-14 07:01:11,S08,Mahnoor,T16,dine_in,MOC,Mocha,Coffee,1,650,650.0,0.0,0,0,0,closed,wallet,682.0,0.05,Ca5c0a2cc4b
ORD001941,2026-05-14 13:30:12,S04,Sara,,takeaway,LAT,Cafe Latte,Coffee,1,580,580.0,0.0,0,0,0,closed,wallet,609.0,0.05,C1771e35d2c
ORD001942,2026-05-15 15:01:51,S06,Zainab,,takeaway,AVT,Avocado Toast,Food,1,1450,1450.0,0.0,0,0,0,closed,wallet,1522.0,0.05,C55f6b5c15e
ORD001943,2026-05-15 17:30:05,S02,Hamza,,takeaway,HOT,Hot Chocolate,Coffee,1,560,560.0,0.0,0,0,0,closed,cash,1288.0,0.15,C6db89d7c57
ORD001943,2026-05-15 17:30:05,S02,Hamza,,takeaway,CAP,Cappuccino,Coffee,1,560,560.0,0.0,0,0,0,closed,cash,1288.0,0.15,C6db89d7c57
ORD001944,2026-05-15 08:58:58,S04,Sara,T17,dine_in,AVT,Avocado Toast,Food,1,1450,1450.0,0.0,0,0,0,closed,cash,2150.0,0.15,
ORD001944,2026-05-15 08:58:58,S04,Sara,T17,dine_in,ESP,Espresso,Coffee,1,420,420.0,0.0,0,0,0,closed,cash,2150.0,0.15,
ORD001945,2026-05-15 19:02:31,S01,Ayesha,,takeaway,FLW,Flat White,Coffee,1,600,600.0,0.0,0,0,0,closed,cash,1518.0,0.15,
ORD001945,2026-05-15 19:02:31,S01,Ayesha,,takeaway,MAT,Matcha Latte,Coffee,1,720,720.0,0.0,0,0,0,closed,cash,1518.0,0.15,
ORD001946,2026-05-15 12:59:55,S06,Zainab,,takeaway,ICL,Iced Latte,Coffee,1,640,640.0,0.0,0,0,0,closed,cash,1472.0,0.15,C17a403a366
ORD001946,2026-05-15 12:59:55,S06,Zainab,,takeaway,ICL,Iced Latte,Coffee,1,640,640.0,0.0,0,0,0,closed,cash,1472.0,0.15,C17a403a366
ORD001947,2026-05-15 20:51:16,S04,Sara,,takeaway,CRO,Butter Croissant,Bakery,1,520,520.0,0.0,0,0,0,closed,card,546.0,0.05,C48bfa448ba
ORD001948,2026-05-15 19:47:37,S04,Sara,T6,dine_in,CLB,Cold Brew,Coffee,1,680,680.0,0.0,0,0,0,closed,qr,4074.0,0.05,Cf75f1d84fe
ORD001948,2026-05-15 19:47:37,S04,Sara,T6,dine_in,SAN,Chicken Sandwich,Food,1,1350,1350.0,0.0,0,0,0,closed,qr,4074.0,0.05,Cf75f1d84fe
ORD001948,2026-05-15 19:47:37,S04,Sara,T6,dine_in,BFP,Big Breakfast,Food,1,1850,1850.0,0.0,0,0,0,closed,qr,4074.0,0.05,Cf75f1d84fe
ORD001949,2026-05-15 11:14:01,S03,Bilal,,takeaway,WTR,Bottled Water,Other,1,150,0.0,0.0,0,0,1,closed,cash,0.0,0.15,
ORD001950,2026-05-15 16:07:51,S06,Zainab,T2,dine_in,ESP,Espresso,Coffee,1,420,420.0,0.0,0,0,0,closed,wallet,598.0,0.05,C82d89424d0
ORD001950,2026-05-15 16:07:51,S06,Zainab,T2,dine_in,CAP,Cappuccino,Coffee,1,560,0.0,0.0,0,0,1,closed,wallet,598.0,0.05,C82d89424d0
ORD001950,2026-05-15 16:07:51,S06,Zainab,T2,dine_in,WTR,Bottled Water,Other,1,150,150.0,0.0,0,0,0,closed,wallet,598.0,0.05,C82d89424d0
ORD001951,2026-05-15 16:02:48,S07,Daniyal,,takeaway,CAP,Cappuccino,Coffee,1,560,560.0,0.0,0,0,0,closed,card,588.0,0.05,C90523f61ba
ORD001952,2026-05-15 09:19:33,S05,Usman,,takeaway,ICL,Iced Latte,Coffee,1,640,640.0,0.0,0,0,0,closed,card,1386.0,0.05,C58cf770e72
ORD001952,2026-05-15 09:19:33,S05,Usman,,takeaway,CLB,Cold Brew,Coffee,1,680,680.0,0.0,0,0,0,closed,card,1386.0,0.05,C58cf770e72
ORD001953,2026-05-15 18:33:53,S02,Hamza,T3,dine_in,LAT,Cafe Latte,Coffee,1,580,580.0,0.0,0,0,0,closed,cash,1403.0,0.15,
ORD001953,2026-05-15 18:33:53,S02,Hamza,T3,dine_in,ICL,Iced Latte,Coffee,1,640,640.0,0.0,0,0,0,closed,cash,1403.0,0.15,
ORD001954,2026-05-15 12:23:41,S08,Mahnoor,,takeaway,FLW,Flat White,Coffee,1,600,540.0,60.0,0,0,0,closed,wallet,1197.0,0.05,C69d54c11d0
ORD001954,2026-05-15 12:23:41,S08,Mahnoor,,takeaway,FLW,Flat White,Coffee,1,600,600.0,0.0,0,0,0,closed,wallet,1197.0,0.05,C69d54c11d0
ORD001955,2026-05-15 12:16:47,S08,Mahnoor,T11,dine_in,FLW,Flat White,Coffee,1,600,600.0,0.0,0,0,0,closed,card,630.0,0.05,C75ad011d53
ORD001956,2026-05-15 18:41:16,S05,Usman,T10,dine_in,SAN,Chicken Sandwich,Food,1,1350,1350.0,0.0,0,0,0,closed,card,1418.0,0.05,C79561e1f97
ORD001957,2026-05-15 18:23:55,S06,Zainab,T3,dine_in,CAP,Cappuccino,Coffee,1,560,560.0,0.0,0,0,0,closed,wallet,588.0,0.05,C7bfa0588ba
ORD001958,2026-05-15 20:59:31,S05,Usman,T6,dine_in,LAT,Cafe Latte,Coffee,1,580,580.0,0.0,0,0,0,closed,cash,667.0,0.15,
ORD001959,2026-05-15 18:30:38,S08,Mahnoor,T1,dine_in,PAS,Pasta,Food,1,1650,1650.0,0.0,0,0,0,closed,cash,2496.0,0.15,
ORD001959,2026-05-15 18:30:38,S08,Mahnoor,T1,dine_in,CRO,Butter Croissant,Bakery,1,520,520.0,0.0,0,0,0,closed,cash,2496.0,0.15,
ORD001960,2026-05-15 20:27:08,S04,Sara,,takeaway,CAP,Cappuccino,Coffee,1,560,560.0,0.0,0,0,0,closed,cash,1334.0,0.15,
ORD001960,2026-05-15 20:27:08,S04,Sara,,takeaway,FLW,Flat White,Coffee,1,600,600.0,0.0,0,0,0,closed,cash,1334.0,0.15,
ORD001961,2026-05-15 17:24:19,S02,Hamza,,takeaway,ICL,Iced Latte,Coffee,1,640,640.0,0.0,0,0,0,closed,qr,672.0,0.05,C1ac0d3d9a4
ORD001962,2026-05-15 17:44:40,S04,Sara,T16,dine_in,FLW,Flat White,Coffee,1,600,600.0,0.0,0,0,0,closed,qr,630.0,0.05,Cf2fde5c7b5
ORD001963,2026-05-15 13:21:56,S06,Zainab,,takeaway,IMP,Imported Soda,Other,1,480,480.0,0.0,0,0,0,closed,wallet,1134.0,0.05,C4a26867a94
ORD001963,2026-05-15 13:21:56,S06,Zainab,,takeaway,PNC,Pain au Chocolat,Bakery,1,600,600.0,0.0,0,0,0,closed,wallet,1134.0,0.05,C4a26867a94
ORD001963,2026-05-15 13:21:56,S06,Zainab,,takeaway,LAT,Cafe Latte,Coffee,1,580,0.0,116.0,1,0,0,partial_void,wallet,1134.0,0.05,C4a26867a94
ORD001964,2026-05-15 17:01:32,S07,Daniyal,,takeaway,SAL,Garden Salad,Food,1,1250,1250.0,0.0,0,0,0,closed,card,1312.0,0.05,Cd1e93a6d3b
ORD001965,2026-05-15 20:37:14,S04,Sara,T13,dine_in,LAT,Cafe Latte,Coffee,1,580,580.0,0.0,0,0,0,closed,wallet,1113.0,0.05,C63037e2fcf
ORD001965,2026-05-15 20:37:14,S04,Sara,T13,dine_in,AMR,Americano,Coffee,1,480,480.0,0.0,0,0,0,closed,wallet,1113.0,0.05,C63037e2fcf
ORD001966,2026-05-15 13:01:05,S01,Ayesha,T18,dine_in,LAT,Cafe Latte,Coffee,1,580,493.0,87.0,0,0,0,closed,card,518.0,0.05,Ca4c85907e3
ORD001967,2026-05-15 18:45:13,S07,Daniyal,T2,dine_in,MAT,Matcha Latte,Coffee,1,720,720.0,0.0,0,0,0,closed,card,2058.0,0.05,Cbac72cb73a
ORD001967,2026-05-15 18:45:13,S07,Daniyal,T2,dine_in,CRO,Butter Croissant,Bakery,1,520,520.0,0.0,0,0,0,closed,card,2058.0,0.05,Cbac72cb73a
ORD001967,2026-05-15 18:45:13,S07,Daniyal,T2,dine_in,MAT,Matcha Latte,Coffee,1,720,720.0,0.0,0,0,0,closed,card,2058.0,0.05,Cbac72cb73a
ORD001968,2026-05-15 20:27:25,S04,Sara,,takeaway,MAT,Matcha Latte,Coffee,1,720,720.0,0.0,0,0,0,closed,card,1386.0,0.05,Cdfed1bf9d2
ORD001968,2026-05-15 20:27:25,S04,Sara,,takeaway,FLW,Flat White,Coffee,1,600,600.0,0.0,0,0,0,closed,card,1386.0,0.05,Cdfed1bf9d2
ORD001969,2026-05-15 10:19:17,S01,Ayesha,T18,dine_in,CRO,Butter Croissant,Bakery,1,520,520.0,0.0,0,0,0,closed,card,1260.0,0.05,Cc53aa50e92
ORD001969,2026-05-15 10:19:17,S01,Ayesha,T18,dine_in,CLB,Cold Brew,Coffee,1,680,680.0,0.0,0,0,0,closed,card,1260.0,0.05,Cc53aa50e92
ORD001970,2026-05-15 12:17:39,S03,Bilal,T17,dine_in,CRO,Butter Croissant,Bakery,1,520,520.0,0.0,0,0,0,closed,cash,598.0,0.15,C3e5bef3919
ORD001971,2026-05-15 09:21:51,S07,Daniyal,T5,dine_in,AVT,Avocado Toast,Food,1,1450,1450.0,0.0,0,0,0,closed,card,2068.0,0.05,Cadc75d3967
ORD001971,2026-05-15 09:21:51,S07,Daniyal,T5,dine_in,CRO,Butter Croissant,Bakery,1,520,520.0,0.0,0,0,0,closed,card,2068.0,0.05,Cadc75d3967
ORD001972,2026-05-15 17:57:07,S03,Bilal,,takeaway,AVT,Avocado Toast,Food,1,1450,1450.0,0.0,0,0,0,closed,cash,1667.0,0.15,
ORD001973,2026-05-15 11:57:03,S04,Sara,T8,dine_in,WTR,Bottled Water,Other,1,150,150.0,0.0,0,0,0,closed,cash,172.0,0.15,
ORD001974,2026-05-15 12:45:56,S06,Zainab,T8,dine_in,MOC,Mocha,Coffee,1,650,650.0,0.0,0,0,0,closed,card,682.0,0.05,Cf7a6863213
ORD001975,2026-05-15 12:41:52,S06,Zainab,,takeaway,AMR,Americano,Coffee,1,480,480.0,0.0,0,0,0,closed,cash,1242.0,0.15,
ORD001975,2026-05-15 12:41:52,S06,Zainab,,takeaway,FLW,Flat White,Coffee,1,600,600.0,0.0,0,0,0,closed,cash,1242.0,0.15,
ORD001976,2026-05-15 19:13:26,S04,Sara,T2,dine_in,LAT,Cafe Latte,Coffee,1,580,580.0,0.0,0,0,0,closed,cash,667.0,0.15,C45b4f8e812
ORD001977,2026-05-15 10:28:16,S08,Mahnoor,,takeaway,CRO,Butter Croissant,Bakery,1,520,520.0,0.0,0,0,0,closed,wallet,546.0,0.05,C84719e966a
ORD001978,2026-05-15 21:51:21,S07,Daniyal,T4,dine_in,AMR,Americano,Coffee,1,480,480.0,0.0,0,0,0,closed,card,504.0,0.05,C6b051e9554
ORD001979,2026-05-15 08:45:36,S08,Mahnoor,,takeaway,ICL,Iced Latte,Coffee,1,640,640.0,0.0,0,0,0,closed,cash,736.0,0.15,
ORD001980,2026-05-15 08:35:06,S01,Ayesha,T17,dine_in,CAP,Cappuccino,Coffee,1,560,560.0,0.0,0,0,0,closed,cash,644.0,0.15,Cebebc43785
ORD001981,2026-05-15 22:37:53,S07,Daniyal,T1,dine_in,FLW,Flat White,Coffee,1,600,600.0,0.0,0,0,0,closed,card,1176.0,0.05,Cf4895fd9dd
ORD001981,2026-05-15 22:37:53,S07,Daniyal,T1,dine_in,CRO,Butter Croissant,Bakery,1,520,520.0,0.0,0,0,0,closed,card,1176.0,0.05,Cf4895fd9dd
ORD001982,2026-05-15 07:40:30,S08,Mahnoor,,takeaway,AMR,Americano,Coffee,1,480,480.0,0.0,0,0,0,closed,wallet,504.0,0.05,C651e9754b8
ORD001983,2026-05-15 10:35:37,S08,Mahnoor,T7,dine_in,SAN,Chicken Sandwich,Food,1,1350,1350.0,0.0,0,0,0,closed,wallet,1418.0,0.05,C58cf770e72
ORD001984,2026-05-15 07:11:26,S07,Daniyal,T13,dine_in,PAS,Pasta,Food,2,1650,3300.0,0.0,0,0,0,closed,wallet,3465.0,0.05,C6694a28353
ORD001985,2026-05-15 09:21:21,S03,Bilal,T5,dine_in,ICL,Iced Latte,Coffee,1,640,0.0,0.0,1,0,0,partial_void,wallet,504.0,0.05,Cd3bd3b7078
ORD001985,2026-05-15 09:21:21,S03,Bilal,T5,dine_in,AMR,Americano,Coffee,1,480,480.0,0.0,0,0,0,partial_void,wallet,504.0,0.05,Cd3bd3b7078
ORD001986,2026-05-15 20:35:31,S01,Ayesha,T1,dine_in,CAP,Cappuccino,Coffee,1,560,560.0,0.0,0,0,0,closed,card,588.0,0.05,Cc29effae4f
ORD001987,2026-05-15 18:51:11,S04,Sara,T7,dine_in,SAN,Chicken Sandwich,Food,1,1350,1350.0,0.0,0,0,0,closed,cash,1552.0,0.15,Cda98481c48
ORD001988,2026-05-15 10:21:30,S01,Ayesha,,takeaway,ESP,Espresso,Coffee,1,420,420.0,0.0,0,0,0,closed,cash,483.0,0.15,C00afb015a1
ORD001989,2026-05-15 19:40:59,S06,Zainab,,takeaway,PNC,Pain au Chocolat,Bakery,1,600,600.0,0.0,0,0,0,closed,cash,1242.0,0.15,Ccb8af0dea2
ORD001989,2026-05-15 19:40:59,S06,Zainab,,takeaway,AMR,Americano,Coffee,1,480,480.0,0.0,0,0,0,closed,cash,1242.0,0.15,Ccb8af0dea2
ORD001990,2026-05-15 09:46:15,S04,Sara,,takeaway,AVT,Avocado Toast,Food,1,1450,1450.0,0.0,0,0,0,closed,card,1522.0,0.05,C4d4f7e93b0
ORD001991,2026-05-15 16:57:18,S02,Hamza,T9,dine_in,CAP,Cappuccino,Coffee,1,560,448.0,112.0,0,0,0,closed,card,1993.0,0.05,C32c7bad631
ORD001991,2026-05-15 16:57:18,S02,Hamza,T9,dine_in,AVT,Avocado Toast,Food,1,1450,1450.0,0.0,0,0,0,closed,card,1993.0,0.05,C32c7bad631
ORD001992,2026-05-15 16:53:51,S04,Sara,,takeaway,CAP,Cappuccino,Coffee,1,560,560.0,0.0,0,0,0,closed,qr,1134.0,0.05,C00429c9c61
ORD001992,2026-05-15 16:53:51,S04,Sara,,takeaway,CRO,Butter Croissant,Bakery,1,520,520.0,0.0,0,0,0,closed,qr,1134.0,0.05,C00429c9c61
ORD001993,2026-05-15 11:31:47,S04,Sara,,takeaway,WTR,Bottled Water,Other,1,150,150.0,0.0,0,0,0,closed,wallet,976.0,0.05,C47c5e28c85
ORD001993,2026-05-15 11:31:47,S04,Sara,,takeaway,CKE,Slice of Cake,Bakery,1,780,780.0,0.0,0,0,0,closed,wallet,976.0,0.05,C47c5e28c85
ORD001994,2026-05-15 07:31:37,S04,Sara,,takeaway,CRO,Butter Croissant,Bakery,1,520,520.0,0.0,0,0,0,closed,cash,598.0,0.15,
ORD001995,2026-05-15 13:51:40,S05,Usman,,takeaway,LAT,Cafe Latte,Coffee,1,580,580.0,0.0,0,0,0,closed,wallet,609.0,0.05,C11e9853bb4
ORD001996,2026-05-15 20:55:23,S01,Ayesha,T13,dine_in,FLW,Flat White,Coffee,1,600,600.0,0.0,0,0,0,closed,card,1722.0,0.05,C27c059f294
ORD001996,2026-05-15 20:55:23,S01,Ayesha,T13,dine_in,CAP,Cappuccino,Coffee,1,560,560.0,0.0,0,0,0,closed,card,1722.0,0.05,C27c059f294
ORD001996,2026-05-15 20:55:23,S01,Ayesha,T13,dine_in,IMP,Imported Soda,Other,1,480,480.0,0.0,0,0,0,closed,card,1722.0,0.05,C27c059f294
ORD001997,2026-05-15 17:07:35,S07,Daniyal,T1,dine_in,SAN,Chicken Sandwich,Food,1,1350,1350.0,0.0,0,0,0,closed,cash,1552.0,0.15,Cc1c9de1ef2
ORD001998,2026-05-15 17:41:29,S01,Ayesha,T7,dine_in,MAT,Matcha Latte,Coffee,1,720,720.0,0.0,0,0,0,closed,qr,1386.0,0.05,Cbf1fa8f7c6
ORD001998,2026-05-15 17:41:29,S01,Ayesha,T7,dine_in,FLW,Flat White,Coffee,1,600,600.0,0.0,0,0,0,closed,qr,1386.0,0.05,Cbf1fa8f7c6
ORD001999,2026-05-15 17:17:42,S08,Mahnoor,T13,dine_in,HOT,Hot Chocolate,Coffee,1,560,560.0,0.0,0,0,0,closed,cash,644.0,0.15,
ORD002000,2026-05-15 22:27:01,S08,Mahnoor,T11,dine_in,CKE,Slice of Cake,Bakery,1,780,780.0,0.0,0,0,0,closed,qr,976.0,0.05,C280fc1bab1
ORD002000,2026-05-15 22:27:01,S08,Mahnoor,T11,dine_in,WTR,Bottled Water,Other,1,150,150.0,0.0,0,0,0,closed,qr,976.0,0.05,C280fc1bab1
ORD002001,2026-05-15 11:54:59,S08,Mahnoor,,takeaway,FLW,Flat White,Coffee,1,600,600.0,0.0,0,0,0,closed,cash,1242.0,0.15,
ORD002001,2026-05-15 11:54:59,S08,Mahnoor,,takeaway,AMR,Americano,Coffee,1,480,480.0,0.0,0,0,0,closed,cash,1242.0,0.15,
ORD002002,2026-05-15 12:34:07,S03,Bilal,,takeaway,IMP,Imported Soda,Other,1,480,480.0,0.0,0,0,0,closed,cash,552.0,0.15,
ORD002003,2026-05-15 19:41:35,S05,Usman,T8,dine_in,AVT,Avocado Toast,Food,1,1450,1305.0,145.0,0,0,0,closed,cash,2145.0,0.15,
ORD002003,2026-05-15 19:41:35,S05,Usman,T8,dine_in,CAP,Cappuccino,Coffee,1,560,560.0,0.0,0,0,0,closed,cash,2145.0,0.15,
ORD002004,2026-05-15 10:51:31,S02,Hamza,T14,dine_in,PNC,Pain au Chocolat,Bakery,1,600,600.0,0.0,0,0,0,closed,qr,630.0,0.05,C82d89424d0
ORD002005,2026-05-15 11:02:20,S07,Daniyal,T17,dine_in,LAT,Cafe Latte,Coffee,1,580,580.0,0.0,0,0,0,closed,wallet,609.0,0.05,C6c18a51d9a
ORD002006,2026-05-15 09:49:35,S08,Mahnoor,T17,dine_in,SAN,Chicken Sandwich,Food,1,1350,1350.0,0.0,0,0,0,closed,card,1418.0,0.05,Cadc987ad2c
ORD002007,2026-05-15 14:51:08,S03,Bilal,T3,dine_in,PAS,Pasta,Food,1,1650,1650.0,0.0,0,0,0,closed,cash,1897.0,0.15,
ORD002008,2026-05-15 20:23:53,S01,Ayesha,T16,dine_in,SAN,Chicken Sandwich,Food,1,1350,1350.0,0.0,0,0,0,closed,cash,1552.0,0.15,
ORD002009,2026-05-15 12:41:20,S04,Sara,T17,dine_in,FLW,Flat White,Coffee,1,600,600.0,0.0,0,0,0,closed,qr,630.0,0.05,C280fc1bab1
ORD002010,2026-05-15 09:32:02,S04,Sara,T12,dine_in,PAS,Pasta,Food,1,1650,1650.0,0.0,0,0,0,closed,cash,1897.0,0.15,
ORD002011,2026-05-15 20:00:51,S06,Zainab,T13,dine_in,HOT,Hot Chocolate,Coffee,1,560,560.0,0.0,0,0,0,closed,cash,2082.0,0.15,
ORD002011,2026-05-15 20:00:51,S06,Zainab,T13,dine_in,SAL,Garden Salad,Food,1,1250,1250.0,0.0,0,0,0,closed,cash,2082.0,0.15,
ORD002012,2026-05-15 15:39:12,S06,Zainab,T5,dine_in,BFP,Big Breakfast,Food,2,1850,3700.0,0.0,0,0,0,closed,card,4557.0,0.05,Cf2f52e5fec
ORD002012,2026-05-15 15:39:12,S06,Zainab,T5,dine_in,ICL,Iced Latte,Coffee,1,640,640.0,0.0,0,0,0,closed,card,4557.0,0.05,Cf2f52e5fec
ORD002013,2026-05-15 18:23:28,S06,Zainab,T10,dine_in,FLW,Flat White,Coffee,1,600,600.0,0.0,0,0,0,closed,wallet,630.0,0.05,C53373f0550
ORD002014,2026-05-15 11:41:05,S07,Daniyal,T6,dine_in,PAS,Pasta,Food,1,1650,1650.0,0.0,0,0,0,closed,cash,2760.0,0.15,
ORD002014,2026-05-15 11:41:05,S07,Daniyal,T6,dine_in,FLW,Flat White,Coffee,1,600,600.0,0.0,0,0,0,closed,cash,2760.0,0.15,
ORD002014,2026-05-15 11:41:05,S07,Daniyal,T6,dine_in,WTR,Bottled Water,Other,1,150,150.0,0.0,0,0,0,closed,cash,2760.0,0.15,
ORD002015,2026-05-15 10:53:55,S02,Hamza,,takeaway,SAL,Garden Salad,Food,2,1250,2500.0,0.0,0,0,0,closed,card,2625.0,0.05,C49e1d6c4d1
ORD002016,2026-05-15 07:46:42,S01,Ayesha,T8,dine_in,HOT,Hot Chocolate,Coffee,1,560,560.0,0.0,0,0,0,closed,qr,588.0,0.05,Ccb8af0dea2
ORD002017,2026-05-15 09:40:48,S02,Hamza,,takeaway,ICL,Iced Latte,Coffee,1,640,640.0,0.0,0,0,0,closed,card,1354.0,0.05,Cdf99103aeb
ORD002017,2026-05-15 09:40:48,S02,Hamza,,takeaway,MOC,Mocha,Coffee,1,650,650.0,0.0,0,0,0,closed,card,1354.0,0.05,Cdf99103aeb
ORD002018,2026-05-15 19:17:07,S04,Sara,T7,dine_in,CAP,Cappuccino,Coffee,1,560,560.0,0.0,0,0,0,closed,cash,1334.0,0.15,
ORD002018,2026-05-15 19:17:07,S04,Sara,T7,dine_in,FLW,Flat White,Coffee,1,600,600.0,0.0,0,0,0,closed,cash,1334.0,0.15,
ORD002019,2026-05-15 15:41:39,S02,Hamza,,takeaway,CKE,Slice of Cake,Bakery,1,780,780.0,0.0,0,0,0,closed,cash,1541.0,0.15,
ORD002019,2026-05-15 15:41:39,S02,Hamza,,takeaway,CAP,Cappuccino,Coffee,1,560,560.0,0.0,0,0,0,closed,cash,1541.0,0.15,
ORD002020,2026-05-15 09:10:36,S05,Usman,T10,dine_in,ICL,Iced Latte,Coffee,1,640,640.0,0.0,0,0,0,closed,card,672.0,0.05,C1771e35d2c
ORD002021,2026-05-15 16:07:18,S03,Bilal,T5,dine_in,ESP,Espresso,Coffee,1,420,420.0,0.0,0,0,0,closed,card,1155.0,0.05,Cadc987ad2c
ORD002021,2026-05-15 16:07:18,S03,Bilal,T5,dine_in,CLB,Cold Brew,Coffee,1,680,680.0,0.0,0,0,0,closed,card,1155.0,0.05,Cadc987ad2c
ORD002022,2026-05-15 16:32:33,S07,Daniyal,T10,dine_in,LAT,Cafe Latte,Coffee,1,580,580.0,0.0,0,0,0,closed,cash,667.0,0.15,
ORD002023,2026-05-15 13:20:38,S02,Hamza,,takeaway,WTR,Bottled Water,Other,1,150,150.0,0.0,0,0,0,closed,card,315.0,0.05,Cf75f1d84fe
ORD002023,2026-05-15 13:20:38,S02,Hamza,,takeaway,WTR,Bottled Water,Other,1,150,150.0,0.0,0,0,0,closed,card,315.0,0.05,Cf75f1d84fe
ORD002024,2026-05-15 09:56:08,S04,Sara,T13,dine_in,LAT,Cafe Latte,Coffee,1,580,580.0,0.0,0,0,0,closed,wallet,1827.0,0.05,Cadc987ad2c
ORD002024,2026-05-15 09:56:08,S04,Sara,T13,dine_in,LAT,Cafe Latte,Coffee,1,580,580.0,0.0,0,0,0,closed,wallet,1827.0,0.05,Cadc987ad2c
ORD002024,2026-05-15 09:56:08,S04,Sara,T13,dine_in,LAT,Cafe Latte,Coffee,1,580,580.0,0.0,0,0,0,closed,wallet,1827.0,0.05,Cadc987ad2c
ORD002025,2026-05-15 08:49:10,S01,Ayesha,,takeaway,CAP,Cappuccino,Coffee,1,560,476.0,84.0,0,0,0,closed,card,1970.0,0.05,C414bfde76f
ORD002025,2026-05-15 08:49:10,S01,Ayesha,,takeaway,MAT,Matcha Latte,Coffee,1,720,720.0,0.0,0,0,0,closed,card,1970.0,0.05,C414bfde76f
ORD002025,2026-05-15 08:49:10,S01,Ayesha,,takeaway,CLB,Cold Brew,Coffee,1,680,680.0,0.0,0,0,0,closed,card,1970.0,0.05,C414bfde76f
ORD002026,2026-05-15 16:31:40,S07,Daniyal,,takeaway,PAS,Pasta,Food,2,1650,3300.0,0.0,0,0,0,closed,qr,4137.0,0.05,C27c059f294
ORD002026,2026-05-15 16:31:40,S07,Daniyal,,takeaway,ICL,Iced Latte,Coffee,1,640,640.0,0.0,0,0,0,closed,qr,4137.0,0.05,C27c059f294
ORD002027,2026-05-15 08:44:02,S06,Zainab,,takeaway,CKE,Slice of Cake,Bakery,1,780,780.0,0.0,0,0,0,closed,card,1491.0,0.05,C383e47d64d
ORD002027,2026-05-15 08:44:02,S06,Zainab,,takeaway,ICL,Iced Latte,Coffee,1,640,640.0,0.0,0,0,0,closed,card,1491.0,0.05,C383e47d64d
ORD002028,2026-05-15 11:27:47,S04,Sara,T16,dine_in,CKE,Slice of Cake,Bakery,1,780,780.0,0.0,0,0,0,closed,qr,2184.0,0.05,Cbcf52aba85
ORD002028,2026-05-15 11:27:47,S04,Sara,T16,dine_in,LAT,Cafe Latte,Coffee,1,580,580.0,0.0,0,0,0,closed,qr,2184.0,0.05,Cbcf52aba85
ORD002028,2026-05-15 11:27:47,S04,Sara,T16,dine_in,MAT,Matcha Latte,Coffee,1,720,720.0,0.0,0,0,0,closed,qr,2184.0,0.05,Cbcf52aba85
ORD002029,2026-05-15 21:49:53,S08,Mahnoor,T14,dine_in,SAL,Garden Salad,Food,1,1250,1250.0,0.0,0,0,0,closed,cash,2794.0,0.15,
ORD002029,2026-05-15 21:49:53,S08,Mahnoor,T14,dine_in,LAT,Cafe Latte,Coffee,1,580,580.0,0.0,0,0,0,closed,cash,2794.0,0.15,
ORD002029,2026-05-15 21:49:53,S08,Mahnoor,T14,dine_in,PNC,Pain au Chocolat,Bakery,1,600,600.0,0.0,0,0,0,closed,cash,2794.0,0.15,
ORD002030,2026-05-16 18:43:05,S04,Sara,T10,dine_in,BFP,Big Breakfast,Food,2,1850,0.0,0.0,0,0,1,closed,cash,0.0,0.15,
ORD002031,2026-05-16 11:46:35,S05,Usman,T13,dine_in,CKE,Slice of Cake,Bakery,1,780,780.0,0.0,0,0,0,closed,card,819.0,0.05,C0b90585403
ORD002032,2026-05-16 22:58:37,S06,Zainab,T9,dine_in,CAP,Cappuccino,Coffee,1,560,560.0,0.0,0,0,0,closed,cash,644.0,0.15,
ORD002033,2026-05-16 08:45:02,S06,Zainab,T12,dine_in,FLW,Flat White,Coffee,1,600,600.0,0.0,0,0,0,closed,card,1942.0,0.05,C82d89424d0
ORD002033,2026-05-16 08:45:02,S06,Zainab,T12,dine_in,SAL,Garden Salad,Food,1,1250,1250.0,0.0,0,0,0,closed,card,1942.0,0.05,C82d89424d0
ORD002034,2026-05-16 20:14:25,S06,Zainab,,takeaway,AMR,Americano,Coffee,1,480,480.0,0.0,0,0,0,closed,card,504.0,0.05,Cd26a61f3d8
ORD002035,2026-05-16 09:08:26,S08,Mahnoor,,takeaway,LAT,Cafe Latte,Coffee,1,580,580.0,0.0,0,0,0,closed,wallet,1743.0,0.05,Ca77d93ef85
ORD002035,2026-05-16 09:08:26,S08,Mahnoor,,takeaway,IMP,Imported Soda,Other,1,480,480.0,0.0,0,0,0,closed,wallet,1743.0,0.05,Ca77d93ef85
ORD002035,2026-05-16 09:08:26,S08,Mahnoor,,takeaway,PNC,Pain au Chocolat,Bakery,1,600,600.0,0.0,0,0,0,closed,wallet,1743.0,0.05,Ca77d93ef85
ORD002036,2026-05-16 14:22:55,S05,Usman,,takeaway,IMP,Imported Soda,Other,1,480,480.0,0.0,0,0,0,closed,wallet,1092.0,0.05,C8333ca6f1c
ORD002036,2026-05-16 14:22:55,S05,Usman,,takeaway,CAP,Cappuccino,Coffee,1,560,560.0,0.0,0,0,0,closed,wallet,1092.0,0.05,C8333ca6f1c
ORD002037,2026-05-16 18:04:05,S05,Usman,T7,dine_in,ICL,Iced Latte,Coffee,1,640,640.0,0.0,0,0,0,closed,card,1808.0,0.05,C7c75eed8a4
ORD002037,2026-05-16 18:04:05,S05,Usman,T7,dine_in,CAP,Cappuccino,Coffee,1,560,560.0,0.0,0,0,0,closed,card,1808.0,0.05,C7c75eed8a4
ORD002037,2026-05-16 18:04:05,S05,Usman,T7,dine_in,LAT,Cafe Latte,Coffee,1,580,522.0,58.0,0,0,0,closed,card,1808.0,0.05,C7c75eed8a4
ORD002038,2026-05-16 14:15:45,S07,Daniyal,T12,dine_in,CAP,Cappuccino,Coffee,1,560,560.0,0.0,0,0,0,closed,cash,1923.0,0.15,
ORD002038,2026-05-16 14:15:45,S07,Daniyal,T12,dine_in,ICL,Iced Latte,Coffee,1,640,512.0,128.0,0,0,0,closed,cash,1923.0,0.15,
ORD002038,2026-05-16 14:15:45,S07,Daniyal,T12,dine_in,FLW,Flat White,Coffee,1,600,600.0,0.0,0,0,0,closed,cash,1923.0,0.15,
ORD002039,2026-05-16 18:11:48,S02,Hamza,T16,dine_in,IMP,Imported Soda,Other,1,480,480.0,0.0,0,0,0,closed,wallet,1134.0,0.05,C77baafc01c
ORD002039,2026-05-16 18:11:48,S02,Hamza,T16,dine_in,FLW,Flat White,Coffee,1,600,600.0,0.0,0,0,0,closed,wallet,1134.0,0.05,C77baafc01c
ORD002040,2026-05-16 09:04:55,S01,Ayesha,,takeaway,FLW,Flat White,Coffee,1,600,600.0,0.0,0,0,0,closed,card,630.0,0.05,Ccb8af0dea2
ORD002041,2026-05-16 22:36:19,S03,Bilal,T16,dine_in,CKE,Slice of Cake,Bakery,1,780,780.0,0.0,0,0,0,closed,wallet,1365.0,0.05,C20f591dbbc
ORD002041,2026-05-16 22:36:19,S03,Bilal,T16,dine_in,CRO,Butter Croissant,Bakery,1,520,520.0,0.0,0,0,0,closed,wallet,1365.0,0.05,C20f591dbbc
ORD002042,2026-05-16 17:45:33,S08,Mahnoor,,takeaway,CKE2,Cheesecake,Bakery,1,880,880.0,0.0,0,0,0,closed,qr,924.0,0.05,C1ac0d3d9a4
ORD002043,2026-05-16 13:04:08,S04,Sara,T3,dine_in,PNC,Pain au Chocolat,Bakery,1,600,480.0,120.0,0,0,0,closed,cash,2680.0,0.15,
ORD002043,2026-05-16 13:04:08,S04,Sara,T3,dine_in,BFP,Big Breakfast,Food,1,1850,1850.0,0.0,0,0,0,closed,cash,2680.0,0.15,
ORD002044,2026-05-16 13:51:53,S02,Hamza,,takeaway,MAT,Matcha Latte,Coffee,1,720,720.0,0.0,0,0,0,closed,wallet,756.0,0.05,C6398aca019
ORD002045,2026-05-16 15:49:19,S01,Ayesha,T4,dine_in,FLW,Flat White,Coffee,1,600,600.0,0.0,0,0,0,closed,cash,690.0,0.15,
ORD002046,2026-05-16 15:15:42,S07,Daniyal,,takeaway,AVT,Avocado Toast,Food,1,1450,1450.0,0.0,0,0,0,closed,card,2068.0,0.05,C100ae0689f
ORD002046,2026-05-16 15:15:42,S07,Daniyal,,takeaway,CRO,Butter Croissant,Bakery,1,520,520.0,0.0,0,0,0,closed,card,2068.0,0.05,C100ae0689f
ORD002047,2026-05-16 17:08:03,S08,Mahnoor,,takeaway,FLW,Flat White,Coffee,1,600,600.0,0.0,0,0,0,closed,card,1134.0,0.05,C998fad6fa0
ORD002047,2026-05-16 17:08:03,S08,Mahnoor,,takeaway,AMR,Americano,Coffee,1,480,480.0,0.0,0,0,0,closed,card,1134.0,0.05,C998fad6fa0
ORD002048,2026-05-16 07:28:48,S07,Daniyal,T17,dine_in,PAS,Pasta,Food,2,1650,3300.0,0.0,0,0,0,closed,wallet,4095.0,0.05,C74caaa80b4
ORD002048,2026-05-16 07:28:48,S07,Daniyal,T17,dine_in,PNC,Pain au Chocolat,Bakery,1,600,600.0,0.0,0,0,0,closed,wallet,4095.0,0.05,C74caaa80b4
ORD002049,2026-05-16 07:59:17,S01,Ayesha,,takeaway,WTR,Bottled Water,Other,1,150,150.0,0.0,0,0,0,closed,cash,2279.0,0.15,
ORD002049,2026-05-16 07:59:17,S01,Ayesha,,takeaway,AVT,Avocado Toast,Food,1,1450,1232.0,218.0,0,0,0,closed,cash,2279.0,0.15,
ORD002049,2026-05-16 07:59:17,S01,Ayesha,,takeaway,FLW,Flat White,Coffee,1,600,600.0,0.0,0,0,0,closed,cash,2279.0,0.15,
ORD002050,2026-05-16 11:33:26,S05,Usman,,takeaway,BFP,Big Breakfast,Food,2,1850,3145.0,555.0,0,0,0,closed,card,3302.0,0.05,Cdf0bd6d485
ORD002051,2026-05-16 07:07:32,S08,Mahnoor,T1,dine_in,CKE,Slice of Cake,Bakery,1,780,780.0,0.0,0,0,0,closed,card,1449.0,0.05,C998fad6fa0
ORD002051,2026-05-16 07:07:32,S08,Mahnoor,T1,dine_in,PNC,Pain au Chocolat,Bakery,1,600,600.0,0.0,0,0,0,closed,card,1449.0,0.05,C998fad6fa0
ORD002052,2026-05-16 20:42:57,S05,Usman,T2,dine_in,IMP,Imported Soda,Other,1,480,480.0,0.0,0,0,0,closed,wallet,504.0,0.05,C7c75e72d34
ORD002053,2026-05-16 18:16:25,S03,Bilal,T1,dine_in,CKE,Slice of Cake,Bakery,1,780,780.0,0.0,0,0,0,closed,card,1919.0,0.05,Ca4c85907e3
ORD002053,2026-05-16 18:16:25,S03,Bilal,T1,dine_in,AMR,Americano,Coffee,1,480,408.0,72.0,0,0,0,closed,card,1919.0,0.05,Ca4c85907e3
ORD002053,2026-05-16 18:16:25,S03,Bilal,T1,dine_in,ICL,Iced Latte,Coffee,1,640,640.0,0.0,0,0,0,closed,card,1919.0,0.05,Ca4c85907e3
ORD002054,2026-05-16 09:38:05,S08,Mahnoor,T8,dine_in,CKE2,Cheesecake,Bakery,1,880,880.0,0.0,0,0,0,closed,card,924.0,0.05,Cb382a09d4b
ORD002055,2026-05-16 11:52:50,S06,Zainab,T5,dine_in,CAP,Cappuccino,Coffee,1,560,560.0,0.0,0,0,0,closed,card,588.0,0.05,C63dd2126bc
ORD002056,2026-05-16 07:40:08,S01,Ayesha,T16,dine_in,AMR,Americano,Coffee,1,480,480.0,0.0,0,0,0,closed,card,945.0,0.05,Cbd04c088b9
ORD002056,2026-05-16 07:40:08,S01,Ayesha,T16,dine_in,ESP,Espresso,Coffee,1,420,420.0,0.0,0,0,0,closed,card,945.0,0.05,Cbd04c088b9
ORD002057,2026-05-16 20:41:15,S06,Zainab,,takeaway,CLB,Cold Brew,Coffee,1,680,680.0,0.0,0,0,0,closed,cash,782.0,0.15,
ORD002058,2026-05-16 13:36:45,S05,Usman,T5,dine_in,SAN,Chicken Sandwich,Food,1,1350,1350.0,0.0,0,0,0,closed,cash,1552.0,0.15,
ORD002059,2026-05-16 11:25:33,S03,Bilal,,takeaway,BFP,Big Breakfast,Food,2,1850,3700.0,0.0,0,0,0,closed,cash,4945.0,0.15,C6b051e9554
ORD002059,2026-05-16 11:25:33,S03,Bilal,,takeaway,PNC,Pain au Chocolat,Bakery,1,600,600.0,0.0,0,0,0,closed,cash,4945.0,0.15,C6b051e9554
ORD002060,2026-05-16 16:13:42,S06,Zainab,,takeaway,BFP,Big Breakfast,Food,1,1850,1850.0,0.0,0,0,0,closed,card,1942.0,0.05,Cf7a6863213
ORD002061,2026-05-16 16:52:28,S04,Sara,T10,dine_in,ICL,Iced Latte,Coffee,1,640,640.0,0.0,0,0,0,closed,qr,1344.0,0.05,C49e1d6c4d1
ORD002061,2026-05-16 16:52:28,S04,Sara,T10,dine_in,ICL,Iced Latte,Coffee,1,640,640.0,0.0,0,0,0,closed,qr,1344.0,0.05,C49e1d6c4d1
ORD002062,2026-05-16 12:51:03,S01,Ayesha,T13,dine_in,MOC,Mocha,Coffee,1,650,650.0,0.0,0,0,0,closed,cash,2220.0,0.15,
ORD002062,2026-05-16 12:51:03,S01,Ayesha,T13,dine_in,MAT,Matcha Latte,Coffee,1,720,720.0,0.0,0,0,0,closed,cash,2220.0,0.15,
ORD002062,2026-05-16 12:51:03,S01,Ayesha,T13,dine_in,CAP,Cappuccino,Coffee,1,560,560.0,0.0,0,0,0,closed,cash,2220.0,0.15,
ORD002063,2026-05-16 22:41:51,S07,Daniyal,T4,dine_in,ICL,Iced Latte,Coffee,1,640,640.0,0.0,0,0,0,closed,card,672.0,0.05,C6b051e9554
ORD002064,2026-05-16 20:02:05,S07,Daniyal,T8,dine_in,CLB,Cold Brew,Coffee,1,680,680.0,0.0,0,0,0,closed,card,714.0,0.05,C6edd6d8816
ORD002065,2026-05-16 21:45:30,S05,Usman,T13,dine_in,BFP,Big Breakfast,Food,1,1850,1850.0,0.0,0,0,0,closed,wallet,1942.0,0.05,C6dfb2713f9
ORD002066,2026-05-16 19:17:09,S08,Mahnoor,T12,dine_in,SAN,Chicken Sandwich,Food,1,1350,1350.0,0.0,0,0,0,closed,card,1418.0,0.05,Cb72c31c2c6
ORD002067,2026-05-16 22:38:44,S06,Zainab,,takeaway,CAP,Cappuccino,Coffee,1,560,560.0,0.0,0,0,0,closed,cash,644.0,0.15,
ORD002068,2026-05-16 19:43:46,S03,Bilal,T4,dine_in,ESP,Espresso,Coffee,1,420,420.0,0.0,0,0,0,closed,cash,483.0,0.15,Ccdae6010f7
ORD002069,2026-05-16 18:30:24,S02,Hamza,T9,dine_in,AMR,Americano,Coffee,1,480,480.0,0.0,0,0,0,closed,cash,552.0,0.15,
ORD002070,2026-05-16 08:35:24,S04,Sara,T4,dine_in,BFP,Big Breakfast,Food,1,1850,1480.0,370.0,0,0,0,closed,qr,2310.0,0.05,C77ae45bf0e
ORD002070,2026-05-16 08:35:24,S04,Sara,T4,dine_in,MAT,Matcha Latte,Coffee,1,720,720.0,0.0,0,0,0,closed,qr,2310.0,0.05,C77ae45bf0e
ORD002071,2026-05-16 16:08:28,S07,Daniyal,T9,dine_in,LAT,Cafe Latte,Coffee,1,580,580.0,0.0,0,0,0,closed,card,2132.0,0.05,Ccc008e38de
ORD002071,2026-05-16 16:08:28,S07,Daniyal,T9,dine_in,AVT,Avocado Toast,Food,1,1450,1450.0,0.0,0,0,0,closed,card,2132.0,0.05,Ccc008e38de
ORD002072,2026-05-16 16:37:11,S02,Hamza,,takeaway,AVT,Avocado Toast,Food,1,1450,1450.0,0.0,0,0,0,closed,cash,1667.0,0.15,Ca376152b0e
ORD002073,2026-05-16 22:56:36,S07,Daniyal,,takeaway,PAS,Pasta,Food,1,1650,1650.0,0.0,0,0,0,closed,qr,1732.0,0.05,C96285ec529
ORD002074,2026-05-16 16:12:04,S08,Mahnoor,T12,dine_in,CLB,Cold Brew,Coffee,1,680,680.0,0.0,0,0,0,closed,card,714.0,0.05,Cc07b88420a
ORD002075,2026-05-16 14:56:17,S02,Hamza,,takeaway,CLB,Cold Brew,Coffee,1,680,680.0,0.0,0,0,0,closed,cash,2220.0,0.15,Cab399c7739
ORD002075,2026-05-16 14:56:17,S02,Hamza,,takeaway,SAL,Garden Salad,Food,1,1250,1250.0,0.0,0,0,0,closed,cash,2220.0,0.15,Cab399c7739
ORD002076,2026-05-16 15:09:11,S01,Ayesha,T16,dine_in,CRO,Butter Croissant,Bakery,1,520,520.0,0.0,0,0,0,closed,card,546.0,0.05,C47c5e28c85
ORD002077,2026-05-16 16:44:20,S07,Daniyal,,takeaway,CRO,Butter Croissant,Bakery,1,520,520.0,0.0,0,0,0,closed,card,546.0,0.05,C482e4b19c6
ORD002078,2026-05-16 21:29:23,S08,Mahnoor,,takeaway,MAT,Matcha Latte,Coffee,1,720,720.0,0.0,0,0,0,closed,card,1512.0,0.05,Ca376152b0e
ORD002078,2026-05-16 21:29:23,S08,Mahnoor,,takeaway,MAT,Matcha Latte,Coffee,1,720,720.0,0.0,0,0,0,closed,card,1512.0,0.05,Ca376152b0e
ORD002079,2026-05-16 09:07:14,S01,Ayesha,T17,dine_in,ICL,Iced Latte,Coffee,1,640,640.0,0.0,0,0,0,closed,cash,4071.0,0.15,
ORD002079,2026-05-16 09:07:14,S01,Ayesha,T17,dine_in,AVT,Avocado Toast,Food,2,1450,2900.0,0.0,0,0,0,closed,cash,4071.0,0.15,
ORD002080,2026-05-16 12:39:53,S08,Mahnoor,T8,dine_in,CAP,Cappuccino,Coffee,1,560,560.0,0.0,0,0,0,closed,cash,1288.0,0.15,
ORD002080,2026-05-16 12:39:53,S08,Mahnoor,T8,dine_in,CAP,Cappuccino,Coffee,1,560,560.0,0.0,0,0,0,closed,cash,1288.0,0.15,
ORD002081,2026-05-16 11:41:35,S05,Usman,,takeaway,MOC,Mocha,Coffee,1,650,650.0,0.0,0,0,0,closed,card,682.0,0.05,C280fc1bab1
ORD002082,2026-05-16 09:38:55,S04,Sara,,takeaway,IMP,Imported Soda,Other,1,480,480.0,0.0,0,0,0,closed,qr,2026.0,0.05,C5d90c0fdc3
ORD002082,2026-05-16 09:38:55,S04,Sara,,takeaway,AVT,Avocado Toast,Food,1,1450,1450.0,0.0,0,0,0,closed,qr,2026.0,0.05,C5d90c0fdc3
ORD002083,2026-05-16 16:53:55,S06,Zainab,T15,dine_in,MOC,Mocha,Coffee,1,650,650.0,0.0,0,0,0,closed,card,682.0,0.05,C47c5e28c85
ORD002084,2026-05-16 22:05:32,S08,Mahnoor,,takeaway,FLW,Flat White,Coffee,1,600,540.0,60.0,0,0,0,closed,cash,1403.0,0.15,
ORD002084,2026-05-16 22:05:32,S08,Mahnoor,,takeaway,CLB,Cold Brew,Coffee,1,680,680.0,0.0,0,0,0,closed,cash,1403.0,0.15,
ORD002085,2026-05-16 18:59:57,S05,Usman,,takeaway,ESP,Espresso,Coffee,1,420,336.0,84.0,0,0,0,closed,qr,353.0,0.05,Ca376152b0e
ORD002086,2026-05-16 10:23:25,S03,Bilal,,takeaway,SAN,Chicken Sandwich,Food,2,1350,2700.0,0.0,0,0,0,closed,wallet,4358.0,0.05,C78fa6d7956
ORD002086,2026-05-16 10:23:25,S03,Bilal,,takeaway,AVT,Avocado Toast,Food,1,1450,1450.0,0.0,0,0,0,closed,wallet,4358.0,0.05,C78fa6d7956
ORD002087,2026-05-16 10:57:30,S03,Bilal,,takeaway,FLW,Flat White,Coffee,1,600,600.0,0.0,0,0,0,closed,card,1260.0,0.05,Cf4895fd9dd
ORD002087,2026-05-16 10:57:30,S03,Bilal,,takeaway,PNC,Pain au Chocolat,Bakery,1,600,600.0,0.0,0,0,0,closed,card,1260.0,0.05,Cf4895fd9dd
ORD002088,2026-05-16 12:24:01,S01,Ayesha,T1,dine_in,LAT,Cafe Latte,Coffee,1,580,522.0,58.0,0,0,0,closed,wallet,1178.0,0.05,C96285ec529
ORD002088,2026-05-16 12:24:01,S01,Ayesha,T1,dine_in,PNC,Pain au Chocolat,Bakery,1,600,600.0,0.0,0,0,0,closed,wallet,1178.0,0.05,C96285ec529
ORD002089,2026-05-16 20:21:41,S04,Sara,T17,dine_in,PAS,Pasta,Food,1,1650,1650.0,0.0,0,0,0,closed,card,1732.0,0.05,C86cb5fa9d6
ORD002090,2026-05-16 17:47:31,S01,Ayesha,T1,dine_in,FLW,Flat White,Coffee,1,600,600.0,0.0,0,0,0,closed,cash,690.0,0.15,
ORD002091,2026-05-16 09:46:37,S02,Hamza,,takeaway,FLW,Flat White,Coffee,1,600,600.0,0.0,0,0,0,closed,cash,2220.0,0.15,
ORD002091,2026-05-16 09:46:37,S02,Hamza,,takeaway,MOC,Mocha,Coffee,1,650,650.0,0.0,0,0,0,closed,cash,2220.0,0.15,
ORD002091,2026-05-16 09:46:37,S02,Hamza,,takeaway,CLB,Cold Brew,Coffee,1,680,680.0,0.0,0,0,0,closed,cash,2220.0,0.15,
ORD002092,2026-05-16 20:51:19,S01,Ayesha,,takeaway,CAP,Cappuccino,Coffee,1,560,560.0,0.0,0,0,0,closed,card,588.0,0.05,C48db1936bb
ORD002093,2026-05-16 12:10:31,S06,Zainab,,takeaway,CRO,Butter Croissant,Bakery,1,520,520.0,0.0,0,0,0,closed,cash,1334.0,0.15,
ORD002093,2026-05-16 12:10:31,S06,Zainab,,takeaway,ICL,Iced Latte,Coffee,1,640,640.0,0.0,0,0,0,closed,cash,1334.0,0.15,
ORD002094,2026-05-16 08:36:55,S03,Bilal,T1,dine_in,WTR,Bottled Water,Other,1,150,0.0,0.0,0,0,1,closed,card,0.0,0.05,C28d4f091fc
ORD002095,2026-05-16 19:59:49,S06,Zainab,T16,dine_in,CKE2,Cheesecake,Bakery,1,880,880.0,0.0,0,0,0,closed,card,924.0,0.05,C6b4d843906
ORD002096,2026-05-16 10:35:37,S04,Sara,T4,dine_in,CLB,Cold Brew,Coffee,1,680,680.0,0.0,0,0,0,closed,cash,782.0,0.15,
ORD002097,2026-05-16 22:59:23,S08,Mahnoor,,takeaway,MOC,Mocha,Coffee,1,650,650.0,0.0,0,0,0,closed,cash,747.0,0.15,
ORD002098,2026-05-16 19:54:41,S03,Bilal,T10,dine_in,MOC,Mocha,Coffee,1,650,650.0,0.0,0,0,0,closed,card,682.0,0.05,Cb616ef25f5
ORD002099,2026-05-16 16:35:32,S08,Mahnoor,,takeaway,CAP,Cappuccino,Coffee,1,560,560.0,0.0,0,0,0,closed,cash,644.0,0.15,
ORD002100,2026-05-16 20:56:38,S03,Bilal,T18,dine_in,CLB,Cold Brew,Coffee,1,680,578.0,102.0,0,0,0,closed,cash,1562.0,0.15,
ORD002100,2026-05-16 20:56:38,S03,Bilal,T18,dine_in,CKE,Slice of Cake,Bakery,1,780,780.0,0.0,0,0,0,closed,cash,1562.0,0.15,
ORD002101,2026-05-16 08:51:55,S02,Hamza,T2,dine_in,BFP,Big Breakfast,Food,2,1850,3700.0,0.0,0,0,0,closed,card,6436.0,0.05,C6694a28353
ORD002101,2026-05-16 08:51:55,S02,Hamza,T2,dine_in,LAT,Cafe Latte,Coffee,1,580,580.0,0.0,0,0,0,closed,card,6436.0,0.05,C6694a28353
ORD002101,2026-05-16 08:51:55,S02,Hamza,T2,dine_in,BFP,Big Breakfast,Food,1,1850,1850.0,0.0,0,0,0,closed,card,6436.0,0.05,C6694a28353
ORD002102,2026-05-16 09:22:09,S07,Daniyal,T3,dine_in,FLW,Flat White,Coffee,1,600,600.0,0.0,0,0,0,closed,card,2205.0,0.05,C998fad6fa0
ORD002102,2026-05-16 09:22:09,S07,Daniyal,T3,dine_in,CKE,Slice of Cake,Bakery,1,780,780.0,0.0,0,0,0,closed,card,2205.0,0.05,C998fad6fa0
ORD002102,2026-05-16 09:22:09,S07,Daniyal,T3,dine_in,MAT,Matcha Latte,Coffee,1,720,720.0,0.0,0,0,0,closed,card,2205.0,0.05,C998fad6fa0
ORD002103,2026-05-16 12:27:58,S07,Daniyal,,takeaway,HOT,Hot Chocolate,Coffee,1,560,560.0,0.0,0,0,0,closed,card,1407.0,0.05,Ca90966ae34
ORD002103,2026-05-16 12:27:58,S07,Daniyal,,takeaway,CKE,Slice of Cake,Bakery,1,780,780.0,0.0,0,0,0,closed,card,1407.0,0.05,Ca90966ae34
ORD002104,2026-05-16 22:57:02,S02,Hamza,T4,dine_in,SAN,Chicken Sandwich,Food,2,1350,2700.0,0.0,0,0,0,closed,wallet,2835.0,0.05,C27408e99b0
ORD002105,2026-05-16 08:25:51,S05,Usman,T17,dine_in,ICL,Iced Latte,Coffee,1,640,640.0,0.0,0,0,0,closed,wallet,1260.0,0.05,Cf443f0ac55
ORD002105,2026-05-16 08:25:51,S05,Usman,T17,dine_in,CLB,Cold Brew,Coffee,1,680,0.0,0.0,0,0,1,closed,wallet,1260.0,0.05,Cf443f0ac55
ORD002105,2026-05-16 08:25:51,S05,Usman,T17,dine_in,HOT,Hot Chocolate,Coffee,1,560,560.0,0.0,0,0,0,closed,wallet,1260.0,0.05,Cf443f0ac55
ORD002106,2026-05-16 17:43:50,S06,Zainab,,takeaway,IMP,Imported Soda,Other,1,480,480.0,0.0,0,0,0,closed,wallet,504.0,0.05,C069af065e0
ORD002107,2026-05-16 19:40:04,S01,Ayesha,,takeaway,FLW,Flat White,Coffee,1,600,600.0,0.0,0,0,0,closed,wallet,630.0,0.05,C2391ef9386
ORD002108,2026-05-16 07:25:21,S07,Daniyal,T8,dine_in,MAT,Matcha Latte,Coffee,1,720,720.0,0.0,0,0,0,closed,cash,828.0,0.15,
ORD002109,2026-05-16 13:34:05,S05,Usman,T2,dine_in,CRO,Butter Croissant,Bakery,1,520,520.0,0.0,0,0,0,closed,cash,2116.0,0.15,
ORD002109,2026-05-16 13:34:05,S05,Usman,T2,dine_in,MAT,Matcha Latte,Coffee,1,720,720.0,0.0,0,0,0,closed,cash,2116.0,0.15,
ORD002109,2026-05-16 13:34:05,S05,Usman,T2,dine_in,FLW,Flat White,Coffee,1,600,600.0,0.0,0,0,0,closed,cash,2116.0,0.15,
ORD002110,2026-05-16 08:47:55,S04,Sara,,takeaway,PAS,Pasta,Food,1,1650,1650.0,0.0,0,0,0,closed,cash,2496.0,0.15,
ORD002110,2026-05-16 08:47:55,S04,Sara,,takeaway,CRO,Butter Croissant,Bakery,1,520,520.0,0.0,0,0,0,closed,cash,2496.0,0.15,
ORD002111,2026-05-16 10:06:42,S03,Bilal,T11,dine_in,ICL,Iced Latte,Coffee,1,640,640.0,0.0,0,0,0,closed,cash,1426.0,0.15,C2145a16ba7
ORD002111,2026-05-16 10:06:42,S03,Bilal,T11,dine_in,PNC,Pain au Chocolat,Bakery,1,600,600.0,0.0,0,0,0,closed,cash,1426.0,0.15,C2145a16ba7
ORD002112,2026-05-16 11:21:20,S05,Usman,T4,dine_in,CLB,Cold Brew,Coffee,1,680,680.0,0.0,0,0,0,closed,card,2861.0,0.05,Ce160fde50d
ORD002112,2026-05-16 11:21:20,S05,Usman,T4,dine_in,CAP,Cappuccino,Coffee,1,560,560.0,0.0,0,0,0,closed,card,2861.0,0.05,Ce160fde50d
ORD002112,2026-05-16 11:21:20,S05,Usman,T4,dine_in,PAS,Pasta,Food,1,1650,1485.0,165.0,0,0,0,closed,card,2861.0,0.05,Ce160fde50d
ORD002113,2026-05-16 21:13:56,S05,Usman,,takeaway,ICL,Iced Latte,Coffee,1,640,640.0,0.0,0,0,0,closed,card,672.0,0.05,Cd923cf20c8
ORD002114,2026-05-16 18:57:18,S08,Mahnoor,T7,dine_in,CAP,Cappuccino,Coffee,1,560,560.0,0.0,0,0,0,closed,cash,644.0,0.15,
ORD002115,2026-05-16 21:09:28,S06,Zainab,T12,dine_in,BFP,Big Breakfast,Food,1,1850,1850.0,0.0,0,0,0,closed,card,3370.0,0.05,Cd0bca36078
ORD002115,2026-05-16 21:09:28,S06,Zainab,T12,dine_in,AMR,Americano,Coffee,1,480,480.0,0.0,0,0,0,closed,card,3370.0,0.05,Cd0bca36078
ORD002115,2026-05-16 21:09:28,S06,Zainab,T12,dine_in,CKE2,Cheesecake,Bakery,1,880,880.0,0.0,0,0,0,closed,card,3370.0,0.05,Cd0bca36078
ORD002116,2026-05-16 19:12:25,S05,Usman,,takeaway,CAP,Cappuccino,Coffee,1,560,560.0,0.0,0,0,0,closed,cash,644.0,0.15,
ORD002117,2026-05-16 08:10:44,S01,Ayesha,,takeaway,ICL,Iced Latte,Coffee,1,640,640.0,0.0,0,0,0,closed,cash,736.0,0.15,Ca309d5271a
ORD002118,2026-05-16 20:58:34,S06,Zainab,,takeaway,AVT,Avocado Toast,Food,1,1450,1160.0,290.0,0,0,0,closed,card,1218.0,0.05,C47ab0dca2b
ORD002119,2026-05-16 13:08:21,S07,Daniyal,,takeaway,CLB,Cold Brew,Coffee,1,680,680.0,0.0,0,0,0,closed,cash,782.0,0.15,
ORD002120,2026-05-16 20:41:01,S04,Sara,T14,dine_in,PNC,Pain au Chocolat,Bakery,1,600,600.0,0.0,0,0,0,closed,cash,690.0,0.15,C678022e345
ORD002121,2026-05-16 14:21:18,S07,Daniyal,,takeaway,WTR,Bottled Water,Other,1,150,150.0,0.0,0,0,0,closed,card,158.0,0.05,C96285ec529
ORD002122,2026-05-16 10:25:36,S07,Daniyal,T12,dine_in,AMR,Americano,Coffee,1,480,480.0,0.0,0,0,0,closed,qr,504.0,0.05,C5d90c0fdc3
ORD002123,2026-05-16 08:28:47,S06,Zainab,T13,dine_in,AMR,Americano,Coffee,1,480,480.0,0.0,0,0,0,closed,cash,1196.0,0.15,
ORD002123,2026-05-16 08:28:47,S06,Zainab,T13,dine_in,HOT,Hot Chocolate,Coffee,1,560,560.0,0.0,0,0,0,closed,cash,1196.0,0.15,
ORD002124,2026-05-16 15:53:46,S04,Sara,T5,dine_in,FLW,Flat White,Coffee,1,600,600.0,0.0,0,0,0,closed,card,630.0,0.05,Ca77d93ef85
ORD002125,2026-05-16 15:02:34,S02,Hamza,T16,dine_in,CRO,Butter Croissant,Bakery,1,520,520.0,0.0,0,0,0,closed,card,546.0,0.05,C1cc3378269
ORD002126,2026-05-16 18:38:09,S03,Bilal,T12,dine_in,SAL,Garden Salad,Food,2,1250,0.0,0.0,0,0,1,closed,card,588.0,0.05,Cec806bb66d
ORD002126,2026-05-16 18:38:09,S03,Bilal,T12,dine_in,HOT,Hot Chocolate,Coffee,1,560,560.0,0.0,0,0,0,closed,card,588.0,0.05,Cec806bb66d
ORD002127,2026-05-16 18:38:03,S08,Mahnoor,T7,dine_in,CLB,Cold Brew,Coffee,1,680,578.0,102.0,0,0,0,closed,cash,1562.0,0.15,
ORD002127,2026-05-16 18:38:03,S08,Mahnoor,T7,dine_in,CKE,Slice of Cake,Bakery,1,780,780.0,0.0,0,0,0,closed,cash,1562.0,0.15,
ORD002128,2026-05-16 13:14:27,S01,Ayesha,,takeaway,ICL,Iced Latte,Coffee,1,640,640.0,0.0,0,0,0,closed,cash,736.0,0.15,
ORD002129,2026-05-16 09:21:37,S03,Bilal,T14,dine_in,HOT,Hot Chocolate,Coffee,1,560,560.0,0.0,0,0,0,closed,card,588.0,0.05,Cb616ef25f5
ORD002130,2026-05-16 10:47:52,S03,Bilal,T10,dine_in,BFP,Big Breakfast,Food,2,1850,3700.0,0.0,0,0,0,closed,cash,5497.0,0.15,
ORD002130,2026-05-16 10:47:52,S03,Bilal,T10,dine_in,CRO,Butter Croissant,Bakery,1,520,520.0,0.0,0,0,0,closed,cash,5497.0,0.15,
ORD002130,2026-05-16 10:47:52,S03,Bilal,T10,dine_in,CAP,Cappuccino,Coffee,1,560,560.0,0.0,0,0,0,closed,cash,5497.0,0.15,
ORD002131,2026-05-16 11:22:06,S05,Usman,T13,dine_in,MOC,Mocha,Coffee,1,650,650.0,0.0,0,0,0,closed,card,1354.0,0.05,C0b90585403
ORD002131,2026-05-16 11:22:06,S05,Usman,T13,dine_in,ICL,Iced Latte,Coffee,1,640,640.0,0.0,0,0,0,closed,card,1354.0,0.05,C0b90585403
ORD002132,2026-05-16 14:17:16,S05,Usman,,takeaway,PNC,Pain au Chocolat,Bakery,1,600,600.0,0.0,0,0,0,closed,wallet,1176.0,0.05,C5e03bc8f55
ORD002132,2026-05-16 14:17:16,S05,Usman,,takeaway,CRO,Butter Croissant,Bakery,1,520,520.0,0.0,0,0,0,closed,wallet,1176.0,0.05,C5e03bc8f55
ORD002133,2026-05-16 07:54:35,S04,Sara,,takeaway,CAP,Cappuccino,Coffee,1,560,560.0,0.0,0,0,0,closed,card,588.0,0.05,C84719e966a
ORD002134,2026-05-16 14:41:53,S04,Sara,T16,dine_in,CRO,Butter Croissant,Bakery,1,520,520.0,0.0,0,0,0,closed,cash,4215.0,0.15,
ORD002134,2026-05-16 14:41:53,S04,Sara,T16,dine_in,BFP,Big Breakfast,Food,2,1850,3145.0,555.0,0,0,0,closed,cash,4215.0,0.15,
ORD002135,2026-05-16 11:00:40,S03,Bilal,T4,dine_in,MOC,Mocha,Coffee,1,650,650.0,0.0,0,0,0,closed,cash,747.0,0.15,C593307eaec
ORD002135,2026-05-16 11:00:40,S03,Bilal,T4,dine_in,AVT,Avocado Toast,Food,1,1450,0.0,0.0,1,1,0,partial_void,cash,747.0,0.15,C593307eaec
ORD002136,2026-05-16 10:30:11,S01,Ayesha,,takeaway,IMP,Imported Soda,Other,1,480,480.0,0.0,0,0,0,closed,card,2614.0,0.05,Cf4895fd9dd
ORD002136,2026-05-16 10:30:11,S01,Ayesha,,takeaway,CAP,Cappuccino,Coffee,1,560,560.0,0.0,0,0,0,closed,card,2614.0,0.05,Cf4895fd9dd
ORD002136,2026-05-16 10:30:11,S01,Ayesha,,takeaway,AVT,Avocado Toast,Food,1,1450,1450.0,0.0,0,0,0,closed,card,2614.0,0.05,Cf4895fd9dd
ORD002137,2026-05-16 10:24:55,S06,Zainab,,takeaway,SAN,Chicken Sandwich,Food,1,1350,1350.0,0.0,0,0,0,closed,wallet,2782.0,0.05,C441a4398b0
ORD002137,2026-05-16 10:24:55,S06,Zainab,,takeaway,MAT,Matcha Latte,Coffee,1,720,720.0,0.0,0,0,0,closed,wallet,2782.0,0.05,C441a4398b0
ORD002137,2026-05-16 10:24:55,S06,Zainab,,takeaway,LAT,Cafe Latte,Coffee,1,580,580.0,0.0,0,0,0,closed,wallet,2782.0,0.05,C441a4398b0
ORD002138,2026-05-16 13:03:57,S08,Mahnoor,T16,dine_in,AMR,Americano,Coffee,1,480,480.0,0.0,0,0,0,closed,card,1050.0,0.05,C32c7bad631
ORD002138,2026-05-16 13:03:57,S08,Mahnoor,T16,dine_in,CRO,Butter Croissant,Bakery,1,520,520.0,0.0,0,0,0,closed,card,1050.0,0.05,C32c7bad631
ORD002139,2026-05-16 07:11:53,S04,Sara,T13,dine_in,LAT,Cafe Latte,Coffee,1,580,580.0,0.0,0,0,0,closed,cash,1334.0,0.15,Ca5c0a2cc4b
ORD002139,2026-05-16 07:11:53,S04,Sara,T13,dine_in,LAT,Cafe Latte,Coffee,1,580,580.0,0.0,0,0,0,closed,cash,1334.0,0.15,Ca5c0a2cc4b
ORD002140,2026-05-16 08:41:55,S01,Ayesha,,takeaway,FLW,Flat White,Coffee,1,600,600.0,0.0,0,0,0,closed,card,630.0,0.05,C25fde7e354
ORD002141,2026-05-16 10:31:43,S01,Ayesha,T3,dine_in,CLB,Cold Brew,Coffee,1,680,680.0,0.0,0,0,0,closed,cash,782.0,0.15,
ORD002142,2026-05-16 11:38:00,S03,Bilal,T11,dine_in,CLB,Cold Brew,Coffee,1,680,0.0,68.0,0,0,1,closed,card,609.0,0.05,C17a403a366
ORD002142,2026-05-16 11:38:00,S03,Bilal,T11,dine_in,LAT,Cafe Latte,Coffee,1,580,580.0,0.0,0,0,0,closed,card,609.0,0.05,C17a403a366
ORD002143,2026-05-16 22:13:41,S01,Ayesha,T1,dine_in,AMR,Americano,Coffee,1,480,0.0,0.0,1,1,0,partial_void,cash,690.0,0.15,C768fb97f01
ORD002143,2026-05-16 22:13:41,S01,Ayesha,T1,dine_in,FLW,Flat White,Coffee,1,600,600.0,0.0,0,0,0,partial_void,cash,690.0,0.15,C768fb97f01
ORD002144,2026-05-16 11:14:50,S08,Mahnoor,T14,dine_in,HOT,Hot Chocolate,Coffee,1,560,560.0,0.0,0,0,0,closed,cash,1656.0,0.15,
ORD002144,2026-05-16 11:14:50,S08,Mahnoor,T14,dine_in,CKE2,Cheesecake,Bakery,1,880,880.0,0.0,0,0,0,closed,cash,1656.0,0.15,
ORD002145,2026-05-16 15:20:45,S01,Ayesha,T6,dine_in,CLB,Cold Brew,Coffee,1,680,680.0,0.0,0,0,0,closed,cash,782.0,0.15,
ORD002145,2026-05-16 15:20:45,S01,Ayesha,T6,dine_in,SAL,Garden Salad,Food,1,1250,0.0,0.0,1,1,0,partial_void,cash,782.0,0.15,
ORD002146,2026-05-16 17:52:12,S05,Usman,T7,dine_in,CRO,Butter Croissant,Bakery,1,520,442.0,78.0,0,0,0,closed,wallet,1756.0,0.05,Ccb8af0dea2
ORD002146,2026-05-16 17:52:12,S05,Usman,T7,dine_in,MOC,Mocha,Coffee,1,650,650.0,0.0,0,0,0,closed,wallet,1756.0,0.05,Ccb8af0dea2
ORD002146,2026-05-16 17:52:12,S05,Usman,T7,dine_in,LAT,Cafe Latte,Coffee,1,580,580.0,0.0,0,0,0,closed,wallet,1756.0,0.05,Ccb8af0dea2
ORD002147,2026-05-16 10:17:34,S06,Zainab,,takeaway,IMP,Imported Soda,Other,1,480,480.0,0.0,0,0,0,closed,wallet,1050.0,0.05,Ca619461b77
ORD002147,2026-05-16 10:17:34,S06,Zainab,,takeaway,CRO,Butter Croissant,Bakery,1,520,520.0,0.0,0,0,0,closed,wallet,1050.0,0.05,Ca619461b77
ORD002148,2026-05-16 15:40:19,S02,Hamza,,takeaway,AMR,Americano,Coffee,1,480,480.0,0.0,0,0,0,closed,cash,552.0,0.15,
ORD002149,2026-05-16 09:44:26,S08,Mahnoor,,takeaway,CRO,Butter Croissant,Bakery,1,520,520.0,0.0,0,0,0,closed,cash,1955.0,0.15,
ORD002149,2026-05-16 09:44:26,S08,Mahnoor,,takeaway,FLW,Flat White,Coffee,1,600,600.0,0.0,0,0,0,closed,cash,1955.0,0.15,
ORD002149,2026-05-16 09:44:26,S08,Mahnoor,,takeaway,LAT,Cafe Latte,Coffee,1,580,580.0,0.0,0,0,0,closed,cash,1955.0,0.15,
ORD002150,2026-05-16 20:48:51,S01,Ayesha,T5,dine_in,WTR,Bottled Water,Other,1,150,150.0,0.0,0,0,0,closed,cash,172.0,0.15,
ORD002151,2026-05-16 10:42:08,S06,Zainab,,takeaway,CKE,Slice of Cake,Bakery,1,780,780.0,0.0,0,0,0,closed,cash,1725.0,0.15,Cb8a2f04a6f
ORD002151,2026-05-16 10:42:08,S06,Zainab,,takeaway,MAT,Matcha Latte,Coffee,1,720,720.0,0.0,0,0,0,closed,cash,1725.0,0.15,Cb8a2f04a6f
ORD002152,2026-05-16 11:39:38,S04,Sara,T11,dine_in,CAP,Cappuccino,Coffee,1,560,448.0,112.0,0,0,0,closed,cash,2413.0,0.15,
ORD002152,2026-05-16 11:39:38,S04,Sara,T11,dine_in,PAS,Pasta,Food,1,1650,1650.0,0.0,0,0,0,closed,cash,2413.0,0.15,
ORD002153,2026-05-16 19:34:18,S05,Usman,T15,dine_in,MOC,Mocha,Coffee,1,650,650.0,0.0,0,0,0,closed,card,1312.0,0.05,Ccc008e38de
ORD002153,2026-05-16 19:34:18,S05,Usman,T15,dine_in,PNC,Pain au Chocolat,Bakery,1,600,600.0,0.0,0,0,0,closed,card,1312.0,0.05,Ccc008e38de
ORD002154,2026-05-16 08:30:15,S06,Zainab,,takeaway,IMP,Imported Soda,Other,1,480,480.0,0.0,0,0,0,closed,wallet,1554.0,0.05,C33b4daf2e5
ORD002154,2026-05-16 08:30:15,S06,Zainab,,takeaway,CRO,Butter Croissant,Bakery,1,520,520.0,0.0,0,0,0,closed,wallet,1554.0,0.05,C33b4daf2e5
ORD002154,2026-05-16 08:30:15,S06,Zainab,,takeaway,AMR,Americano,Coffee,1,480,480.0,0.0,0,0,0,closed,wallet,1554.0,0.05,C33b4daf2e5
ORD002155,2026-05-16 09:11:55,S07,Daniyal,T6,dine_in,LAT,Cafe Latte,Coffee,1,580,580.0,0.0,0,0,0,closed,wallet,609.0,0.05,Cfc5da82ed6
ORD002156,2026-05-16 13:07:47,S05,Usman,T10,dine_in,LAT,Cafe Latte,Coffee,1,580,580.0,0.0,0,0,0,closed,qr,609.0,0.05,Ca4c85907e3
ORD002157,2026-05-16 12:10:48,S02,Hamza,,takeaway,AVT,Avocado Toast,Food,1,1450,1450.0,0.0,0,0,0,closed,cash,2415.0,0.15,
ORD002157,2026-05-16 12:10:48,S02,Hamza,,takeaway,MOC,Mocha,Coffee,1,650,650.0,0.0,0,0,0,closed,cash,2415.0,0.15,
ORD002158,2026-05-16 13:11:57,S05,Usman,,takeaway,CAP,Cappuccino,Coffee,1,560,560.0,0.0,0,0,0,closed,card,1911.0,0.05,C7fbe3398f9
ORD002158,2026-05-16 13:11:57,S05,Usman,,takeaway,CLB,Cold Brew,Coffee,1,680,680.0,0.0,0,0,0,closed,card,1911.0,0.05,C7fbe3398f9
ORD002158,2026-05-16 13:11:57,S05,Usman,,takeaway,LAT,Cafe Latte,Coffee,1,580,580.0,0.0,0,0,0,closed,card,1911.0,0.05,C7fbe3398f9
ORD002159,2026-05-16 09:51:07,S05,Usman,T3,dine_in,HOT,Hot Chocolate,Coffee,1,560,560.0,0.0,0,0,0,closed,wallet,588.0,0.05,C49e1d6c4d1
ORD002160,2026-05-17 15:20:47,S04,Sara,,takeaway,WTR,Bottled Water,Other,1,150,150.0,0.0,0,0,0,closed,card,158.0,0.05,C77ae45bf0e
ORD002161,2026-05-17 20:10:19,S04,Sara,,takeaway,ESP,Espresso,Coffee,1,420,420.0,0.0,0,0,0,closed,qr,1155.0,0.05,C006ee82fbf
ORD002161,2026-05-17 20:10:19,S04,Sara,,takeaway,CLB,Cold Brew,Coffee,1,680,680.0,0.0,0,0,0,closed,qr,1155.0,0.05,C006ee82fbf
ORD002162,2026-05-17 10:58:19,S02,Hamza,,takeaway,ICL,Iced Latte,Coffee,1,640,640.0,0.0,0,0,0,closed,card,672.0,0.05,C9aca857687
ORD002163,2026-05-17 07:54:49,S05,Usman,T12,dine_in,CKE2,Cheesecake,Bakery,1,880,0.0,0.0,1,1,0,partial_void,cash,0.0,0.15,Cf6d9d2af48
ORD002164,2026-05-17 10:10:35,S07,Daniyal,,takeaway,CAP,Cappuccino,Coffee,1,560,560.0,0.0,0,0,0,closed,qr,1176.0,0.05,C651e9754b8
ORD002164,2026-05-17 10:10:35,S07,Daniyal,,takeaway,CAP,Cappuccino,Coffee,1,560,560.0,0.0,0,0,0,closed,qr,1176.0,0.05,C651e9754b8
ORD002165,2026-05-17 10:39:25,S07,Daniyal,T15,dine_in,AMR,Americano,Coffee,1,480,480.0,0.0,0,0,0,closed,cash,552.0,0.15,
ORD002166,2026-05-17 10:00:41,S08,Mahnoor,T16,dine_in,AMR,Americano,Coffee,1,480,480.0,0.0,0,0,0,closed,card,1250.0,0.05,C9735e5b446
ORD002166,2026-05-17 10:00:41,S08,Mahnoor,T16,dine_in,WTR,Bottled Water,Other,1,150,150.0,0.0,0,0,0,closed,card,1250.0,0.05,C9735e5b446
ORD002166,2026-05-17 10:00:41,S08,Mahnoor,T16,dine_in,HOT,Hot Chocolate,Coffee,1,560,560.0,0.0,0,0,0,closed,card,1250.0,0.05,C9735e5b446
ORD002167,2026-05-17 12:44:48,S03,Bilal,T1,dine_in,PNC,Pain au Chocolat,Bakery,1,600,600.0,0.0,0,0,0,closed,cash,1288.0,0.15,
ORD002167,2026-05-17 12:44:48,S03,Bilal,T1,dine_in,CRO,Butter Croissant,Bakery,1,520,520.0,0.0,0,0,0,closed,cash,1288.0,0.15,
ORD002168,2026-05-17 09:37:13,S05,Usman,,takeaway,BFP,Big Breakfast,Food,1,1850,1850.0,0.0,0,0,0,closed,cash,2728.0,0.15,
ORD002168,2026-05-17 09:37:13,S05,Usman,,takeaway,LAT,Cafe Latte,Coffee,1,580,522.0,58.0,0,0,0,closed,cash,2728.0,0.15,
ORD002169,2026-05-17 20:27:45,S01,Ayesha,,takeaway,PAS,Pasta,Food,2,1650,3300.0,0.0,0,0,0,closed,cash,4393.0,0.15,
ORD002169,2026-05-17 20:27:45,S01,Ayesha,,takeaway,MOC,Mocha,Coffee,1,650,520.0,130.0,0,0,0,closed,cash,4393.0,0.15,
ORD002170,2026-05-17 20:19:53,S05,Usman,,takeaway,FLW,Flat White,Coffee,1,600,600.0,0.0,0,0,0,closed,cash,690.0,0.15,
ORD002171,2026-05-17 18:20:25,S06,Zainab,T6,dine_in,AVT,Avocado Toast,Food,1,1450,1450.0,0.0,0,0,0,closed,wallet,2026.0,0.05,C66acd6d650
ORD002171,2026-05-17 18:20:25,S06,Zainab,T6,dine_in,IMP,Imported Soda,Other,1,480,480.0,0.0,0,0,0,closed,wallet,2026.0,0.05,C66acd6d650
ORD002172,2026-05-17 11:31:56,S05,Usman,T12,dine_in,CAP,Cappuccino,Coffee,1,560,560.0,0.0,0,0,0,closed,cash,644.0,0.15,
ORD002173,2026-05-17 20:29:50,S01,Ayesha,T16,dine_in,ICL,Iced Latte,Coffee,1,640,640.0,0.0,0,0,0,closed,wallet,672.0,0.05,Ce4c9a1f3d4
ORD002174,2026-05-17 15:20:56,S03,Bilal,T13,dine_in,SAL,Garden Salad,Food,1,1250,1250.0,0.0,0,0,0,closed,cash,1438.0,0.15,
ORD002174,2026-05-17 15:20:56,S03,Bilal,T13,dine_in,CRO,Butter Croissant,Bakery,1,520,0.0,52.0,0,0,1,closed,cash,1438.0,0.15,
ORD002175,2026-05-17 07:21:36,S02,Hamza,,takeaway,PAS,Pasta,Food,1,1650,1650.0,0.0,0,0,0,closed,card,1732.0,0.05,C52cc78336b
ORD002176,2026-05-17 10:24:45,S04,Sara,T10,dine_in,CKE2,Cheesecake,Bakery,1,880,748.0,132.0,0,0,0,closed,cash,1343.0,0.15,
ORD002176,2026-05-17 10:24:45,S04,Sara,T10,dine_in,ESP,Espresso,Coffee,1,420,420.0,0.0,0,0,0,closed,cash,1343.0,0.15,
ORD002177,2026-05-17 10:33:31,S04,Sara,T17,dine_in,PAS,Pasta,Food,1,1650,1650.0,0.0,0,0,0,closed,card,2890.0,0.05,Cc8157a5ef0
ORD002177,2026-05-17 10:33:31,S04,Sara,T17,dine_in,LAT,Cafe Latte,Coffee,1,580,580.0,0.0,0,0,0,closed,card,2890.0,0.05,Cc8157a5ef0
ORD002177,2026-05-17 10:33:31,S04,Sara,T17,dine_in,LAT,Cafe Latte,Coffee,1,580,522.0,58.0,0,0,0,closed,card,2890.0,0.05,Cc8157a5ef0
ORD002178,2026-05-17 18:03:32,S06,Zainab,T3,dine_in,BFP,Big Breakfast,Food,1,1850,1850.0,0.0,0,0,0,closed,cash,2128.0,0.15,
ORD002179,2026-05-17 21:14:30,S01,Ayesha,,takeaway,WTR,Bottled Water,Other,1,150,150.0,0.0,0,0,0,closed,cash,172.0,0.15,C413c221423
ORD002180,2026-05-17 11:54:26,S06,Zainab,,takeaway,FLW,Flat White,Coffee,1,600,600.0,0.0,0,0,0,closed,cash,690.0,0.15,
ORD002181,2026-05-17 16:21:51,S05,Usman,T4,dine_in,HOT,Hot Chocolate,Coffee,1,560,560.0,0.0,0,0,0,closed,card,1270.0,0.05,C0b90585403
ORD002181,2026-05-17 16:21:51,S05,Usman,T4,dine_in,MOC,Mocha,Coffee,1,650,650.0,0.0,0,0,0,closed,card,1270.0,0.05,C0b90585403
ORD002182,2026-05-17 17:13:23,S02,Hamza,T17,dine_in,CAP,Cappuccino,Coffee,1,560,560.0,0.0,0,0,0,closed,card,588.0,0.05,Cf24d420c04
ORD002183,2026-05-17 12:28:18,S02,Hamza,T4,dine_in,CLB,Cold Brew,Coffee,1,680,680.0,0.0,0,0,0,closed,wallet,714.0,0.05,C482e4b19c6
ORD002184,2026-05-17 21:47:16,S03,Bilal,T15,dine_in,HOT,Hot Chocolate,Coffee,1,560,560.0,0.0,0,0,0,closed,card,588.0,0.05,Cdf99103aeb
ORD002185,2026-05-17 18:14:47,S06,Zainab,T7,dine_in,MAT,Matcha Latte,Coffee,1,720,720.0,0.0,0,0,0,closed,cash,828.0,0.15,
ORD002186,2026-05-17 14:37:42,S05,Usman,,takeaway,AMR,Americano,Coffee,1,480,480.0,0.0,0,0,0,closed,cash,1449.0,0.15,C21b7747a7b
ORD002186,2026-05-17 14:37:42,S05,Usman,,takeaway,CKE,Slice of Cake,Bakery,1,780,780.0,0.0,0,0,0,closed,cash,1449.0,0.15,C21b7747a7b
ORD002187,2026-05-17 09:09:15,S01,Ayesha,T3,dine_in,PAS,Pasta,Food,1,1650,0.0,0.0,1,1,0,partial_void,qr,1606.0,0.05,Cadc75d3967
ORD002187,2026-05-17 09:09:15,S01,Ayesha,T3,dine_in,CKE2,Cheesecake,Bakery,1,880,880.0,0.0,0,0,0,partial_void,qr,1606.0,0.05,Cadc75d3967
ORD002187,2026-05-17 09:09:15,S01,Ayesha,T3,dine_in,MOC,Mocha,Coffee,1,650,650.0,0.0,0,0,0,partial_void,qr,1606.0,0.05,Cadc75d3967
ORD002188,2026-05-17 12:02:47,S04,Sara,T5,dine_in,PAS,Pasta,Food,1,1650,1650.0,0.0,0,0,0,closed,wallet,2552.0,0.05,C77be85a8e8
ORD002188,2026-05-17 12:02:47,S04,Sara,T5,dine_in,CKE,Slice of Cake,Bakery,1,780,780.0,0.0,0,0,0,closed,wallet,2552.0,0.05,C77be85a8e8
ORD002189,2026-05-17 10:02:43,S04,Sara,T4,dine_in,CRO,Butter Croissant,Bakery,1,520,520.0,0.0,0,0,0,closed,card,546.0,0.05,C52cc78336b
ORD002190,2026-05-17 10:20:53,S03,Bilal,T10,dine_in,PNC,Pain au Chocolat,Bakery,1,600,600.0,0.0,0,0,0,closed,cash,1357.0,0.15,
ORD002190,2026-05-17 10:20:53,S03,Bilal,T10,dine_in,LAT,Cafe Latte,Coffee,1,580,580.0,0.0,0,0,0,closed,cash,1357.0,0.15,
ORD002191,2026-05-17 21:27:58,S07,Daniyal,T17,dine_in,FLW,Flat White,Coffee,1,600,600.0,0.0,0,0,0,closed,card,630.0,0.05,C998fad6fa0
ORD002192,2026-05-17 13:37:57,S05,Usman,,takeaway,MOC,Mocha,Coffee,1,650,520.0,130.0,0,0,0,closed,cash,1380.0,0.15,
ORD002192,2026-05-17 13:37:57,S05,Usman,,takeaway,CLB,Cold Brew,Coffee,1,680,680.0,0.0,0,0,0,closed,cash,1380.0,0.15,
ORD002193,2026-05-17 09:26:12,S03,Bilal,T12,dine_in,CLB,Cold Brew,Coffee,1,680,680.0,0.0,0,0,0,closed,qr,714.0,0.05,C6dfb2713f9
ORD002194,2026-05-17 20:54:47,S05,Usman,T13,dine_in,HOT,Hot Chocolate,Coffee,1,560,560.0,0.0,0,0,0,closed,cash,644.0,0.15,
ORD002195,2026-05-17 17:36:27,S04,Sara,T6,dine_in,SAN,Chicken Sandwich,Food,1,1350,1350.0,0.0,0,0,0,closed,cash,1552.0,0.15,Cb31a8339d2
ORD002195,2026-05-17 17:36:27,S04,Sara,T6,dine_in,LAT,Cafe Latte,Coffee,1,580,0.0,0.0,0,0,1,closed,cash,1552.0,0.15,Cb31a8339d2
ORD002196,2026-05-17 10:18:25,S01,Ayesha,T13,dine_in,BFP,Big Breakfast,Food,2,1850,3700.0,0.0,0,0,0,closed,card,3885.0,0.05,Ca5c0a2cc4b
ORD002197,2026-05-17 19:42:22,S04,Sara,,takeaway,CLB,Cold Brew,Coffee,1,680,680.0,0.0,0,0,0,closed,card,714.0,0.05,Cdbcc4a6323
ORD002198,2026-05-17 12:23:25,S05,Usman,T17,dine_in,ESP,Espresso,Coffee,1,420,420.0,0.0,0,0,0,closed,card,441.0,0.05,C74caaa80b4
ORD002199,2026-05-17 08:01:13,S03,Bilal,T17,dine_in,LAT,Cafe Latte,Coffee,1,580,580.0,0.0,0,0,0,closed,card,2720.0,0.05,C280fc1bab1
ORD002199,2026-05-17 08:01:13,S03,Bilal,T17,dine_in,AVT,Avocado Toast,Food,1,1450,1450.0,0.0,0,0,0,closed,card,2720.0,0.05,C280fc1bab1
ORD002199,2026-05-17 08:01:13,S03,Bilal,T17,dine_in,CAP,Cappuccino,Coffee,1,560,560.0,0.0,0,0,0,closed,card,2720.0,0.05,C280fc1bab1
ORD002200,2026-05-17 20:54:52,S06,Zainab,T14,dine_in,SAL,Garden Salad,Food,2,1250,2500.0,0.0,0,0,0,closed,qr,2625.0,0.05,C696a0e3c55
ORD002201,2026-05-17 21:29:31,S01,Ayesha,,takeaway,MOC,Mocha,Coffee,1,650,650.0,0.0,0,0,0,closed,card,682.0,0.05,C0b90585403
ORD002202,2026-05-17 16:15:10,S07,Daniyal,,takeaway,LAT,Cafe Latte,Coffee,1,580,580.0,0.0,0,0,0,closed,card,609.0,0.05,Cf7a6863213
ORD002203,2026-05-17 19:01:53,S04,Sara,T7,dine_in,CAP,Cappuccino,Coffee,1,560,560.0,0.0,0,0,0,closed,cash,1311.0,0.15,
ORD002203,2026-05-17 19:01:53,S04,Sara,T7,dine_in,LAT,Cafe Latte,Coffee,1,580,580.0,0.0,0,0,0,closed,cash,1311.0,0.15,
ORD002204,2026-05-17 11:37:40,S06,Zainab,T8,dine_in,ICL,Iced Latte,Coffee,1,640,640.0,0.0,0,0,0,closed,card,1176.0,0.05,C998fad6fa0
ORD002204,2026-05-17 11:37:40,S06,Zainab,T8,dine_in,AMR,Americano,Coffee,1,480,480.0,0.0,0,0,0,closed,card,1176.0,0.05,C998fad6fa0
ORD002205,2026-05-17 14:32:22,S03,Bilal,,takeaway,PAS,Pasta,Food,2,1650,3300.0,0.0,0,0,0,closed,cash,3795.0,0.15,
ORD002206,2026-05-17 15:31:26,S05,Usman,T8,dine_in,FLW,Flat White,Coffee,1,600,600.0,0.0,0,0,0,closed,cash,690.0,0.15,C4b879f1310
ORD002207,2026-05-17 20:06:53,S06,Zainab,,takeaway,PAS,Pasta,Food,1,1650,1650.0,0.0,0,0,0,closed,cash,2450.0,0.15,
ORD002207,2026-05-17 20:06:53,S06,Zainab,,takeaway,IMP,Imported Soda,Other,1,480,480.0,0.0,0,0,0,closed,cash,2450.0,0.15,
ORD002208,2026-05-17 19:29:30,S07,Daniyal,,takeaway,CLB,Cold Brew,Coffee,1,680,680.0,0.0,0,0,0,closed,card,714.0,0.05,Ca90966ae34
ORD002209,2026-05-17 17:45:57,S02,Hamza,,takeaway,ICL,Iced Latte,Coffee,1,640,640.0,0.0,0,0,0,closed,cash,1380.0,0.15,
ORD002209,2026-05-17 17:45:57,S02,Hamza,,takeaway,CAP,Cappuccino,Coffee,1,560,560.0,0.0,0,0,0,closed,cash,1380.0,0.15,
ORD002210,2026-05-17 14:24:51,S01,Ayesha,,takeaway,ICL,Iced Latte,Coffee,1,640,640.0,0.0,0,0,0,closed,cash,736.0,0.15,
ORD002211,2026-05-17 20:02:45,S08,Mahnoor,T15,dine_in,PAS,Pasta,Food,1,1650,1650.0,0.0,0,0,0,closed,card,3864.0,0.05,Cf24d420c04
ORD002211,2026-05-17 20:02:45,S08,Mahnoor,T15,dine_in,SAL,Garden Salad,Food,1,1250,1250.0,0.0,0,0,0,closed,card,3864.0,0.05,Cf24d420c04
ORD002211,2026-05-17 20:02:45,S08,Mahnoor,T15,dine_in,CKE,Slice of Cake,Bakery,1,780,780.0,0.0,0,0,0,closed,card,3864.0,0.05,Cf24d420c04
ORD002212,2026-05-17 10:14:18,S05,Usman,T13,dine_in,CAP,Cappuccino,Coffee,1,560,0.0,0.0,0,0,1,closed,cash,0.0,0.15,
ORD002213,2026-05-17 12:31:51,S05,Usman,,takeaway,FLW,Flat White,Coffee,1,600,600.0,0.0,0,0,0,closed,wallet,630.0,0.05,C9a8479a5d0
ORD002214,2026-05-17 09:46:38,S01,Ayesha,T11,dine_in,ICL,Iced Latte,Coffee,1,640,640.0,0.0,0,0,0,closed,card,830.0,0.05,C19d751a040
ORD002214,2026-05-17 09:46:38,S01,Ayesha,T11,dine_in,WTR,Bottled Water,Other,1,150,150.0,0.0,0,0,0,closed,card,830.0,0.05,C19d751a040
ORD002215,2026-05-17 19:13:06,S03,Bilal,,takeaway,LAT,Cafe Latte,Coffee,1,580,0.0,0.0,1,1,0,partial_void,wallet,0.0,0.05,Cfc5da82ed6
ORD002216,2026-05-17 11:19:00,S02,Hamza,,takeaway,ICL,Iced Latte,Coffee,1,640,576.0,64.0,0,0,0,closed,cash,1674.0,0.15,
ORD002216,2026-05-17 11:19:00,S02,Hamza,,takeaway,CKE2,Cheesecake,Bakery,1,880,880.0,0.0,0,0,0,closed,cash,1674.0,0.15,
ORD002217,2026-05-17 15:16:25,S08,Mahnoor,,takeaway,FLW,Flat White,Coffee,1,600,600.0,0.0,0,0,0,closed,cash,3795.0,0.15,
ORD002217,2026-05-17 15:16:25,S08,Mahnoor,,takeaway,SAN,Chicken Sandwich,Food,2,1350,2700.0,0.0,0,0,0,closed,cash,3795.0,0.15,
ORD002218,2026-05-17 15:36:24,S08,Mahnoor,T8,dine_in,CAP,Cappuccino,Coffee,1,560,560.0,0.0,0,0,0,closed,card,588.0,0.05,Ca376152b0e
ORD002219,2026-05-17 19:40:04,S02,Hamza,T2,dine_in,ESP,Espresso,Coffee,1,420,420.0,0.0,0,0,0,closed,card,1071.0,0.05,Ca2c33b664c
ORD002219,2026-05-17 19:40:04,S02,Hamza,T2,dine_in,FLW,Flat White,Coffee,1,600,600.0,0.0,0,0,0,closed,card,1071.0,0.05,Ca2c33b664c
ORD002220,2026-05-17 17:46:43,S04,Sara,,takeaway,CLB,Cold Brew,Coffee,1,680,680.0,0.0,0,0,0,closed,card,714.0,0.05,Ce217f40c1f
ORD002221,2026-05-17 18:53:46,S06,Zainab,,takeaway,FLW,Flat White,Coffee,1,600,600.0,0.0,0,0,0,closed,wallet,1848.0,0.05,Ce986a3f66c
ORD002221,2026-05-17 18:53:46,S06,Zainab,,takeaway,PNC,Pain au Chocolat,Bakery,1,600,600.0,0.0,0,0,0,closed,wallet,1848.0,0.05,Ce986a3f66c
ORD002221,2026-05-17 18:53:46,S06,Zainab,,takeaway,HOT,Hot Chocolate,Coffee,1,560,560.0,0.0,0,0,0,closed,wallet,1848.0,0.05,Ce986a3f66c
ORD002222,2026-05-17 11:44:48,S04,Sara,,takeaway,MOC,Mocha,Coffee,1,650,650.0,0.0,0,0,0,closed,wallet,682.0,0.05,Cbaf2fae3f3
ORD002223,2026-05-17 12:59:19,S02,Hamza,T4,dine_in,ICL,Iced Latte,Coffee,1,640,640.0,0.0,0,0,0,closed,card,672.0,0.05,Cd1214aa2be
ORD002224,2026-05-17 12:31:04,S03,Bilal,,takeaway,CAP,Cappuccino,Coffee,1,560,560.0,0.0,0,0,0,closed,wallet,1029.0,0.05,C280a24bfd5
ORD002224,2026-05-17 12:31:04,S03,Bilal,,takeaway,ESP,Espresso,Coffee,1,420,420.0,0.0,0,0,0,closed,wallet,1029.0,0.05,C280a24bfd5
ORD002225,2026-05-17 09:32:39,S03,Bilal,T1,dine_in,ICL,Iced Latte,Coffee,1,640,640.0,0.0,0,0,0,closed,card,672.0,0.05,C58cf770e72
ORD002226,2026-05-17 16:59:11,S07,Daniyal,T15,dine_in,CLB,Cold Brew,Coffee,1,680,680.0,0.0,0,0,0,closed,card,1218.0,0.05,Cae4b7f4b13
ORD002226,2026-05-17 16:59:11,S07,Daniyal,T15,dine_in,IMP,Imported Soda,Other,1,480,480.0,0.0,0,0,0,closed,card,1218.0,0.05,Cae4b7f4b13
ORD002227,2026-05-17 13:19:51,S05,Usman,,takeaway,FLW,Flat White,Coffee,1,600,600.0,0.0,0,0,0,closed,qr,2079.0,0.05,Cadc75d3967
ORD002227,2026-05-17 13:19:51,S05,Usman,,takeaway,CKE,Slice of Cake,Bakery,1,780,780.0,0.0,0,0,0,closed,qr,2079.0,0.05,Cadc75d3967
ORD002227,2026-05-17 13:19:51,S05,Usman,,takeaway,PNC,Pain au Chocolat,Bakery,1,600,600.0,0.0,0,0,0,closed,qr,2079.0,0.05,Cadc75d3967
ORD002228,2026-05-17 20:57:15,S04,Sara,T12,dine_in,ICL,Iced Latte,Coffee,1,640,640.0,0.0,0,0,0,closed,card,1176.0,0.05,Cdf99103aeb
ORD002228,2026-05-17 20:57:15,S04,Sara,T12,dine_in,AMR,Americano,Coffee,1,480,480.0,0.0,0,0,0,closed,card,1176.0,0.05,Cdf99103aeb
ORD002229,2026-05-17 16:47:13,S02,Hamza,,takeaway,AVT,Avocado Toast,Food,1,1450,1450.0,0.0,0,0,0,closed,card,1522.0,0.05,C280fc1bab1
ORD002230,2026-05-17 09:24:12,S04,Sara,,takeaway,WTR,Bottled Water,Other,1,150,150.0,0.0,0,0,0,closed,wallet,158.0,0.05,C33b5b4c279
ORD002231,2026-05-17 07:20:55,S06,Zainab,,takeaway,LAT,Cafe Latte,Coffee,1,580,580.0,0.0,0,0,0,closed,wallet,609.0,0.05,C62bb438987
ORD002232,2026-05-17 09:43:47,S03,Bilal,T13,dine_in,CAP,Cappuccino,Coffee,1,560,560.0,0.0,0,0,0,closed,card,588.0,0.05,Cbac72cb73a
ORD002233,2026-05-17 15:47:16,S08,Mahnoor,T6,dine_in,LAT,Cafe Latte,Coffee,1,580,580.0,0.0,0,0,0,closed,qr,609.0,0.05,C8a062a0f7b
ORD002234,2026-05-17 15:48:55,S03,Bilal,T4,dine_in,BFP,Big Breakfast,Food,2,1850,2960.0,740.0,0,0,0,closed,cash,4908.0,0.15,
ORD002234,2026-05-17 15:48:55,S03,Bilal,T4,dine_in,CAP,Cappuccino,Coffee,1,560,560.0,0.0,0,0,0,closed,cash,4908.0,0.15,
ORD002234,2026-05-17 15:48:55,S03,Bilal,T4,dine_in,CKE2,Cheesecake,Bakery,1,880,748.0,132.0,0,0,0,closed,cash,4908.0,0.15,
ORD002235,2026-05-17 16:06:58,S06,Zainab,T12,dine_in,MAT,Matcha Latte,Coffee,1,720,720.0,0.0,0,0,0,closed,card,756.0,0.05,C197075b935
ORD002236,2026-05-17 07:03:56,S04,Sara,T8,dine_in,CLB,Cold Brew,Coffee,1,680,680.0,0.0,0,0,0,closed,card,714.0,0.05,C04b6239fe6
ORD002237,2026-05-17 10:37:52,S07,Daniyal,T4,dine_in,CLB,Cold Brew,Coffee,1,680,680.0,0.0,0,0,0,closed,cash,1329.0,0.15,
ORD002237,2026-05-17 10:37:52,S07,Daniyal,T4,dine_in,CAP,Cappuccino,Coffee,1,560,476.0,84.0,0,0,0,closed,cash,1329.0,0.15,
ORD002238,2026-05-17 22:24:18,S04,Sara,T13,dine_in,MAT,Matcha Latte,Coffee,1,720,720.0,0.0,0,0,0,closed,card,1365.0,0.05,C48a1bf56dd
ORD002238,2026-05-17 22:24:18,S04,Sara,T13,dine_in,LAT,Cafe Latte,Coffee,1,580,580.0,0.0,0,0,0,closed,card,1365.0,0.05,C48a1bf56dd
ORD002239,2026-05-17 10:59:56,S04,Sara,T3,dine_in,CAP,Cappuccino,Coffee,1,560,560.0,0.0,0,0,0,closed,cash,644.0,0.15,Ce92e13580e
ORD002240,2026-05-17 14:15:13,S07,Daniyal,T2,dine_in,PNC,Pain au Chocolat,Bakery,1,600,600.0,0.0,0,0,0,closed,cash,1380.0,0.15,
ORD002240,2026-05-17 14:15:13,S07,Daniyal,T2,dine_in,FLW,Flat White,Coffee,1,600,600.0,0.0,0,0,0,closed,cash,1380.0,0.15,
ORD002241,2026-05-17 17:14:06,S01,Ayesha,,takeaway,MOC,Mocha,Coffee,1,650,650.0,0.0,0,0,0,closed,cash,747.0,0.15,
ORD002242,2026-05-17 09:19:04,S05,Usman,,takeaway,SAL,Garden Salad,Food,1,1250,1250.0,0.0,0,0,0,closed,cash,1438.0,0.15,
ORD002242,2026-05-17 09:19:04,S05,Usman,,takeaway,IMP,Imported Soda,Other,1,480,0.0,0.0,0,0,1,closed,cash,1438.0,0.15,
ORD002243,2026-05-17 12:05:02,S07,Daniyal,,takeaway,AMR,Americano,Coffee,1,480,480.0,0.0,0,0,0,closed,wallet,1922.0,0.05,C4cdda00be6
ORD002243,2026-05-17 12:05:02,S07,Daniyal,,takeaway,SAN,Chicken Sandwich,Food,1,1350,1350.0,0.0,0,0,0,closed,wallet,1922.0,0.05,C4cdda00be6
ORD002244,2026-05-17 16:39:06,S07,Daniyal,,takeaway,CLB,Cold Brew,Coffee,1,680,680.0,0.0,0,0,0,closed,card,2016.0,0.05,Ccb8af0dea2
ORD002244,2026-05-17 16:39:06,S07,Daniyal,,takeaway,CRO,Butter Croissant,Bakery,1,520,520.0,0.0,0,0,0,closed,card,2016.0,0.05,Ccb8af0dea2
ORD002244,2026-05-17 16:39:06,S07,Daniyal,,takeaway,MAT,Matcha Latte,Coffee,1,720,720.0,0.0,0,0,0,closed,card,2016.0,0.05,Ccb8af0dea2
ORD002245,2026-05-17 18:57:13,S04,Sara,T9,dine_in,CRO,Butter Croissant,Bakery,1,520,520.0,0.0,0,0,0,closed,wallet,943.0,0.05,Ccb8af0dea2
ORD002245,2026-05-17 18:57:13,S04,Sara,T9,dine_in,ESP,Espresso,Coffee,1,420,378.0,42.0,0,0,0,closed,wallet,943.0,0.05,Ccb8af0dea2
ORD002246,2026-05-17 13:01:53,S07,Daniyal,T4,dine_in,AVT,Avocado Toast,Food,1,1450,1450.0,0.0,0,0,0,closed,card,2194.0,0.05,C651e9754b8
ORD002246,2026-05-17 13:01:53,S07,Daniyal,T4,dine_in,ICL,Iced Latte,Coffee,1,640,640.0,0.0,0,0,0,closed,card,2194.0,0.05,C651e9754b8
ORD002247,2026-05-17 18:18:48,S03,Bilal,T6,dine_in,FLW,Flat White,Coffee,1,600,0.0,0.0,0,0,1,closed,cash,0.0,0.15,
ORD002248,2026-05-17 16:22:08,S02,Hamza,,takeaway,CAP,Cappuccino,Coffee,1,560,560.0,0.0,0,0,0,closed,wallet,1722.0,0.05,Ccc55e927ed
ORD002248,2026-05-17 16:22:08,S02,Hamza,,takeaway,CRO,Butter Croissant,Bakery,1,520,520.0,0.0,0,0,0,closed,wallet,1722.0,0.05,Ccc55e927ed
ORD002248,2026-05-17 16:22:08,S02,Hamza,,takeaway,CAP,Cappuccino,Coffee,1,560,560.0,0.0,0,0,0,closed,wallet,1722.0,0.05,Ccc55e927ed
ORD002249,2026-05-17 19:15:03,S04,Sara,,takeaway,LAT,Cafe Latte,Coffee,1,580,580.0,0.0,0,0,0,closed,cash,667.0,0.15,C47c5e28c85
ORD002250,2026-05-17 16:18:18,S01,Ayesha,,takeaway,ICL,Iced Latte,Coffee,1,640,640.0,0.0,0,0,0,closed,qr,1354.0,0.05,Cd30f1a38f4
ORD002250,2026-05-17 16:18:18,S01,Ayesha,,takeaway,MOC,Mocha,Coffee,1,650,650.0,0.0,0,0,0,closed,qr,1354.0,0.05,Cd30f1a38f4
ORD002251,2026-05-17 17:12:14,S01,Ayesha,T9,dine_in,BFP,Big Breakfast,Food,1,1850,1850.0,0.0,0,0,0,closed,wallet,2488.0,0.05,Cfc5da82ed6
ORD002251,2026-05-17 17:12:14,S01,Ayesha,T9,dine_in,CRO,Butter Croissant,Bakery,1,520,520.0,0.0,0,0,0,closed,wallet,2488.0,0.05,Cfc5da82ed6
ORD002252,2026-05-17 17:21:37,S01,Ayesha,,takeaway,CAP,Cappuccino,Coffee,1,560,504.0,56.0,0,0,0,closed,card,529.0,0.05,C1173024c92
ORD002253,2026-05-17 13:14:36,S02,Hamza,,takeaway,CKE,Slice of Cake,Bakery,1,780,624.0,156.0,0,0,0,closed,cash,718.0,0.15,
ORD002254,2026-05-17 19:58:33,S07,Daniyal,T16,dine_in,MOC,Mocha,Coffee,1,650,0.0,0.0,0,0,1,closed,wallet,0.0,0.05,Cdf0bd6d485
ORD002255,2026-05-17 10:24:46,S01,Ayesha,,takeaway,ESP,Espresso,Coffee,1,420,0.0,0.0,0,0,1,closed,wallet,0.0,0.05,Cfc00b3bcb1
ORD002256,2026-05-17 13:13:32,S03,Bilal,T5,dine_in,ESP,Espresso,Coffee,1,420,420.0,0.0,0,0,0,closed,wallet,1050.0,0.05,Cd18bd6ee50
ORD002256,2026-05-17 13:13:32,S03,Bilal,T5,dine_in,LAT,Cafe Latte,Coffee,1,580,580.0,0.0,0,0,0,closed,wallet,1050.0,0.05,Cd18bd6ee50
ORD002257,2026-05-17 12:23:08,S07,Daniyal,T10,dine_in,CAP,Cappuccino,Coffee,1,560,560.0,0.0,0,0,0,closed,qr,1197.0,0.05,Ce559ff5ce7
ORD002257,2026-05-17 12:23:08,S07,Daniyal,T10,dine_in,LAT,Cafe Latte,Coffee,1,580,580.0,0.0,0,0,0,closed,qr,1197.0,0.05,Ce559ff5ce7
ORD002258,2026-05-17 12:24:56,S05,Usman,T17,dine_in,CRO,Butter Croissant,Bakery,1,520,520.0,0.0,0,0,0,closed,card,546.0,0.05,C2fb6233224
ORD002259,2026-05-17 20:02:33,S06,Zainab,T18,dine_in,ESP,Espresso,Coffee,1,420,420.0,0.0,0,0,0,closed,wallet,945.0,0.05,C300be8a3bd
ORD002259,2026-05-17 20:02:33,S06,Zainab,T18,dine_in,AMR,Americano,Coffee,1,480,480.0,0.0,0,0,0,closed,wallet,945.0,0.05,C300be8a3bd
ORD002260,2026-05-17 13:55:41,S08,Mahnoor,,takeaway,WTR,Bottled Water,Other,1,150,150.0,0.0,0,0,0,closed,card,158.0,0.05,C63037e2fcf
ORD002261,2026-05-17 20:55:21,S08,Mahnoor,,takeaway,PNC,Pain au Chocolat,Bakery,1,600,600.0,0.0,0,0,0,closed,card,2762.0,0.05,Cdf0bd6d485
ORD002261,2026-05-17 20:55:21,S08,Mahnoor,,takeaway,AVT,Avocado Toast,Food,1,1450,1450.0,0.0,0,0,0,closed,card,2762.0,0.05,Cdf0bd6d485
ORD002261,2026-05-17 20:55:21,S08,Mahnoor,,takeaway,LAT,Cafe Latte,Coffee,1,580,580.0,0.0,0,0,0,closed,card,2762.0,0.05,Cdf0bd6d485
ORD002262,2026-05-17 10:56:20,S07,Daniyal,,takeaway,SAL,Garden Salad,Food,2,1250,2500.0,0.0,0,0,0,closed,card,4568.0,0.05,Cd1e93a6d3b
ORD002262,2026-05-17 10:56:20,S07,Daniyal,,takeaway,BFP,Big Breakfast,Food,1,1850,1850.0,0.0,0,0,0,closed,card,4568.0,0.05,Cd1e93a6d3b
ORD002263,2026-05-17 14:24:20,S08,Mahnoor,T14,dine_in,MAT,Matcha Latte,Coffee,1,720,720.0,0.0,0,0,0,closed,card,756.0,0.05,C4b99583812
ORD002264,2026-05-17 11:09:24,S06,Zainab,,takeaway,WTR,Bottled Water,Other,1,150,150.0,0.0,0,0,0,closed,cash,172.0,0.15,
ORD002265,2026-05-17 19:58:41,S03,Bilal,T3,dine_in,FLW,Flat White,Coffee,1,600,600.0,0.0,0,0,0,closed,cash,1587.0,0.15,
ORD002265,2026-05-17 19:58:41,S03,Bilal,T3,dine_in,CKE,Slice of Cake,Bakery,1,780,780.0,0.0,0,0,0,closed,cash,1587.0,0.15,
ORD002266,2026-05-17 09:13:29,S07,Daniyal,T17,dine_in,BFP,Big Breakfast,Food,1,1850,1850.0,0.0,0,0,0,closed,card,1942.0,0.05,C797e2d42c3
ORD002267,2026-05-17 21:17:47,S05,Usman,T2,dine_in,CLB,Cold Brew,Coffee,1,680,680.0,0.0,0,0,0,closed,wallet,714.0,0.05,C5d90c0fdc3
ORD002268,2026-05-17 10:19:49,S01,Ayesha,T16,dine_in,CKE2,Cheesecake,Bakery,1,880,880.0,0.0,0,0,0,closed,card,924.0,0.05,C52cc78336b
ORD002269,2026-05-17 12:59:13,S05,Usman,T16,dine_in,SAN,Chicken Sandwich,Food,1,1350,1350.0,0.0,0,0,0,closed,cash,1552.0,0.15,
ORD002270,2026-05-17 10:26:40,S06,Zainab,,takeaway,SAN,Chicken Sandwich,Food,1,1350,1350.0,0.0,0,0,0,closed,cash,1552.0,0.15,
ORD002271,2026-05-17 10:58:04,S01,Ayesha,,takeaway,FLW,Flat White,Coffee,1,600,510.0,90.0,0,0,0,closed,card,1354.0,0.05,Cc7a34478fd
ORD002271,2026-05-17 10:58:04,S01,Ayesha,,takeaway,CKE,Slice of Cake,Bakery,1,780,780.0,0.0,0,0,0,closed,card,1354.0,0.05,Cc7a34478fd
ORD002272,2026-05-17 07:30:18,S04,Sara,,takeaway,IMP,Imported Soda,Other,1,480,408.0,72.0,0,0,0,closed,card,428.0,0.05,Cb76f2d371b
ORD002273,2026-05-17 12:54:31,S08,Mahnoor,T16,dine_in,PAS,Pasta,Food,1,1650,1650.0,0.0,0,0,0,closed,wallet,3140.0,0.05,Ccc55e927ed
ORD002273,2026-05-17 12:54:31,S08,Mahnoor,T16,dine_in,HOT,Hot Chocolate,Coffee,1,560,560.0,0.0,0,0,0,closed,wallet,3140.0,0.05,Ccc55e927ed
ORD002273,2026-05-17 12:54:31,S08,Mahnoor,T16,dine_in,CKE,Slice of Cake,Bakery,1,780,780.0,0.0,0,0,0,closed,wallet,3140.0,0.05,Ccc55e927ed
ORD002274,2026-05-17 16:58:01,S05,Usman,T18,dine_in,ICL,Iced Latte,Coffee,1,640,640.0,0.0,0,0,0,closed,cash,1380.0,0.15,
ORD002274,2026-05-17 16:58:01,S05,Usman,T18,dine_in,CAP,Cappuccino,Coffee,1,560,560.0,0.0,0,0,0,closed,cash,1380.0,0.15,
ORD002275,2026-05-17 08:36:04,S06,Zainab,T14,dine_in,BFP,Big Breakfast,Food,1,1850,1850.0,0.0,0,0,0,closed,card,1942.0,0.05,Cf7a6863213
ORD002276,2026-05-17 18:27:39,S01,Ayesha,T4,dine_in,BFP,Big Breakfast,Food,1,1850,1850.0,0.0,0,0,0,closed,card,1942.0,0.05,C2015865930
ORD002277,2026-05-17 20:14:05,S03,Bilal,T2,dine_in,CLB,Cold Brew,Coffee,1,680,680.0,0.0,0,0,0,closed,wallet,714.0,0.05,Cd32984532a
ORD002278,2026-05-17 18:17:10,S02,Hamza,,takeaway,LAT,Cafe Latte,Coffee,1,580,580.0,0.0,0,0,0,closed,cash,667.0,0.15,
ORD002279,2026-05-17 22:35:42,S01,Ayesha,T3,dine_in,CLB,Cold Brew,Coffee,1,680,680.0,0.0,0,0,0,closed,card,1932.0,0.05,C4c4031df5a
ORD002279,2026-05-17 22:35:42,S01,Ayesha,T3,dine_in,LAT,Cafe Latte,Coffee,1,580,580.0,0.0,0,0,0,closed,card,1932.0,0.05,C4c4031df5a
ORD002279,2026-05-17 22:35:42,S01,Ayesha,T3,dine_in,LAT,Cafe Latte,Coffee,1,580,580.0,0.0,0,0,0,closed,card,1932.0,0.05,C4c4031df5a
ORD002280,2026-05-17 07:01:28,S01,Ayesha,,takeaway,MOC,Mocha,Coffee,1,650,650.0,0.0,0,0,0,closed,cash,747.0,0.15,
ORD002281,2026-05-17 16:31:56,S05,Usman,T5,dine_in,SAN,Chicken Sandwich,Food,1,1350,1350.0,0.0,0,0,0,closed,wallet,1575.0,0.05,Ccdae6010f7
ORD002281,2026-05-17 16:31:56,S05,Usman,T5,dine_in,WTR,Bottled Water,Other,1,150,150.0,0.0,0,0,0,closed,wallet,1575.0,0.05,Ccdae6010f7
ORD002282,2026-05-17 10:01:02,S07,Daniyal,,takeaway,BFP,Big Breakfast,Food,2,1850,3700.0,0.0,0,0,0,closed,card,3885.0,0.05,C6dfb2713f9
ORD002283,2026-05-17 08:30:56,S05,Usman,T7,dine_in,LAT,Cafe Latte,Coffee,1,580,580.0,0.0,0,0,0,closed,card,2026.0,0.05,C2636129801
ORD002283,2026-05-17 08:30:56,S05,Usman,T7,dine_in,SAN,Chicken Sandwich,Food,1,1350,1350.0,0.0,0,0,0,closed,card,2026.0,0.05,C2636129801
ORD002284,2026-05-17 09:26:48,S02,Hamza,T13,dine_in,CLB,Cold Brew,Coffee,1,680,680.0,0.0,0,0,0,closed,card,1344.0,0.05,C280fc1bab1
ORD002284,2026-05-17 09:26:48,S02,Hamza,T13,dine_in,FLW,Flat White,Coffee,1,600,600.0,0.0,0,0,0,closed,card,1344.0,0.05,C280fc1bab1
ORD002285,2026-05-17 07:00:06,S05,Usman,T4,dine_in,MAT,Matcha Latte,Coffee,1,720,720.0,0.0,0,0,0,closed,card,1260.0,0.05,C624c9fa15f
ORD002285,2026-05-17 07:00:06,S05,Usman,T4,dine_in,AMR,Americano,Coffee,1,480,480.0,0.0,0,0,0,closed,card,1260.0,0.05,C624c9fa15f
ORD002286,2026-05-17 13:48:58,S02,Hamza,,takeaway,CRO,Butter Croissant,Bakery,1,520,468.0,52.0,0,0,0,closed,wallet,932.0,0.05,C96285ec529
ORD002286,2026-05-17 13:48:58,S02,Hamza,,takeaway,ESP,Espresso,Coffee,1,420,420.0,0.0,0,0,0,closed,wallet,932.0,0.05,C96285ec529
ORD002287,2026-05-17 17:34:07,S05,Usman,T7,dine_in,MAT,Matcha Latte,Coffee,1,720,720.0,0.0,0,0,0,closed,card,2499.0,0.05,C184357ad55
ORD002287,2026-05-17 17:34:07,S05,Usman,T7,dine_in,CKE2,Cheesecake,Bakery,1,880,880.0,0.0,0,0,0,closed,card,2499.0,0.05,C184357ad55
ORD002287,2026-05-17 17:34:07,S05,Usman,T7,dine_in,CKE,Slice of Cake,Bakery,1,780,780.0,0.0,0,0,0,closed,card,2499.0,0.05,C184357ad55
ORD002288,2026-05-17 14:40:11,S02,Hamza,,takeaway,FLW,Flat White,Coffee,1,600,540.0,60.0,0,0,0,closed,qr,567.0,0.05,C280fc1bab1
ORD002289,2026-05-17 22:57:27,S08,Mahnoor,,takeaway,CKE,Slice of Cake,Bakery,1,780,780.0,0.0,0,0,0,closed,wallet,819.0,0.05,Ccc55e927ed
ORD002290,2026-05-17 11:03:29,S05,Usman,,takeaway,CKE,Slice of Cake,Bakery,1,780,0.0,0.0,1,0,0,partial_void,wallet,567.0,0.05,Cfc00b3bcb1
ORD002290,2026-05-17 11:03:29,S05,Usman,,takeaway,FLW,Flat White,Coffee,1,600,540.0,60.0,0,0,0,partial_void,wallet,567.0,0.05,Cfc00b3bcb1
ORD002291,2026-05-17 19:26:43,S06,Zainab,T4,dine_in,SAL,Garden Salad,Food,1,1250,1250.0,0.0,0,0,0,closed,wallet,1804.0,0.05,C96285ec529
ORD002291,2026-05-17 19:26:43,S06,Zainab,T4,dine_in,CRO,Butter Croissant,Bakery,1,520,468.0,52.0,0,0,0,closed,wallet,1804.0,0.05,C96285ec529
ORD002292,2026-05-17 19:41:06,S07,Daniyal,T2,dine_in,LAT,Cafe Latte,Coffee,1,580,580.0,0.0,0,0,0,closed,cash,4462.0,0.15,C00429c9c61
ORD002292,2026-05-17 19:41:06,S07,Daniyal,T2,dine_in,PAS,Pasta,Food,2,1650,3300.0,0.0,0,0,0,closed,cash,4462.0,0.15,C00429c9c61
ORD002293,2026-05-17 15:24:16,S02,Hamza,,takeaway,HOT,Hot Chocolate,Coffee,1,560,560.0,0.0,0,0,0,closed,cash,2772.0,0.15,
ORD002293,2026-05-17 15:24:16,S02,Hamza,,takeaway,BFP,Big Breakfast,Food,1,1850,1850.0,0.0,0,0,0,closed,cash,2772.0,0.15,
ORD002294,2026-05-17 18:36:15,S05,Usman,,takeaway,SAL,Garden Salad,Food,1,1250,1250.0,0.0,0,0,0,closed,card,4148.0,0.05,C49e1d6c4d1
ORD002294,2026-05-17 18:36:15,S05,Usman,,takeaway,SAN,Chicken Sandwich,Food,2,1350,2700.0,0.0,0,0,0,closed,card,4148.0,0.05,C49e1d6c4d1
ORD002295,2026-05-17 12:39:12,S03,Bilal,T14,dine_in,CAP,Cappuccino,Coffee,1,560,560.0,0.0,0,0,0,closed,wallet,1302.0,0.05,C002e0fc35e
ORD002295,2026-05-17 12:39:12,S03,Bilal,T14,dine_in,CLB,Cold Brew,Coffee,1,680,680.0,0.0,0,0,0,closed,wallet,1302.0,0.05,C002e0fc35e
ORD002296,2026-05-17 16:45:48,S06,Zainab,,takeaway,CKE2,Cheesecake,Bakery,1,880,880.0,0.0,0,0,0,closed,cash,1564.0,0.15,
ORD002296,2026-05-17 16:45:48,S06,Zainab,,takeaway,IMP,Imported Soda,Other,1,480,480.0,0.0,0,0,0,closed,cash,1564.0,0.15,
ORD002297,2026-05-17 10:31:05,S01,Ayesha,T10,dine_in,MOC,Mocha,Coffee,1,650,650.0,0.0,0,0,0,closed,cash,747.0,0.15,
ORD002298,2026-05-17 18:17:06,S05,Usman,,takeaway,CAP,Cappuccino,Coffee,1,560,560.0,0.0,0,0,0,closed,cash,1472.0,0.15,C84719e966a
ORD002298,2026-05-17 18:17:06,S05,Usman,,takeaway,MAT,Matcha Latte,Coffee,1,720,720.0,0.0,0,0,0,closed,cash,1472.0,0.15,C84719e966a
ORD002299,2026-05-17 12:47:16,S08,Mahnoor,T5,dine_in,SAN,Chicken Sandwich,Food,1,1350,1350.0,0.0,0,0,0,closed,wallet,1418.0,0.05,C6db89d7c57
ORD002300,2026-05-17 13:11:25,S01,Ayesha,,takeaway,AVT,Avocado Toast,Food,1,1450,1450.0,0.0,0,0,0,closed,cash,3335.0,0.15,
ORD002300,2026-05-17 13:11:25,S01,Ayesha,,takeaway,AVT,Avocado Toast,Food,1,1450,1450.0,0.0,0,0,0,closed,cash,3335.0,0.15,
ORD002301,2026-05-17 09:08:23,S08,Mahnoor,T6,dine_in,FLW,Flat White,Coffee,1,600,600.0,0.0,0,0,0,closed,cash,690.0,0.15,
ORD002302,2026-05-17 15:11:05,S02,Hamza,,takeaway,MOC,Mocha,Coffee,1,650,650.0,0.0,0,0,0,closed,card,682.0,0.05,Ca77d93ef85
ORD002303,2026-05-17 20:34:53,S05,Usman,T1,dine_in,PAS,Pasta,Food,1,1650,1650.0,0.0,0,0,0,closed,wallet,1732.0,0.05,C367467eb16
ORD002304,2026-05-17 19:28:48,S08,Mahnoor,T13,dine_in,CKE,Slice of Cake,Bakery,1,780,780.0,0.0,0,0,0,closed,cash,1541.0,0.15,
ORD002304,2026-05-17 19:28:48,S08,Mahnoor,T13,dine_in,CAP,Cappuccino,Coffee,1,560,560.0,0.0,0,0,0,closed,cash,1541.0,0.15,
ORD002305,2026-05-17 12:45:42,S08,Mahnoor,T10,dine_in,MAT,Matcha Latte,Coffee,1,720,720.0,0.0,0,0,0,closed,cash,2496.0,0.15,
ORD002305,2026-05-17 12:45:42,S08,Mahnoor,T10,dine_in,AVT,Avocado Toast,Food,1,1450,1450.0,0.0,0,0,0,closed,cash,2496.0,0.15,
ORD002306,2026-05-17 09:39:45,S05,Usman,,takeaway,AMR,Americano,Coffee,1,480,480.0,0.0,0,0,0,closed,card,1323.0,0.05,Cdfed1bf9d2
ORD002306,2026-05-17 09:39:45,S05,Usman,,takeaway,CKE,Slice of Cake,Bakery,1,780,780.0,0.0,0,0,0,closed,card,1323.0,0.05,Cdfed1bf9d2
ORD002307,2026-05-17 15:13:31,S08,Mahnoor,T5,dine_in,SAN,Chicken Sandwich,Food,1,1350,1350.0,0.0,0,0,0,closed,cash,1552.0,0.15,Ccc44ff021d
ORD002308,2026-05-17 17:45:30,S03,Bilal,,takeaway,CAP,Cappuccino,Coffee,1,560,476.0,84.0,0,0,0,closed,wallet,2022.0,0.05,C19d751a040
ORD002308,2026-05-17 17:45:30,S03,Bilal,,takeaway,AVT,Avocado Toast,Food,1,1450,1450.0,0.0,0,0,0,closed,wallet,2022.0,0.05,C19d751a040
ORD002309,2026-05-17 12:37:21,S02,Hamza,T2,dine_in,CKE,Slice of Cake,Bakery,1,780,780.0,0.0,0,0,0,closed,cash,897.0,0.15,
ORD002310,2026-05-17 09:40:22,S08,Mahnoor,,takeaway,PAS,Pasta,Food,2,1650,3300.0,0.0,0,0,0,closed,card,4095.0,0.05,C5d584d89e5
ORD002310,2026-05-17 09:40:22,S08,Mahnoor,,takeaway,FLW,Flat White,Coffee,1,600,600.0,0.0,0,0,0,closed,card,4095.0,0.05,C5d584d89e5
ORD002311,2026-05-17 14:22:07,S08,Mahnoor,T15,dine_in,SAN,Chicken Sandwich,Food,1,1350,1350.0,0.0,0,0,0,closed,card,2026.0,0.05,Cb616ef25f5
ORD002311,2026-05-17 14:22:07,S08,Mahnoor,T15,dine_in,LAT,Cafe Latte,Coffee,1,580,580.0,0.0,0,0,0,closed,card,2026.0,0.05,Cb616ef25f5
ORD002312,2026-05-17 12:57:46,S03,Bilal,T11,dine_in,PNC,Pain au Chocolat,Bakery,1,600,480.0,120.0,0,0,0,closed,cash,552.0,0.15,
ORD002313,2026-05-17 07:30:58,S08,Mahnoor,T6,dine_in,IMP,Imported Soda,Other,1,480,480.0,0.0,0,0,0,closed,wallet,504.0,0.05,C5d90c0fdc3
ORD002314,2026-05-17 10:25:56,S07,Daniyal,T16,dine_in,PAS,Pasta,Food,1,1650,1650.0,0.0,0,0,0,closed,wallet,2656.0,0.05,Cadc75d3967
ORD002314,2026-05-17 10:25:56,S07,Daniyal,T16,dine_in,CKE2,Cheesecake,Bakery,1,880,880.0,0.0,0,0,0,closed,wallet,2656.0,0.05,Cadc75d3967
ORD002315,2026-05-17 07:13:09,S06,Zainab,,takeaway,MOC,Mocha,Coffee,1,650,650.0,0.0,0,0,0,closed,cash,1495.0,0.15,
ORD002315,2026-05-17 07:13:09,S06,Zainab,,takeaway,CAP,Cappuccino,Coffee,1,560,0.0,0.0,1,0,0,partial_void,cash,1495.0,0.15,
ORD002315,2026-05-17 07:13:09,S06,Zainab,,takeaway,MOC,Mocha,Coffee,1,650,650.0,0.0,0,0,0,partial_void,cash,1495.0,0.15,
ORD002316,2026-05-17 08:41:38,S05,Usman,,takeaway,PNC,Pain au Chocolat,Bakery,1,600,600.0,0.0,0,0,0,closed,wallet,630.0,0.05,Cbcf52aba85
ORD002317,2026-05-17 08:42:25,S04,Sara,T13,dine_in,CKE,Slice of Cake,Bakery,1,780,780.0,0.0,0,0,0,closed,card,819.0,0.05,C4b879f1310
ORD002318,2026-05-17 14:40:38,S06,Zainab,T13,dine_in,MOC,Mocha,Coffee,1,650,650.0,0.0,0,0,0,closed,card,682.0,0.05,C23c60fd394
ORD002319,2026-05-17 11:24:16,S01,Ayesha,T15,dine_in,AMR,Americano,Coffee,1,480,480.0,0.0,0,0,0,closed,wallet,1134.0,0.05,Ccf824336ff
ORD002319,2026-05-17 11:24:16,S01,Ayesha,T15,dine_in,FLW,Flat White,Coffee,1,600,600.0,0.0,0,0,0,closed,wallet,1134.0,0.05,Ccf824336ff
ORD002320,2026-05-17 10:47:40,S04,Sara,T12,dine_in,AVT,Avocado Toast,Food,1,1450,1450.0,0.0,0,0,0,closed,qr,2614.0,0.05,Cf75f1d84fe
ORD002320,2026-05-17 10:47:40,S04,Sara,T12,dine_in,CRO,Butter Croissant,Bakery,1,520,520.0,0.0,0,0,0,closed,qr,2614.0,0.05,Cf75f1d84fe
ORD002320,2026-05-17 10:47:40,S04,Sara,T12,dine_in,CRO,Butter Croissant,Bakery,1,520,520.0,0.0,0,0,0,closed,qr,2614.0,0.05,Cf75f1d84fe
ORD002321,2026-05-17 20:38:48,S02,Hamza,T18,dine_in,PNC,Pain au Chocolat,Bakery,1,600,600.0,0.0,0,0,0,closed,card,630.0,0.05,C3f45d30b18
ORD002322,2026-05-17 08:25:32,S04,Sara,T9,dine_in,MAT,Matcha Latte,Coffee,1,720,720.0,0.0,0,0,0,closed,cash,828.0,0.15,C47c5e28c85
ORD002323,2026-05-17 07:33:17,S03,Bilal,,takeaway,AMR,Americano,Coffee,1,480,480.0,0.0,0,0,0,closed,cash,552.0,0.15,C5e03bc8f55
ORD002324,2026-05-17 14:09:14,S06,Zainab,T5,dine_in,ESP,Espresso,Coffee,1,420,0.0,0.0,1,0,0,partial_void,cash,0.0,0.15,
ORD002325,2026-05-17 18:38:59,S04,Sara,,takeaway,CAP,Cappuccino,Coffee,1,560,560.0,0.0,0,0,0,closed,cash,1656.0,0.15,Cc7ffdbab0e
ORD002325,2026-05-17 18:38:59,S04,Sara,,takeaway,CKE2,Cheesecake,Bakery,1,880,880.0,0.0,0,0,0,closed,cash,1656.0,0.15,Cc7ffdbab0e
ORD002326,2026-05-17 15:54:47,S08,Mahnoor,T9,dine_in,CAP,Cappuccino,Coffee,1,560,0.0,0.0,1,0,0,partial_void,cash,0.0,0.15,
ORD002327,2026-05-17 22:46:43,S01,Ayesha,T2,dine_in,BFP,Big Breakfast,Food,1,1850,1850.0,0.0,0,0,0,closed,qr,1942.0,0.05,Cbf1fa8f7c6
ORD002327,2026-05-17 22:46:43,S01,Ayesha,T2,dine_in,IMP,Imported Soda,Other,1,480,0.0,96.0,1,0,0,partial_void,qr,1942.0,0.05,Cbf1fa8f7c6
ORD002328,2026-05-17 16:52:26,S08,Mahnoor,T9,dine_in,MAT,Matcha Latte,Coffee,1,720,720.0,0.0,0,0,0,closed,card,756.0,0.05,C3baae6f192
ORD002329,2026-05-17 10:50:40,S05,Usman,T11,dine_in,CLB,Cold Brew,Coffee,1,680,680.0,0.0,0,0,0,closed,card,1638.0,0.05,Ca2c33b664c
ORD002329,2026-05-17 10:50:40,S05,Usman,T11,dine_in,CKE2,Cheesecake,Bakery,1,880,880.0,0.0,0,0,0,closed,card,1638.0,0.05,Ca2c33b664c
ORD002330,2026-05-17 20:58:57,S03,Bilal,T3,dine_in,CRO,Butter Croissant,Bakery,1,520,0.0,0.0,1,1,0,partial_void,cash,0.0,0.15,C1173024c92
ORD002331,2026-05-17 21:38:18,S01,Ayesha,T1,dine_in,ICL,Iced Latte,Coffee,1,640,640.0,0.0,0,0,0,closed,card,672.0,0.05,Cfc5da82ed6
ORD002332,2026-05-17 09:37:31,S08,Mahnoor,T14,dine_in,SAL,Garden Salad,Food,1,1250,1250.0,0.0,0,0,0,closed,cash,2035.0,0.15,
ORD002332,2026-05-17 09:37:31,S08,Mahnoor,T14,dine_in,CRO,Butter Croissant,Bakery,1,520,520.0,0.0,0,0,0,closed,cash,2035.0,0.15,
ORD002333,2026-05-17 16:33:33,S06,Zainab,T10,dine_in,PAS,Pasta,Food,1,1650,1650.0,0.0,0,0,0,closed,cash,3450.0,0.15,
ORD002333,2026-05-17 16:33:33,S06,Zainab,T10,dine_in,SAN,Chicken Sandwich,Food,1,1350,1350.0,0.0,0,0,0,closed,cash,3450.0,0.15,
ORD002334,2026-05-17 21:58:27,S04,Sara,,takeaway,ICL,Iced Latte,Coffee,1,640,640.0,0.0,0,0,0,closed,card,672.0,0.05,C17a403a366
ORD002335,2026-05-17 09:32:29,S08,Mahnoor,T3,dine_in,AVT,Avocado Toast,Food,1,1450,1450.0,0.0,0,0,0,closed,wallet,3612.0,0.05,C976a8bae2a
ORD002335,2026-05-17 09:32:29,S08,Mahnoor,T3,dine_in,SAN,Chicken Sandwich,Food,1,1350,1350.0,0.0,0,0,0,closed,wallet,3612.0,0.05,C976a8bae2a
ORD002335,2026-05-17 09:32:29,S08,Mahnoor,T3,dine_in,ICL,Iced Latte,Coffee,1,640,640.0,0.0,0,0,0,closed,wallet,3612.0,0.05,C976a8bae2a
ORD002336,2026-05-17 09:22:47,S02,Hamza,T13,dine_in,HOT,Hot Chocolate,Coffee,1,560,560.0,0.0,0,0,0,closed,card,588.0,0.05,Ca77d93ef85
ORD002337,2026-05-17 08:55:42,S08,Mahnoor,T5,dine_in,AVT,Avocado Toast,Food,1,1450,1450.0,0.0,0,0,0,closed,card,2152.0,0.05,Cd923cf20c8
ORD002337,2026-05-17 08:55:42,S08,Mahnoor,T5,dine_in,FLW,Flat White,Coffee,1,600,600.0,0.0,0,0,0,closed,card,2152.0,0.05,Cd923cf20c8
ORD002338,2026-05-17 17:36:25,S03,Bilal,T4,dine_in,HOT,Hot Chocolate,Coffee,1,560,560.0,0.0,0,0,0,closed,cash,644.0,0.15,
ORD002339,2026-05-17 18:49:44,S08,Mahnoor,,takeaway,CRO,Butter Croissant,Bakery,1,520,520.0,0.0,0,0,0,closed,cash,598.0,0.15,
ORD002340,2026-05-17 14:55:27,S07,Daniyal,T16,dine_in,FLW,Flat White,Coffee,1,600,600.0,0.0,0,0,0,closed,cash,690.0,0.15,
ORD002341,2026-05-18 09:17:23,S01,Ayesha,T5,dine_in,AVT,Avocado Toast,Food,2,1450,2900.0,0.0,0,0,0,closed,cash,4370.0,0.15,C30e3532b37
ORD002341,2026-05-18 09:17:23,S01,Ayesha,T5,dine_in,ESP,Espresso,Coffee,1,420,420.0,0.0,0,0,0,closed,cash,4370.0,0.15,C30e3532b37
ORD002341,2026-05-18 09:17:23,S01,Ayesha,T5,dine_in,AMR,Americano,Coffee,1,480,480.0,0.0,0,0,0,closed,cash,4370.0,0.15,C30e3532b37
ORD002342,2026-05-18 12:42:05,S06,Zainab,T4,dine_in,SAN,Chicken Sandwich,Food,2,1350,2700.0,0.0,0,0,0,closed,card,3339.0,0.05,C1173024c92
ORD002342,2026-05-18 12:42:05,S06,Zainab,T4,dine_in,IMP,Imported Soda,Other,1,480,480.0,0.0,0,0,0,closed,card,3339.0,0.05,C1173024c92
ORD002343,2026-05-18 20:42:02,S05,Usman,T11,dine_in,BFP,Big Breakfast,Food,1,1850,1850.0,0.0,0,0,0,closed,cash,2875.0,0.15,
ORD002343,2026-05-18 20:42:02,S05,Usman,T11,dine_in,MOC,Mocha,Coffee,1,650,650.0,0.0,0,0,0,closed,cash,2875.0,0.15,
ORD002344,2026-05-18 10:47:44,S01,Ayesha,T7,dine_in,AMR,Americano,Coffee,1,480,480.0,0.0,0,0,0,closed,wallet,504.0,0.05,Cfc5da82ed6
ORD002345,2026-05-18 10:50:01,S03,Bilal,T17,dine_in,HOT,Hot Chocolate,Coffee,1,560,560.0,0.0,0,0,0,closed,qr,1176.0,0.05,C6a2e726cff
ORD002345,2026-05-18 10:50:01,S03,Bilal,T17,dine_in,CAP,Cappuccino,Coffee,1,560,560.0,0.0,0,0,0,closed,qr,1176.0,0.05,C6a2e726cff
ORD002346,2026-05-18 10:44:12,S01,Ayesha,,takeaway,HOT,Hot Chocolate,Coffee,1,560,560.0,0.0,0,0,0,closed,cash,644.0,0.15,
ORD002347,2026-05-18 13:59:07,S07,Daniyal,T7,dine_in,AMR,Americano,Coffee,1,480,480.0,0.0,0,0,0,closed,cash,1300.0,0.15,
ORD002347,2026-05-18 13:59:07,S07,Daniyal,T7,dine_in,MOC,Mocha,Coffee,1,650,650.0,0.0,0,0,0,closed,cash,1300.0,0.15,
ORD002348,2026-05-18 19:18:06,S01,Ayesha,T15,dine_in,ESP,Espresso,Coffee,1,420,357.0,63.0,0,0,0,closed,cash,411.0,0.15,
ORD002349,2026-05-18 16:47:32,S02,Hamza,T18,dine_in,LAT,Cafe Latte,Coffee,1,580,580.0,0.0,0,0,0,closed,qr,609.0,0.05,C2ad4920dbb
ORD002350,2026-05-18 11:02:33,S01,Ayesha,T4,dine_in,ICL,Iced Latte,Coffee,1,640,640.0,0.0,0,0,0,closed,card,672.0,0.05,C6dfb2713f9
ORD002351,2026-05-18 10:00:33,S02,Hamza,T4,dine_in,CLB,Cold Brew,Coffee,1,680,680.0,0.0,0,0,0,closed,card,714.0,0.05,C8641ddcc9a
ORD002352,2026-05-18 13:22:02,S01,Ayesha,T10,dine_in,CAP,Cappuccino,Coffee,1,560,448.0,112.0,0,0,0,closed,card,1016.0,0.05,C23c60fd394
ORD002352,2026-05-18 13:22:02,S01,Ayesha,T10,dine_in,CRO,Butter Croissant,Bakery,1,520,520.0,0.0,0,0,0,closed,card,1016.0,0.05,C23c60fd394
ORD002353,2026-05-18 19:27:41,S06,Zainab,,takeaway,SAL,Garden Salad,Food,1,1250,1250.0,0.0,0,0,0,closed,wallet,2552.0,0.05,C0f8251e144
ORD002353,2026-05-18 19:27:41,S06,Zainab,,takeaway,LAT,Cafe Latte,Coffee,1,580,580.0,0.0,0,0,0,closed,wallet,2552.0,0.05,C0f8251e144
ORD002353,2026-05-18 19:27:41,S06,Zainab,,takeaway,PNC,Pain au Chocolat,Bakery,1,600,600.0,0.0,0,0,0,closed,wallet,2552.0,0.05,C0f8251e144
ORD002354,2026-05-18 18:22:04,S05,Usman,,takeaway,SAN,Chicken Sandwich,Food,1,1350,1350.0,0.0,0,0,0,closed,cash,2091.0,0.15,
ORD002354,2026-05-18 18:22:04,S05,Usman,,takeaway,CRO,Butter Croissant,Bakery,1,520,468.0,52.0,0,0,0,closed,cash,2091.0,0.15,
ORD002355,2026-05-18 07:17:44,S07,Daniyal,T6,dine_in,MOC,Mocha,Coffee,1,650,520.0,130.0,0,0,0,closed,wallet,1470.0,0.05,Ca376152b0e
ORD002355,2026-05-18 07:17:44,S07,Daniyal,T6,dine_in,CKE2,Cheesecake,Bakery,1,880,880.0,0.0,0,0,0,closed,wallet,1470.0,0.05,Ca376152b0e
ORD002356,2026-05-18 14:56:25,S07,Daniyal,,takeaway,CRO,Butter Croissant,Bakery,1,520,520.0,0.0,0,0,0,closed,qr,546.0,0.05,Cf4895fd9dd
ORD002357,2026-05-18 15:03:06,S07,Daniyal,T9,dine_in,LAT,Cafe Latte,Coffee,1,580,580.0,0.0,0,0,0,closed,qr,609.0,0.05,Cadc75d3967
ORD002358,2026-05-18 10:37:32,S08,Mahnoor,T6,dine_in,ICL,Iced Latte,Coffee,1,640,640.0,0.0,0,0,0,closed,wallet,672.0,0.05,C9e21041007
ORD002359,2026-05-18 07:35:03,S08,Mahnoor,T8,dine_in,CLB,Cold Brew,Coffee,1,680,680.0,0.0,0,0,0,closed,cash,782.0,0.15,C96285ec529
ORD002360,2026-05-18 19:53:58,S05,Usman,T14,dine_in,MOC,Mocha,Coffee,1,650,650.0,0.0,0,0,0,closed,card,1396.0,0.05,C123b3ed53f
ORD002360,2026-05-18 19:53:58,S05,Usman,T14,dine_in,CLB,Cold Brew,Coffee,1,680,680.0,0.0,0,0,0,closed,card,1396.0,0.05,C123b3ed53f
ORD002361,2026-05-18 13:18:46,S06,Zainab,T4,dine_in,LAT,Cafe Latte,Coffee,1,580,580.0,0.0,0,0,0,closed,wallet,1281.0,0.05,Cdda4a81b49
ORD002361,2026-05-18 13:18:46,S06,Zainab,T4,dine_in,ICL,Iced Latte,Coffee,1,640,640.0,0.0,0,0,0,closed,wallet,1281.0,0.05,Cdda4a81b49
ORD002362,2026-05-18 15:47:10,S05,Usman,,takeaway,ICL,Iced Latte,Coffee,1,640,640.0,0.0,0,0,0,closed,wallet,672.0,0.05,Cafc4b0bf78
ORD002362,2026-05-18 15:47:10,S05,Usman,,takeaway,PNC,Pain au Chocolat,Bakery,1,600,0.0,0.0,0,0,1,closed,wallet,672.0,0.05,Cafc4b0bf78
ORD002363,2026-05-18 07:12:22,S04,Sara,T11,dine_in,CAP,Cappuccino,Coffee,1,560,560.0,0.0,0,0,0,closed,cash,1196.0,0.15,
ORD002363,2026-05-18 07:12:22,S04,Sara,T11,dine_in,IMP,Imported Soda,Other,1,480,480.0,0.0,0,0,0,closed,cash,1196.0,0.15,
ORD002364,2026-05-18 11:36:42,S06,Zainab,T5,dine_in,ICL,Iced Latte,Coffee,1,640,544.0,96.0,0,0,0,closed,wallet,571.0,0.05,C1b39e25e1c
ORD002365,2026-05-18 09:41:56,S03,Bilal,,takeaway,LAT,Cafe Latte,Coffee,1,580,580.0,0.0,0,0,0,closed,cash,667.0,0.15,
ORD002366,2026-05-18 15:33:59,S02,Hamza,,takeaway,LAT,Cafe Latte,Coffee,1,580,580.0,0.0,0,0,0,closed,card,609.0,0.05,Cadc987ad2c
ORD002367,2026-05-18 20:18:27,S06,Zainab,,takeaway,FLW,Flat White,Coffee,1,600,600.0,0.0,0,0,0,closed,wallet,1312.0,0.05,Cc4193a4bd3
ORD002367,2026-05-18 20:18:27,S06,Zainab,,takeaway,MOC,Mocha,Coffee,1,650,650.0,0.0,0,0,0,closed,wallet,1312.0,0.05,Cc4193a4bd3
ORD002368,2026-05-18 08:50:04,S04,Sara,T12,dine_in,BFP,Big Breakfast,Food,1,1850,1850.0,0.0,0,0,0,closed,cash,6244.0,0.15,
ORD002368,2026-05-18 08:50:04,S04,Sara,T12,dine_in,AVT,Avocado Toast,Food,2,1450,2900.0,0.0,0,0,0,closed,cash,6244.0,0.15,
ORD002368,2026-05-18 08:50:04,S04,Sara,T12,dine_in,CLB,Cold Brew,Coffee,1,680,680.0,0.0,0,0,0,closed,cash,6244.0,0.15,
ORD002369,2026-05-18 07:25:07,S04,Sara,,takeaway,FLW,Flat White,Coffee,1,600,600.0,0.0,0,0,0,closed,cash,690.0,0.15,
ORD002370,2026-05-18 07:41:20,S02,Hamza,T4,dine_in,CAP,Cappuccino,Coffee,1,560,560.0,0.0,0,0,0,closed,cash,1426.0,0.15,
ORD002370,2026-05-18 07:41:20,S02,Hamza,T4,dine_in,CLB,Cold Brew,Coffee,1,680,680.0,0.0,0,0,0,closed,cash,1426.0,0.15,
ORD002371,2026-05-18 22:12:04,S02,Hamza,T8,dine_in,ICL,Iced Latte,Coffee,1,640,640.0,0.0,0,0,0,closed,cash,736.0,0.15,
ORD002372,2026-05-18 17:43:24,S07,Daniyal,T14,dine_in,FLW,Flat White,Coffee,1,600,540.0,60.0,0,0,0,closed,wallet,567.0,0.05,C0b90585403
ORD002373,2026-05-18 08:19:55,S08,Mahnoor,T5,dine_in,AVT,Avocado Toast,Food,2,1450,2900.0,0.0,0,0,0,closed,card,3045.0,0.05,C83c00474cb
ORD002374,2026-05-18 18:21:02,S07,Daniyal,T2,dine_in,PAS,Pasta,Food,1,1650,1650.0,0.0,0,0,0,closed,cash,2634.0,0.15,Cd1e93a6d3b
ORD002374,2026-05-18 18:21:02,S07,Daniyal,T2,dine_in,ICL,Iced Latte,Coffee,1,640,640.0,0.0,0,0,0,closed,cash,2634.0,0.15,Cd1e93a6d3b
ORD002375,2026-05-18 18:55:27,S07,Daniyal,T12,dine_in,AVT,Avocado Toast,Food,1,1450,1450.0,0.0,0,0,0,closed,card,2110.0,0.05,Cfc5da82ed6
ORD002375,2026-05-18 18:55:27,S07,Daniyal,T12,dine_in,HOT,Hot Chocolate,Coffee,1,560,560.0,0.0,0,0,0,closed,card,2110.0,0.05,Cfc5da82ed6
ORD002376,2026-05-18 15:05:59,S05,Usman,,takeaway,AMR,Americano,Coffee,1,480,480.0,0.0,0,0,0,closed,cash,552.0,0.15,Cadc75d3967
ORD002377,2026-05-18 11:30:00,S03,Bilal,,takeaway,PAS,Pasta,Food,1,1650,1650.0,0.0,0,0,0,closed,qr,2446.0,0.05,C48db1936bb
ORD002377,2026-05-18 11:30:00,S03,Bilal,,takeaway,CLB,Cold Brew,Coffee,1,680,680.0,0.0,0,0,0,closed,qr,2446.0,0.05,C48db1936bb
ORD002378,2026-05-18 18:09:38,S04,Sara,T15,dine_in,FLW,Flat White,Coffee,1,600,600.0,0.0,0,0,0,closed,cash,690.0,0.15,C31253454a7
ORD002379,2026-05-18 22:31:49,S06,Zainab,T3,dine_in,CRO,Butter Croissant,Bakery,1,520,520.0,0.0,0,0,0,closed,cash,598.0,0.15,
ORD002380,2026-05-18 18:47:17,S07,Daniyal,T14,dine_in,FLW,Flat White,Coffee,1,600,600.0,0.0,0,0,0,closed,qr,630.0,0.05,C41e6a80264
ORD002381,2026-05-18 09:34:15,S08,Mahnoor,T1,dine_in,CRO,Butter Croissant,Bakery,1,520,520.0,0.0,0,0,0,closed,wallet,1659.0,0.05,C998fad6fa0
ORD002381,2026-05-18 09:34:15,S08,Mahnoor,T1,dine_in,AMR,Americano,Coffee,1,480,480.0,0.0,0,0,0,closed,wallet,1659.0,0.05,C998fad6fa0
ORD002381,2026-05-18 09:34:15,S08,Mahnoor,T1,dine_in,LAT,Cafe Latte,Coffee,1,580,580.0,0.0,0,0,0,closed,wallet,1659.0,0.05,C998fad6fa0
ORD002382,2026-05-18 07:51:48,S06,Zainab,,takeaway,AMR,Americano,Coffee,1,480,480.0,0.0,0,0,0,closed,cash,552.0,0.15,
ORD002383,2026-05-18 08:20:11,S01,Ayesha,,takeaway,MOC,Mocha,Coffee,1,650,650.0,0.0,0,0,0,closed,cash,1644.0,0.15,
ORD002383,2026-05-18 08:20:11,S01,Ayesha,,takeaway,CKE,Slice of Cake,Bakery,1,780,780.0,0.0,0,0,0,closed,cash,1644.0,0.15,
ORD002384,2026-05-18 07:24:06,S05,Usman,T18,dine_in,AMR,Americano,Coffee,1,480,480.0,0.0,0,0,0,closed,qr,504.0,0.05,Ca376152b0e
ORD002385,2026-05-18 13:16:02,S06,Zainab,,takeaway,HOT,Hot Chocolate,Coffee,1,560,0.0,0.0,1,0,0,partial_void,cash,0.0,0.15,
ORD002386,2026-05-18 20:49:28,S04,Sara,,takeaway,MOC,Mocha,Coffee,1,650,650.0,0.0,0,0,0,closed,card,682.0,0.05,C651e9754b8
ORD002387,2026-05-18 08:41:01,S03,Bilal,,takeaway,WTR,Bottled Water,Other,1,150,128.0,22.0,0,0,0,closed,wallet,134.0,0.05,C414bfde76f
ORD002388,2026-05-18 08:12:23,S08,Mahnoor,T10,dine_in,AMR,Americano,Coffee,1,480,480.0,0.0,0,0,0,closed,card,504.0,0.05,Ca77d93ef85
ORD002389,2026-05-18 20:44:50,S06,Zainab,T4,dine_in,PAS,Pasta,Food,1,1650,1650.0,0.0,0,0,0,closed,card,4358.0,0.05,C48bfa448ba
ORD002389,2026-05-18 20:44:50,S06,Zainab,T4,dine_in,SAL,Garden Salad,Food,2,1250,2500.0,0.0,0,0,0,closed,card,4358.0,0.05,C48bfa448ba
ORD002390,2026-05-18 21:04:16,S03,Bilal,,takeaway,WTR,Bottled Water,Other,1,150,150.0,0.0,0,0,0,closed,card,158.0,0.05,C74caaa80b4
ORD002391,2026-05-18 08:28:04,S08,Mahnoor,,takeaway,ESP,Espresso,Coffee,1,420,420.0,0.0,0,0,0,closed,wallet,1155.0,0.05,C6a2e726cff
ORD002391,2026-05-18 08:28:04,S08,Mahnoor,,takeaway,CLB,Cold Brew,Coffee,1,680,680.0,0.0,0,0,0,closed,wallet,1155.0,0.05,C6a2e726cff
ORD002391,2026-05-18 08:28:04,S08,Mahnoor,,takeaway,CRO,Butter Croissant,Bakery,1,520,0.0,0.0,0,0,1,closed,wallet,1155.0,0.05,C6a2e726cff
ORD002392,2026-05-18 07:59:31,S07,Daniyal,,takeaway,PAS,Pasta,Food,1,1650,1650.0,0.0,0,0,0,closed,card,1732.0,0.05,Ca4c85907e3
ORD002393,2026-05-18 17:29:10,S01,Ayesha,,takeaway,SAN,Chicken Sandwich,Food,1,1350,1080.0,270.0,0,0,0,closed,qr,1134.0,0.05,C0b90585403
ORD002394,2026-05-18 19:18:54,S03,Bilal,,takeaway,MAT,Matcha Latte,Coffee,1,720,720.0,0.0,0,0,0,closed,cash,1380.0,0.15,
ORD002394,2026-05-18 19:18:54,S03,Bilal,,takeaway,IMP,Imported Soda,Other,1,480,480.0,0.0,0,0,0,closed,cash,1380.0,0.15,
ORD002395,2026-05-18 13:45:53,S02,Hamza,,takeaway,PNC,Pain au Chocolat,Bakery,1,600,600.0,0.0,0,0,0,closed,card,1134.0,0.05,C67f7e79758
ORD002395,2026-05-18 13:45:53,S02,Hamza,,takeaway,IMP,Imported Soda,Other,1,480,480.0,0.0,0,0,0,closed,card,1134.0,0.05,C67f7e79758
ORD002396,2026-05-18 12:08:47,S02,Hamza,,takeaway,LAT,Cafe Latte,Coffee,1,580,580.0,0.0,0,0,0,closed,cash,667.0,0.15,
ORD002397,2026-05-18 09:39:09,S04,Sara,T14,dine_in,LAT,Cafe Latte,Coffee,1,580,580.0,0.0,0,0,0,closed,cash,667.0,0.15,Cf2a77cdbf7
ORD002398,2026-05-18 12:37:50,S06,Zainab,T2,dine_in,CKE,Slice of Cake,Bakery,1,780,780.0,0.0,0,0,0,closed,wallet,819.0,0.05,C73e95a7b22
ORD002399,2026-05-18 08:41:43,S05,Usman,,takeaway,CKE,Slice of Cake,Bakery,1,780,780.0,0.0,0,0,0,closed,wallet,819.0,0.05,C8a062a0f7b
ORD002400,2026-05-18 10:34:27,S06,Zainab,T13,dine_in,WTR,Bottled Water,Other,1,150,150.0,0.0,0,0,0,closed,card,158.0,0.05,C8e93896e16
ORD002401,2026-05-18 19:40:18,S08,Mahnoor,T16,dine_in,PNC,Pain au Chocolat,Bakery,1,600,600.0,0.0,0,0,0,closed,card,630.0,0.05,C651e9754b8
ORD002402,2026-05-18 20:02:06,S07,Daniyal,T12,dine_in,BFP,Big Breakfast,Food,1,1850,1850.0,0.0,0,0,0,closed,card,1942.0,0.05,C41e6a80264
ORD002403,2026-05-18 08:30:01,S02,Hamza,,takeaway,CKE,Slice of Cake,Bakery,1,780,624.0,156.0,0,0,0,closed,card,1264.0,0.05,Cbf1fa8f7c6
ORD002403,2026-05-18 08:30:01,S02,Hamza,,takeaway,LAT,Cafe Latte,Coffee,1,580,580.0,0.0,0,0,0,closed,card,1264.0,0.05,Cbf1fa8f7c6
ORD002404,2026-05-18 09:30:58,S03,Bilal,T17,dine_in,AMR,Americano,Coffee,1,480,480.0,0.0,0,0,0,closed,card,504.0,0.05,Cb31a8339d2
ORD002405,2026-05-18 18:18:04,S07,Daniyal,,takeaway,CKE,Slice of Cake,Bakery,1,780,780.0,0.0,0,0,0,closed,card,819.0,0.05,C006ee82fbf
ORD002406,2026-05-18 18:47:31,S01,Ayesha,T18,dine_in,BFP,Big Breakfast,Food,1,1850,1850.0,0.0,0,0,0,closed,qr,1942.0,0.05,C862b14839d
ORD002407,2026-05-18 13:21:38,S03,Bilal,,takeaway,IMP,Imported Soda,Other,1,480,480.0,0.0,0,0,0,closed,card,504.0,0.05,Cfc3fc00b1e
ORD002408,2026-05-18 13:45:53,S04,Sara,T12,dine_in,CKE,Slice of Cake,Bakery,1,780,780.0,0.0,0,0,0,closed,qr,819.0,0.05,Cae665b872f
ORD002409,2026-05-18 08:31:41,S08,Mahnoor,T7,dine_in,LAT,Cafe Latte,Coffee,1,580,580.0,0.0,0,0,0,closed,card,609.0,0.05,C280fc1bab1
ORD002410,2026-05-18 17:38:16,S03,Bilal,T8,dine_in,CLB,Cold Brew,Coffee,1,680,0.0,0.0,1,0,0,partial_void,wallet,546.0,0.05,C6dfb2713f9
ORD002410,2026-05-18 17:38:16,S03,Bilal,T8,dine_in,CRO,Butter Croissant,Bakery,1,520,520.0,0.0,0,0,0,partial_void,wallet,546.0,0.05,C6dfb2713f9
ORD002411,2026-05-18 19:14:55,S01,Ayesha,,takeaway,CKE,Slice of Cake,Bakery,1,780,780.0,0.0,0,0,0,closed,cash,1633.0,0.15,
ORD002411,2026-05-18 19:14:55,S01,Ayesha,,takeaway,ICL,Iced Latte,Coffee,1,640,640.0,0.0,0,0,0,closed,cash,1633.0,0.15,
ORD002412,2026-05-18 09:29:09,S04,Sara,T4,dine_in,CAP,Cappuccino,Coffee,1,560,560.0,0.0,0,0,0,closed,cash,1955.0,0.15,
ORD002412,2026-05-18 09:29:09,S04,Sara,T4,dine_in,CAP,Cappuccino,Coffee,1,560,560.0,0.0,0,0,0,closed,cash,1955.0,0.15,
ORD002412,2026-05-18 09:29:09,S04,Sara,T4,dine_in,LAT,Cafe Latte,Coffee,1,580,580.0,0.0,0,0,0,closed,cash,1955.0,0.15,
ORD002413,2026-05-18 18:55:16,S07,Daniyal,,takeaway,CKE,Slice of Cake,Bakery,1,780,780.0,0.0,0,0,0,closed,card,2552.0,0.05,Cdf0bd6d485
ORD002413,2026-05-18 18:55:16,S07,Daniyal,,takeaway,PAS,Pasta,Food,1,1650,1650.0,0.0,0,0,0,closed,card,2552.0,0.05,Cdf0bd6d485
ORD002414,2026-05-18 19:56:45,S08,Mahnoor,T10,dine_in,ESP,Espresso,Coffee,1,420,420.0,0.0,0,0,0,closed,card,441.0,0.05,Cd1214aa2be
ORD002415,2026-05-18 21:30:39,S03,Bilal,T4,dine_in,CAP,Cappuccino,Coffee,1,560,560.0,0.0,0,0,0,closed,cash,1334.0,0.15,
ORD002415,2026-05-18 21:30:39,S03,Bilal,T4,dine_in,PNC,Pain au Chocolat,Bakery,1,600,600.0,0.0,0,0,0,closed,cash,1334.0,0.15,
ORD002416,2026-05-18 10:53:34,S05,Usman,T18,dine_in,ESP,Espresso,Coffee,1,420,420.0,0.0,0,0,0,closed,cash,483.0,0.15,
ORD002417,2026-05-18 18:34:07,S02,Hamza,T7,dine_in,MOC,Mocha,Coffee,1,650,650.0,0.0,0,0,0,closed,cash,1438.0,0.15,
ORD002417,2026-05-18 18:34:07,S02,Hamza,T7,dine_in,FLW,Flat White,Coffee,1,600,600.0,0.0,0,0,0,closed,cash,1438.0,0.15,
ORD002418,2026-05-18 22:20:41,S03,Bilal,,takeaway,AVT,Avocado Toast,Food,1,1450,1450.0,0.0,0,0,0,closed,qr,1522.0,0.05,Ca204788647
ORD002418,2026-05-18 22:20:41,S03,Bilal,,takeaway,ESP,Espresso,Coffee,1,420,0.0,0.0,0,0,1,closed,qr,1522.0,0.05,Ca204788647
ORD002419,2026-05-18 22:31:30,S03,Bilal,,takeaway,AMR,Americano,Coffee,1,480,480.0,0.0,0,0,0,closed,cash,552.0,0.15,
ORD002420,2026-05-18 18:13:47,S01,Ayesha,T1,dine_in,AMR,Americano,Coffee,1,480,480.0,0.0,0,0,0,closed,cash,3346.0,0.15,
ORD002420,2026-05-18 18:13:47,S01,Ayesha,T1,dine_in,PAS,Pasta,Food,1,1650,1650.0,0.0,0,0,0,closed,cash,3346.0,0.15,
ORD002420,2026-05-18 18:13:47,S01,Ayesha,T1,dine_in,CKE,Slice of Cake,Bakery,1,780,780.0,0.0,0,0,0,closed,cash,3346.0,0.15,
ORD002421,2026-05-18 11:01:38,S04,Sara,T4,dine_in,ICL,Iced Latte,Coffee,1,640,640.0,0.0,0,0,0,closed,wallet,672.0,0.05,Cd923cf20c8
ORD002422,2026-05-18 08:01:26,S02,Hamza,,takeaway,FLW,Flat White,Coffee,1,600,540.0,60.0,0,0,0,closed,cash,2794.0,0.15,
ORD002422,2026-05-18 08:01:26,S02,Hamza,,takeaway,SAL,Garden Salad,Food,1,1250,1250.0,0.0,0,0,0,closed,cash,2794.0,0.15,
ORD002422,2026-05-18 08:01:26,S02,Hamza,,takeaway,ICL,Iced Latte,Coffee,1,640,640.0,0.0,0,0,0,closed,cash,2794.0,0.15,
ORD002423,2026-05-18 09:03:49,S07,Daniyal,,takeaway,CKE,Slice of Cake,Bakery,1,780,780.0,0.0,0,0,0,closed,wallet,819.0,0.05,C6ef606ae5e
ORD002424,2026-05-18 17:08:01,S08,Mahnoor,,takeaway,ICL,Iced Latte,Coffee,1,640,640.0,0.0,0,0,0,closed,qr,2614.0,0.05,Cb9b1b808c7
ORD002424,2026-05-18 17:08:01,S08,Mahnoor,,takeaway,BFP,Big Breakfast,Food,1,1850,1850.0,0.0,0,0,0,closed,qr,2614.0,0.05,Cb9b1b808c7
ORD002425,2026-05-18 10:34:55,S05,Usman,T14,dine_in,MAT,Matcha Latte,Coffee,1,720,720.0,0.0,0,0,0,closed,card,1184.0,0.05,Ca0367143e1
ORD002425,2026-05-18 10:34:55,S05,Usman,T14,dine_in,AMR,Americano,Coffee,1,480,408.0,72.0,0,0,0,closed,card,1184.0,0.05,Ca0367143e1
ORD002426,2026-05-18 17:57:58,S06,Zainab,,takeaway,FLW,Flat White,Coffee,1,600,600.0,0.0,0,0,0,closed,cash,1334.0,0.15,
ORD002426,2026-05-18 17:57:58,S06,Zainab,,takeaway,HOT,Hot Chocolate,Coffee,1,560,560.0,0.0,0,0,0,closed,cash,1334.0,0.15,
ORD002427,2026-05-19 21:14:56,S05,Usman,,takeaway,MAT,Matcha Latte,Coffee,1,720,720.0,0.0,0,0,0,closed,card,1438.0,0.05,C6d8b2fbe8f
ORD002427,2026-05-19 21:14:56,S05,Usman,,takeaway,MOC,Mocha,Coffee,1,650,650.0,0.0,0,0,0,closed,card,1438.0,0.05,C6d8b2fbe8f
ORD002428,2026-05-19 12:00:03,S01,Ayesha,T10,dine_in,MOC,Mocha,Coffee,1,650,650.0,0.0,0,0,0,closed,card,682.0,0.05,Cfc5da82ed6
ORD002429,2026-05-19 10:22:10,S06,Zainab,T10,dine_in,FLW,Flat White,Coffee,1,600,600.0,0.0,0,0,0,closed,qr,630.0,0.05,Cbe8b6c2a41
ORD002430,2026-05-19 08:33:02,S08,Mahnoor,T3,dine_in,CAP,Cappuccino,Coffee,1,560,560.0,0.0,0,0,0,closed,card,2530.0,0.05,Cadc987ad2c
ORD002430,2026-05-19 08:33:02,S08,Mahnoor,T3,dine_in,BFP,Big Breakfast,Food,1,1850,1850.0,0.0,0,0,0,closed,card,2530.0,0.05,Cadc987ad2c
ORD002431,2026-05-19 11:21:01,S08,Mahnoor,,takeaway,CRO,Butter Croissant,Bakery,1,520,520.0,0.0,0,0,0,closed,qr,546.0,0.05,C96285ec529
ORD002432,2026-05-19 20:56:12,S02,Hamza,,takeaway,CAP,Cappuccino,Coffee,1,560,560.0,0.0,0,0,0,closed,cash,1311.0,0.15,
ORD002432,2026-05-19 20:56:12,S02,Hamza,,takeaway,LAT,Cafe Latte,Coffee,1,580,580.0,0.0,0,0,0,closed,cash,1311.0,0.15,
ORD002433,2026-05-19 15:17:24,S07,Daniyal,T17,dine_in,FLW,Flat White,Coffee,1,600,600.0,0.0,0,0,0,closed,cash,690.0,0.15,
ORD002434,2026-05-19 17:55:05,S04,Sara,,takeaway,CKE,Slice of Cake,Bakery,1,780,780.0,0.0,0,0,0,closed,cash,2564.0,0.15,
ORD002434,2026-05-19 17:55:05,S04,Sara,,takeaway,AVT,Avocado Toast,Food,1,1450,1450.0,0.0,0,0,0,closed,cash,2564.0,0.15,
ORD002435,2026-05-19 09:58:53,S05,Usman,,takeaway,ESP,Espresso,Coffee,1,420,420.0,0.0,0,0,0,closed,qr,441.0,0.05,Cf6ab8afba7
ORD002436,2026-05-19 19:57:25,S04,Sara,,takeaway,CKE2,Cheesecake,Bakery,1,880,880.0,0.0,0,0,0,closed,wallet,924.0,0.05,C52cc78336b
ORD002437,2026-05-19 21:30:25,S08,Mahnoor,T9,dine_in,AMR,Americano,Coffee,1,480,480.0,0.0,0,0,0,closed,wallet,504.0,0.05,C1173024c92
ORD002438,2026-05-19 16:29:07,S07,Daniyal,T18,dine_in,ICL,Iced Latte,Coffee,1,640,640.0,0.0,0,0,0,closed,cash,736.0,0.15,
ORD002439,2026-05-19 17:37:07,S04,Sara,,takeaway,PNC,Pain au Chocolat,Bakery,1,600,600.0,0.0,0,0,0,closed,card,630.0,0.05,C27e2e0b8bc
ORD002440,2026-05-19 14:33:50,S06,Zainab,T15,dine_in,PNC,Pain au Chocolat,Bakery,1,600,600.0,0.0,0,0,0,closed,card,630.0,0.05,Cf75f1d84fe
ORD002441,2026-05-19 16:52:26,S08,Mahnoor,T10,dine_in,SAL,Garden Salad,Food,1,1250,1250.0,0.0,0,0,0,closed,wallet,2056.0,0.05,C52c10a5cf0
ORD002441,2026-05-19 16:52:26,S08,Mahnoor,T10,dine_in,WTR,Bottled Water,Other,1,150,128.0,22.0,0,0,0,closed,wallet,2056.0,0.05,C52c10a5cf0
ORD002441,2026-05-19 16:52:26,S08,Mahnoor,T10,dine_in,LAT,Cafe Latte,Coffee,1,580,580.0,0.0,0,0,0,closed,wallet,2056.0,0.05,C52c10a5cf0
ORD002442,2026-05-19 09:02:40,S06,Zainab,T11,dine_in,LAT,Cafe Latte,Coffee,1,580,580.0,0.0,0,0,0,closed,card,609.0,0.05,Cf75f1d84fe
ORD002443,2026-05-19 13:21:45,S08,Mahnoor,T14,dine_in,LAT,Cafe Latte,Coffee,1,580,580.0,0.0,0,0,0,closed,card,609.0,0.05,C46b4680713
ORD002444,2026-05-19 15:13:49,S01,Ayesha,,takeaway,CRO,Butter Croissant,Bakery,1,520,520.0,0.0,0,0,0,closed,card,546.0,0.05,C9a3596b464
ORD002445,2026-05-19 13:56:35,S08,Mahnoor,T18,dine_in,CAP,Cappuccino,Coffee,1,560,560.0,0.0,0,0,0,closed,cash,2714.0,0.15,
ORD002445,2026-05-19 13:56:35,S08,Mahnoor,T18,dine_in,PAS,Pasta,Food,1,1650,1650.0,0.0,0,0,0,closed,cash,2714.0,0.15,
ORD002445,2026-05-19 13:56:35,S08,Mahnoor,T18,dine_in,WTR,Bottled Water,Other,1,150,150.0,0.0,0,0,0,closed,cash,2714.0,0.15,
ORD002446,2026-05-19 08:41:57,S05,Usman,T12,dine_in,BFP,Big Breakfast,Food,1,1850,1850.0,0.0,0,0,0,closed,card,2656.0,0.05,Cabd31f1c0f
ORD002446,2026-05-19 08:41:57,S05,Usman,T12,dine_in,CLB,Cold Brew,Coffee,1,680,680.0,0.0,0,0,0,closed,card,2656.0,0.05,Cabd31f1c0f
ORD002447,2026-05-19 21:37:07,S07,Daniyal,T14,dine_in,FLW,Flat White,Coffee,1,600,510.0,90.0,0,0,0,closed,cash,1230.0,0.15,C0f6d6d64da
ORD002447,2026-05-19 21:37:07,S07,Daniyal,T14,dine_in,CAP,Cappuccino,Coffee,1,560,560.0,0.0,0,0,0,closed,cash,1230.0,0.15,C0f6d6d64da
ORD002448,2026-05-19 14:03:30,S01,Ayesha,T3,dine_in,CKE2,Cheesecake,Bakery,1,880,792.0,88.0,0,0,0,closed,card,832.0,0.05,C3fa73ea316
ORD002449,2026-05-19 10:36:55,S03,Bilal,,takeaway,CKE,Slice of Cake,Bakery,1,780,780.0,0.0,0,0,0,closed,card,819.0,0.05,C19d751a040
ORD002450,2026-05-19 14:41:44,S03,Bilal,T10,dine_in,WTR,Bottled Water,Other,1,150,150.0,0.0,0,0,0,closed,cash,172.0,0.15,
ORD002451,2026-05-19 22:27:58,S06,Zainab,T4,dine_in,BFP,Big Breakfast,Food,2,1850,3700.0,0.0,0,0,0,closed,qr,4473.0,0.05,Cf24d420c04
ORD002451,2026-05-19 22:27:58,S06,Zainab,T4,dine_in,HOT,Hot Chocolate,Coffee,1,560,560.0,0.0,0,0,0,closed,qr,4473.0,0.05,Cf24d420c04
ORD002452,2026-05-19 14:13:36,S05,Usman,,takeaway,WTR,Bottled Water,Other,1,150,150.0,0.0,0,0,0,closed,cash,2070.0,0.15,Ccdae6010f7
ORD002452,2026-05-19 14:13:36,S05,Usman,,takeaway,PAS,Pasta,Food,1,1650,1650.0,0.0,0,0,0,closed,cash,2070.0,0.15,Ccdae6010f7
ORD002453,2026-05-19 13:15:00,S03,Bilal,,takeaway,BFP,Big Breakfast,Food,1,1850,1850.0,0.0,0,0,0,closed,cash,2875.0,0.15,Ce691a70429
ORD002453,2026-05-19 13:15:00,S03,Bilal,,takeaway,MOC,Mocha,Coffee,1,650,650.0,0.0,0,0,0,closed,cash,2875.0,0.15,Ce691a70429
ORD002454,2026-05-19 19:43:49,S04,Sara,,takeaway,CKE,Slice of Cake,Bakery,1,780,780.0,0.0,0,0,0,closed,card,819.0,0.05,C692a0e4176
ORD002455,2026-05-19 19:55:38,S02,Hamza,,takeaway,ICL,Iced Latte,Coffee,1,640,640.0,0.0,0,0,0,closed,wallet,672.0,0.05,C398aefc8de
ORD002456,2026-05-19 14:18:01,S08,Mahnoor,T6,dine_in,MOC,Mocha,Coffee,1,650,650.0,0.0,0,0,0,closed,cash,1414.0,0.15,
ORD002456,2026-05-19 14:18:01,S08,Mahnoor,T6,dine_in,LAT,Cafe Latte,Coffee,1,580,580.0,0.0,0,0,0,closed,cash,1414.0,0.15,
ORD002456,2026-05-19 14:18:01,S08,Mahnoor,T6,dine_in,CKE2,Cheesecake,Bakery,1,880,0.0,88.0,1,0,0,partial_void,cash,1414.0,0.15,
ORD002457,2026-05-19 14:38:49,S05,Usman,T8,dine_in,MOC,Mocha,Coffee,1,650,650.0,0.0,0,0,0,closed,cash,747.0,0.15,
ORD002458,2026-05-19 09:20:01,S02,Hamza,T12,dine_in,CAP,Cappuccino,Coffee,1,560,560.0,0.0,0,0,0,closed,card,588.0,0.05,C1771e35d2c
ORD002459,2026-05-19 17:52:14,S08,Mahnoor,T2,dine_in,CKE,Slice of Cake,Bakery,1,780,780.0,0.0,0,0,0,closed,cash,1564.0,0.15,
ORD002459,2026-05-19 17:52:14,S08,Mahnoor,T2,dine_in,LAT,Cafe Latte,Coffee,1,580,0.0,87.0,1,0,0,partial_void,cash,1564.0,0.15,
ORD002459,2026-05-19 17:52:14,S08,Mahnoor,T2,dine_in,LAT,Cafe Latte,Coffee,1,580,580.0,0.0,0,0,0,partial_void,cash,1564.0,0.15,
ORD002460,2026-05-19 21:29:13,S04,Sara,,takeaway,SAN,Chicken Sandwich,Food,2,1350,2700.0,0.0,0,0,0,closed,cash,3105.0,0.15,
ORD002461,2026-05-19 08:04:52,S03,Bilal,,takeaway,ESP,Espresso,Coffee,1,420,336.0,84.0,0,0,0,closed,card,353.0,0.05,C3bcc5f8ee1
ORD002462,2026-05-19 20:59:25,S01,Ayesha,T11,dine_in,MAT,Matcha Latte,Coffee,1,720,612.0,108.0,0,0,0,closed,wallet,643.0,0.05,C137f340443
ORD002463,2026-05-19 17:50:02,S05,Usman,T3,dine_in,HOT,Hot Chocolate,Coffee,1,560,560.0,0.0,0,0,0,closed,wallet,1218.0,0.05,Ceeb466a4a4
ORD002463,2026-05-19 17:50:02,S05,Usman,T3,dine_in,FLW,Flat White,Coffee,1,600,600.0,0.0,0,0,0,closed,wallet,1218.0,0.05,Ceeb466a4a4
ORD002464,2026-05-19 13:49:12,S05,Usman,,takeaway,CLB,Cold Brew,Coffee,1,680,680.0,0.0,0,0,0,closed,qr,2132.0,0.05,C96285ec529
ORD002464,2026-05-19 13:49:12,S05,Usman,,takeaway,SAN,Chicken Sandwich,Food,1,1350,1350.0,0.0,0,0,0,closed,qr,2132.0,0.05,C96285ec529
ORD002465,2026-05-19 09:25:55,S05,Usman,,takeaway,CKE,Slice of Cake,Bakery,1,780,780.0,0.0,0,0,0,closed,cash,1679.0,0.15,
ORD002465,2026-05-19 09:25:55,S05,Usman,,takeaway,CLB,Cold Brew,Coffee,1,680,680.0,0.0,0,0,0,closed,cash,1679.0,0.15,
ORD002466,2026-05-19 10:06:50,S02,Hamza,T18,dine_in,HOT,Hot Chocolate,Coffee,1,560,560.0,0.0,0,0,0,closed,wallet,588.0,0.05,Cd923cf20c8
ORD002467,2026-05-19 19:58:31,S01,Ayesha,T13,dine_in,FLW,Flat White,Coffee,1,600,600.0,0.0,0,0,0,closed,cash,1242.0,0.15,
ORD002467,2026-05-19 19:58:31,S01,Ayesha,T13,dine_in,AMR,Americano,Coffee,1,480,480.0,0.0,0,0,0,closed,cash,1242.0,0.15,
ORD002468,2026-05-19 22:49:09,S07,Daniyal,T1,dine_in,BFP,Big Breakfast,Food,1,1850,1850.0,0.0,0,0,0,closed,cash,2128.0,0.15,Ca77d93ef85
ORD002469,2026-05-19 20:32:16,S08,Mahnoor,T5,dine_in,CAP,Cappuccino,Coffee,1,560,0.0,0.0,0,0,1,closed,card,588.0,0.05,C6a2e726cff
ORD002469,2026-05-19 20:32:16,S08,Mahnoor,T5,dine_in,CAP,Cappuccino,Coffee,1,560,560.0,0.0,0,0,0,closed,card,588.0,0.05,C6a2e726cff
ORD002470,2026-05-19 17:27:34,S02,Hamza,,takeaway,SAL,Garden Salad,Food,1,1250,1250.0,0.0,0,0,0,closed,card,1312.0,0.05,Cd1e93a6d3b
ORD002471,2026-05-19 07:20:16,S02,Hamza,,takeaway,CLB,Cold Brew,Coffee,1,680,680.0,0.0,0,0,0,closed,wallet,1218.0,0.05,Cf4895fd9dd
ORD002471,2026-05-19 07:20:16,S02,Hamza,,takeaway,AMR,Americano,Coffee,1,480,480.0,0.0,0,0,0,closed,wallet,1218.0,0.05,Cf4895fd9dd
ORD002472,2026-05-19 10:58:30,S05,Usman,T10,dine_in,CRO,Butter Croissant,Bakery,1,520,520.0,0.0,0,0,0,closed,qr,546.0,0.05,C25fde7e354
ORD002473,2026-05-19 11:44:05,S03,Bilal,,takeaway,CAP,Cappuccino,Coffee,1,560,560.0,0.0,0,0,0,closed,card,1197.0,0.05,Ca1e8edbdac
ORD002473,2026-05-19 11:44:05,S03,Bilal,,takeaway,LAT,Cafe Latte,Coffee,1,580,580.0,0.0,0,0,0,closed,card,1197.0,0.05,Ca1e8edbdac
ORD002474,2026-05-19 12:34:14,S04,Sara,T15,dine_in,MAT,Matcha Latte,Coffee,1,720,720.0,0.0,0,0,0,closed,qr,756.0,0.05,C280fc1bab1
ORD002475,2026-05-19 13:51:17,S05,Usman,,takeaway,SAN,Chicken Sandwich,Food,1,1350,1350.0,0.0,0,0,0,closed,cash,1725.0,0.15,
ORD002475,2026-05-19 13:51:17,S05,Usman,,takeaway,WTR,Bottled Water,Other,1,150,150.0,0.0,0,0,0,closed,cash,1725.0,0.15,
ORD002476,2026-05-19 07:47:00,S01,Ayesha,T16,dine_in,SAN,Chicken Sandwich,Food,1,1350,1350.0,0.0,0,0,0,closed,wallet,2006.0,0.05,Ccb8af0dea2
ORD002476,2026-05-19 07:47:00,S01,Ayesha,T16,dine_in,CAP,Cappuccino,Coffee,1,560,560.0,0.0,0,0,0,closed,wallet,2006.0,0.05,Ccb8af0dea2
ORD002477,2026-05-19 13:06:20,S02,Hamza,T13,dine_in,HOT,Hot Chocolate,Coffee,1,560,560.0,0.0,0,0,0,closed,wallet,588.0,0.05,Cfc5da82ed6
ORD002478,2026-05-19 13:12:24,S01,Ayesha,T12,dine_in,SAL,Garden Salad,Food,1,1250,1250.0,0.0,0,0,0,closed,card,1312.0,0.05,C3a3a8c18b6
ORD002479,2026-05-19 13:58:01,S07,Daniyal,T1,dine_in,BFP,Big Breakfast,Food,2,1850,3700.0,0.0,0,0,0,closed,cash,10218.0,0.15,
ORD002479,2026-05-19 13:58:01,S07,Daniyal,T1,dine_in,BFP,Big Breakfast,Food,2,1850,3700.0,0.0,0,0,0,closed,cash,10218.0,0.15,
ORD002479,2026-05-19 13:58:01,S07,Daniyal,T1,dine_in,PAS,Pasta,Food,1,1650,1485.0,165.0,0,0,0,closed,cash,10218.0,0.15,
ORD002480,2026-05-19 09:15:54,S04,Sara,,takeaway,BFP,Big Breakfast,Food,1,1850,0.0,0.0,0,0,1,closed,wallet,0.0,0.05,Cd923cf20c8
ORD002481,2026-05-19 16:54:40,S08,Mahnoor,,takeaway,LAT,Cafe Latte,Coffee,1,580,580.0,0.0,0,0,0,closed,cash,1414.0,0.15,
ORD002481,2026-05-19 16:54:40,S08,Mahnoor,,takeaway,MOC,Mocha,Coffee,1,650,650.0,0.0,0,0,0,closed,cash,1414.0,0.15,
ORD002482,2026-05-19 13:52:15,S01,Ayesha,T1,dine_in,SAN,Chicken Sandwich,Food,1,1350,0.0,0.0,1,0,0,partial_void,card,0.0,0.05,C199893d150
ORD002483,2026-05-19 07:57:54,S02,Hamza,,takeaway,FLW,Flat White,Coffee,1,600,0.0,0.0,0,0,1,closed,cash,736.0,0.15,
ORD002483,2026-05-19 07:57:54,S02,Hamza,,takeaway,ICL,Iced Latte,Coffee,1,640,640.0,0.0,0,0,0,closed,cash,736.0,0.15,
ORD002483,2026-05-19 07:57:54,S02,Hamza,,takeaway,PAS,Pasta,Food,1,1650,0.0,0.0,1,1,0,partial_void,cash,736.0,0.15,
ORD002484,2026-05-19 11:00:23,S03,Bilal,,takeaway,AMR,Americano,Coffee,1,480,480.0,0.0,0,0,0,closed,cash,552.0,0.15,
ORD002485,2026-05-19 10:35:32,S08,Mahnoor,,takeaway,LAT,Cafe Latte,Coffee,1,580,580.0,0.0,0,0,0,closed,qr,609.0,0.05,Cbcf52aba85
ORD002486,2026-05-19 15:05:32,S01,Ayesha,T3,dine_in,SAL,Garden Salad,Food,2,1250,2500.0,0.0,0,0,0,closed,wallet,3675.0,0.05,Cf4895fd9dd
ORD002486,2026-05-19 15:05:32,S01,Ayesha,T3,dine_in,ESP,Espresso,Coffee,1,420,420.0,0.0,0,0,0,closed,wallet,3675.0,0.05,Cf4895fd9dd
ORD002486,2026-05-19 15:05:32,S01,Ayesha,T3,dine_in,LAT,Cafe Latte,Coffee,1,580,580.0,0.0,0,0,0,closed,wallet,3675.0,0.05,Cf4895fd9dd
ORD002487,2026-05-19 13:09:50,S07,Daniyal,T9,dine_in,LAT,Cafe Latte,Coffee,1,580,580.0,0.0,0,0,0,closed,cash,1311.0,0.15,
ORD002487,2026-05-19 13:09:50,S07,Daniyal,T9,dine_in,HOT,Hot Chocolate,Coffee,1,560,560.0,0.0,0,0,0,closed,cash,1311.0,0.15,
ORD002488,2026-05-19 12:51:02,S08,Mahnoor,T10,dine_in,CRO,Butter Croissant,Bakery,1,520,520.0,0.0,0,0,0,closed,wallet,546.0,0.05,Cf1b48fbddd
ORD002489,2026-05-19 14:36:14,S07,Daniyal,T10,dine_in,FLW,Flat White,Coffee,1,600,600.0,0.0,0,0,0,closed,wallet,1953.0,0.05,C1173024c92
ORD002489,2026-05-19 14:36:14,S07,Daniyal,T10,dine_in,CKE,Slice of Cake,Bakery,1,780,780.0,0.0,0,0,0,closed,wallet,1953.0,0.05,C1173024c92
ORD002489,2026-05-19 14:36:14,S07,Daniyal,T10,dine_in,AMR,Americano,Coffee,1,480,480.0,0.0,0,0,0,closed,wallet,1953.0,0.05,C1173024c92
ORD002490,2026-05-19 09:06:58,S05,Usman,T8,dine_in,CRO,Butter Croissant,Bakery,1,520,520.0,0.0,0,0,0,closed,wallet,546.0,0.05,Ca7b18a7250
ORD002491,2026-05-19 07:08:12,S01,Ayesha,T7,dine_in,AVT,Avocado Toast,Food,1,1450,0.0,0.0,0,0,1,closed,card,0.0,0.05,C48bfa448ba
ORD002492,2026-05-19 07:39:46,S03,Bilal,T9,dine_in,MAT,Matcha Latte,Coffee,1,720,720.0,0.0,0,0,0,closed,card,1470.0,0.05,C33b5b4c279
ORD002492,2026-05-19 07:39:46,S03,Bilal,T9,dine_in,CLB,Cold Brew,Coffee,1,680,680.0,0.0,0,0,0,closed,card,1470.0,0.05,C33b5b4c279
ORD002493,2026-05-19 20:20:30,S07,Daniyal,,takeaway,WTR,Bottled Water,Other,1,150,150.0,0.0,0,0,0,closed,card,158.0,0.05,Cc8157a5ef0
ORD002494,2026-05-19 14:12:12,S01,Ayesha,T1,dine_in,FLW,Flat White,Coffee,1,600,600.0,0.0,0,0,0,closed,card,630.0,0.05,Cc4193a4bd3
ORD002495,2026-05-19 10:08:06,S01,Ayesha,T14,dine_in,CKE,Slice of Cake,Bakery,1,780,780.0,0.0,0,0,0,closed,wallet,2020.0,0.05,C48bfa448ba
ORD002495,2026-05-19 10:08:06,S01,Ayesha,T14,dine_in,ICL,Iced Latte,Coffee,1,640,544.0,96.0,0,0,0,closed,wallet,2020.0,0.05,C48bfa448ba
ORD002495,2026-05-19 10:08:06,S01,Ayesha,T14,dine_in,PNC,Pain au Chocolat,Bakery,1,600,600.0,0.0,0,0,0,closed,wallet,2020.0,0.05,C48bfa448ba
ORD002496,2026-05-19 08:31:37,S01,Ayesha,T6,dine_in,FLW,Flat White,Coffee,1,600,600.0,0.0,0,0,0,closed,cash,690.0,0.15,
ORD002497,2026-05-19 18:10:40,S05,Usman,T15,dine_in,HOT,Hot Chocolate,Coffee,1,560,560.0,0.0,0,0,0,closed,qr,588.0,0.05,C1173024c92
ORD002498,2026-05-19 15:56:46,S05,Usman,T17,dine_in,BFP,Big Breakfast,Food,1,1850,1850.0,0.0,0,0,0,closed,qr,3056.0,0.05,Cb66f1be648
ORD002498,2026-05-19 15:56:46,S05,Usman,T17,dine_in,LAT,Cafe Latte,Coffee,1,580,580.0,0.0,0,0,0,closed,qr,3056.0,0.05,Cb66f1be648
ORD002498,2026-05-19 15:56:46,S05,Usman,T17,dine_in,IMP,Imported Soda,Other,1,480,480.0,0.0,0,0,0,closed,qr,3056.0,0.05,Cb66f1be648
ORD002499,2026-05-19 07:27:45,S07,Daniyal,,takeaway,ICL,Iced Latte,Coffee,1,640,0.0,96.0,1,0,0,partial_void,cash,1564.0,0.15,C07835d8cd5
ORD002499,2026-05-19 07:27:45,S07,Daniyal,,takeaway,CKE,Slice of Cake,Bakery,1,780,780.0,0.0,0,0,0,partial_void,cash,1564.0,0.15,C07835d8cd5
ORD002499,2026-05-19 07:27:45,S07,Daniyal,,takeaway,LAT,Cafe Latte,Coffee,1,580,580.0,0.0,0,0,0,partial_void,cash,1564.0,0.15,C07835d8cd5
ORD002500,2026-05-19 11:26:47,S08,Mahnoor,T3,dine_in,CRO,Butter Croissant,Bakery,1,520,520.0,0.0,0,0,0,closed,card,546.0,0.05,Cbb84a1b069
ORD002501,2026-05-19 08:07:53,S08,Mahnoor,,takeaway,CKE,Slice of Cake,Bakery,1,780,780.0,0.0,0,0,0,closed,cash,897.0,0.15,Ca5c0a2cc4b
ORD002502,2026-05-19 15:14:46,S01,Ayesha,T16,dine_in,PAS,Pasta,Food,1,1650,1650.0,0.0,0,0,0,closed,cash,1897.0,0.15,C482e4b19c6
ORD002503,2026-05-19 19:28:28,S05,Usman,T13,dine_in,PNC,Pain au Chocolat,Bakery,1,600,600.0,0.0,0,0,0,closed,card,630.0,0.05,C5ac439c909
ORD002504,2026-05-19 22:09:16,S06,Zainab,T14,dine_in,ICL,Iced Latte,Coffee,1,640,640.0,0.0,0,0,0,closed,cash,736.0,0.15,Ca5c0a2cc4b
ORD002505,2026-05-19 10:42:01,S02,Hamza,T9,dine_in,SAL,Garden Salad,Food,1,1250,1250.0,0.0,0,0,0,closed,card,1900.0,0.05,C58cf770e72
ORD002505,2026-05-19 10:42:01,S02,Hamza,T9,dine_in,HOT,Hot Chocolate,Coffee,1,560,560.0,0.0,0,0,0,closed,card,1900.0,0.05,C58cf770e72
ORD002506,2026-05-19 15:08:09,S06,Zainab,,takeaway,HOT,Hot Chocolate,Coffee,1,560,560.0,0.0,0,0,0,closed,card,588.0,0.05,C4cdda00be6
ORD002507,2026-05-19 12:31:17,S01,Ayesha,T10,dine_in,SAN,Chicken Sandwich,Food,1,1350,0.0,0.0,1,1,0,partial_void,card,529.0,0.05,C43a45a2e1f
ORD002507,2026-05-19 12:31:17,S01,Ayesha,T10,dine_in,HOT,Hot Chocolate,Coffee,1,560,504.0,56.0,0,0,0,partial_void,card,529.0,0.05,C43a45a2e1f
ORD002508,2026-05-19 20:40:52,S01,Ayesha,T14,dine_in,SAN,Chicken Sandwich,Food,1,1350,1350.0,0.0,0,0,0,closed,card,1858.0,0.05,C15c08c63ba
ORD002508,2026-05-19 20:40:52,S01,Ayesha,T14,dine_in,ESP,Espresso,Coffee,1,420,420.0,0.0,0,0,0,closed,card,1858.0,0.05,C15c08c63ba
ORD002509,2026-05-19 21:02:03,S02,Hamza,T17,dine_in,SAN,Chicken Sandwich,Food,2,1350,2700.0,0.0,0,0,0,closed,wallet,3759.0,0.05,C5fe36a2896
ORD002509,2026-05-19 21:02:03,S02,Hamza,T17,dine_in,CKE2,Cheesecake,Bakery,1,880,880.0,0.0,0,0,0,closed,wallet,3759.0,0.05,C5fe36a2896
ORD002510,2026-05-19 10:43:59,S04,Sara,T7,dine_in,AVT,Avocado Toast,Food,1,1450,1450.0,0.0,0,0,0,closed,card,1522.0,0.05,Cbf1fa8f7c6
ORD002511,2026-05-19 20:48:58,S02,Hamza,,takeaway,ESP,Espresso,Coffee,1,420,357.0,63.0,0,0,0,closed,wallet,1404.0,0.05,Cbac72cb73a
ORD002511,2026-05-19 20:48:58,S02,Hamza,,takeaway,CAP,Cappuccino,Coffee,1,560,560.0,0.0,0,0,0,closed,wallet,1404.0,0.05,Cbac72cb73a
ORD002511,2026-05-19 20:48:58,S02,Hamza,,takeaway,ESP,Espresso,Coffee,1,420,420.0,0.0,0,0,0,closed,wallet,1404.0,0.05,Cbac72cb73a
ORD002512,2026-05-19 19:08:58,S07,Daniyal,,takeaway,FLW,Flat White,Coffee,1,600,600.0,0.0,0,0,0,closed,qr,2992.0,0.05,C4d4f7e93b0
ORD002512,2026-05-19 19:08:58,S07,Daniyal,,takeaway,PAS,Pasta,Food,1,1650,1650.0,0.0,0,0,0,closed,qr,2992.0,0.05,C4d4f7e93b0
ORD002512,2026-05-19 19:08:58,S07,Daniyal,,takeaway,PNC,Pain au Chocolat,Bakery,1,600,600.0,0.0,0,0,0,closed,qr,2992.0,0.05,C4d4f7e93b0
ORD002513,2026-05-19 15:21:22,S08,Mahnoor,,takeaway,CKE2,Cheesecake,Bakery,1,880,880.0,0.0,0,0,0,closed,cash,1012.0,0.15,
ORD002514,2026-05-19 18:48:14,S01,Ayesha,,takeaway,ESP,Espresso,Coffee,1,420,420.0,0.0,0,0,0,closed,card,1071.0,0.05,C29c9013dd2
ORD002514,2026-05-19 18:48:14,S01,Ayesha,,takeaway,PNC,Pain au Chocolat,Bakery,1,600,600.0,0.0,0,0,0,closed,card,1071.0,0.05,C29c9013dd2
ORD002515,2026-05-19 18:14:49,S03,Bilal,T10,dine_in,SAL,Garden Salad,Food,1,1250,1250.0,0.0,0,0,0,closed,cash,1438.0,0.15,
ORD002516,2026-05-19 10:29:08,S05,Usman,,takeaway,AVT,Avocado Toast,Food,1,1450,1450.0,0.0,0,0,0,closed,wallet,1522.0,0.05,C7626e56d13
ORD002517,2026-05-20 07:26:28,S02,Hamza,T15,dine_in,ICL,Iced Latte,Coffee,1,640,640.0,0.0,0,0,0,closed,cash,736.0,0.15,
ORD002518,2026-05-20 07:08:32,S03,Bilal,T17,dine_in,AMR,Americano,Coffee,1,480,0.0,0.0,1,1,0,partial_void,cash,3105.0,0.15,
ORD002518,2026-05-20 07:08:32,S03,Bilal,T17,dine_in,SAL,Garden Salad,Food,1,1250,1250.0,0.0,0,0,0,partial_void,cash,3105.0,0.15,
ORD002518,2026-05-20 07:08:32,S03,Bilal,T17,dine_in,AVT,Avocado Toast,Food,1,1450,1450.0,0.0,0,0,0,partial_void,cash,3105.0,0.15,
ORD002519,2026-05-20 19:57:24,S06,Zainab,,takeaway,LAT,Cafe Latte,Coffee,1,580,580.0,0.0,0,0,0,closed,cash,667.0,0.15,
ORD002520,2026-05-20 17:26:54,S04,Sara,T8,dine_in,FLW,Flat White,Coffee,1,600,600.0,0.0,0,0,0,closed,cash,690.0,0.15,
ORD002521,2026-05-20 09:39:01,S08,Mahnoor,T4,dine_in,AMR,Americano,Coffee,1,480,480.0,0.0,0,0,0,closed,card,504.0,0.05,Cf75f1d84fe
ORD002522,2026-05-20 17:20:16,S05,Usman,,takeaway,CRO,Butter Croissant,Bakery,1,520,520.0,0.0,0,0,0,closed,qr,1117.0,0.05,C1173024c92
ORD002522,2026-05-20 17:20:16,S05,Usman,,takeaway,ICL,Iced Latte,Coffee,1,640,544.0,96.0,0,0,0,closed,qr,1117.0,0.05,C1173024c92
ORD002523,2026-05-20 18:24:42,S04,Sara,T13,dine_in,PAS,Pasta,Food,1,1650,0.0,0.0,0,0,1,closed,card,609.0,0.05,Cbac72cb73a
ORD002523,2026-05-20 18:24:42,S04,Sara,T13,dine_in,LAT,Cafe Latte,Coffee,1,580,580.0,0.0,0,0,0,closed,card,609.0,0.05,Cbac72cb73a
ORD002524,2026-05-20 17:30:32,S04,Sara,T17,dine_in,WTR,Bottled Water,Other,1,150,150.0,0.0,0,0,0,closed,cash,172.0,0.15,
ORD002525,2026-05-20 20:36:51,S02,Hamza,,takeaway,BFP,Big Breakfast,Food,1,1850,1850.0,0.0,0,0,0,closed,card,2698.0,0.05,Ca4c85907e3
ORD002525,2026-05-20 20:36:51,S02,Hamza,,takeaway,MAT,Matcha Latte,Coffee,1,720,720.0,0.0,0,0,0,closed,card,2698.0,0.05,Ca4c85907e3
ORD002526,2026-05-20 17:06:26,S06,Zainab,T11,dine_in,MAT,Matcha Latte,Coffee,1,720,720.0,0.0,0,0,0,closed,card,1680.0,0.05,C0442555d10
ORD002526,2026-05-20 17:06:26,S06,Zainab,T11,dine_in,CKE2,Cheesecake,Bakery,1,880,880.0,0.0,0,0,0,closed,card,1680.0,0.05,C0442555d10
ORD002527,2026-05-20 22:36:49,S04,Sara,T7,dine_in,MOC,Mocha,Coffee,1,650,650.0,0.0,0,0,0,closed,cash,747.0,0.15,
ORD002528,2026-05-20 20:23:40,S01,Ayesha,T1,dine_in,CLB,Cold Brew,Coffee,1,680,680.0,0.0,0,0,0,closed,wallet,714.0,0.05,C358a4b96fe
ORD002529,2026-05-20 20:03:49,S01,Ayesha,T5,dine_in,PNC,Pain au Chocolat,Bakery,1,600,600.0,0.0,0,0,0,closed,qr,630.0,0.05,C23c60fd394
ORD002530,2026-05-20 11:56:31,S07,Daniyal,,takeaway,PAS,Pasta,Food,1,1650,1650.0,0.0,0,0,0,closed,card,2552.0,0.05,C591116544b
ORD002530,2026-05-20 11:56:31,S07,Daniyal,,takeaway,CKE,Slice of Cake,Bakery,1,780,780.0,0.0,0,0,0,closed,card,2552.0,0.05,C591116544b
ORD002531,2026-05-20 22:20:12,S02,Hamza,T12,dine_in,ICL,Iced Latte,Coffee,1,640,640.0,0.0,0,0,0,closed,card,672.0,0.05,C5d90c0fdc3
ORD002532,2026-05-20 16:06:19,S05,Usman,T9,dine_in,MOC,Mocha,Coffee,1,650,650.0,0.0,0,0,0,closed,wallet,1292.0,0.05,Ce16fd42314
ORD002532,2026-05-20 16:06:19,S05,Usman,T9,dine_in,LAT,Cafe Latte,Coffee,1,580,580.0,0.0,0,0,0,closed,wallet,1292.0,0.05,Ce16fd42314
ORD002533,2026-05-20 19:00:36,S03,Bilal,,takeaway,CLB,Cold Brew,Coffee,1,680,680.0,0.0,0,0,0,closed,cash,1932.0,0.15,
ORD002533,2026-05-20 19:00:36,S03,Bilal,,takeaway,SAL,Garden Salad,Food,1,1250,1000.0,250.0,0,0,0,closed,cash,1932.0,0.15,
ORD002534,2026-05-20 13:58:07,S01,Ayesha,,takeaway,ESP,Espresso,Coffee,1,420,420.0,0.0,0,0,0,closed,card,441.0,0.05,C58cf770e72
ORD002535,2026-05-20 20:27:58,S02,Hamza,T13,dine_in,WTR,Bottled Water,Other,1,150,128.0,22.0,0,0,0,closed,cash,147.0,0.15,
ORD002535,2026-05-20 20:27:58,S02,Hamza,T13,dine_in,CKE,Slice of Cake,Bakery,1,780,0.0,0.0,0,0,1,closed,cash,147.0,0.15,
ORD002536,2026-05-20 09:21:29,S07,Daniyal,,takeaway,AVT,Avocado Toast,Food,1,1450,1450.0,0.0,0,0,0,closed,cash,3105.0,0.15,
ORD002536,2026-05-20 09:21:29,S07,Daniyal,,takeaway,SAL,Garden Salad,Food,1,1250,1250.0,0.0,0,0,0,closed,cash,3105.0,0.15,
ORD002537,2026-05-20 12:33:20,S01,Ayesha,,takeaway,AVT,Avocado Toast,Food,2,1450,2900.0,0.0,0,0,0,closed,wallet,3045.0,0.05,C84719e966a
ORD002538,2026-05-20 17:55:26,S02,Hamza,,takeaway,ICL,Iced Latte,Coffee,1,640,640.0,0.0,0,0,0,closed,qr,3507.0,0.05,C6b051e9554
ORD002538,2026-05-20 17:55:26,S02,Hamza,,takeaway,SAN,Chicken Sandwich,Food,2,1350,2700.0,0.0,0,0,0,closed,qr,3507.0,0.05,C6b051e9554
ORD002539,2026-05-20 17:40:57,S07,Daniyal,T7,dine_in,FLW,Flat White,Coffee,1,600,540.0,60.0,0,0,0,closed,card,567.0,0.05,Cbd04c088b9
ORD002540,2026-05-20 12:38:03,S04,Sara,T15,dine_in,ICL,Iced Latte,Coffee,1,640,640.0,0.0,0,0,0,closed,card,672.0,0.05,C006ee82fbf
ORD002541,2026-05-20 12:43:12,S02,Hamza,T10,dine_in,MAT,Matcha Latte,Coffee,1,720,720.0,0.0,0,0,0,closed,cash,1495.0,0.15,Cced127126e
ORD002541,2026-05-20 12:43:12,S02,Hamza,T10,dine_in,LAT,Cafe Latte,Coffee,1,580,580.0,0.0,0,0,0,closed,cash,1495.0,0.15,Cced127126e
ORD002542,2026-05-20 15:34:33,S05,Usman,,takeaway,ICL,Iced Latte,Coffee,1,640,640.0,0.0,0,0,0,closed,cash,736.0,0.15,
ORD002543,2026-05-20 13:47:25,S07,Daniyal,,takeaway,IMP,Imported Soda,Other,1,480,480.0,0.0,0,0,0,closed,cash,552.0,0.15,
ORD002544,2026-05-20 15:04:57,S06,Zainab,T11,dine_in,WTR,Bottled Water,Other,1,150,150.0,0.0,0,0,0,closed,cash,172.0,0.15,
ORD002545,2026-05-20 11:46:42,S02,Hamza,T11,dine_in,AMR,Americano,Coffee,1,480,432.0,48.0,0,0,0,closed,cash,497.0,0.15,
ORD002546,2026-05-20 10:19:38,S02,Hamza,,takeaway,HOT,Hot Chocolate,Coffee,1,560,560.0,0.0,0,0,0,closed,cash,644.0,0.15,
ORD002547,2026-05-20 07:23:58,S07,Daniyal,,takeaway,CAP,Cappuccino,Coffee,1,560,560.0,0.0,0,0,0,closed,cash,1334.0,0.15,
ORD002547,2026-05-20 07:23:58,S07,Daniyal,,takeaway,PNC,Pain au Chocolat,Bakery,1,600,600.0,0.0,0,0,0,closed,cash,1334.0,0.15,
ORD002548,2026-05-20 17:17:57,S08,Mahnoor,T10,dine_in,AMR,Americano,Coffee,1,480,480.0,0.0,0,0,0,closed,cash,1242.0,0.15,
ORD002548,2026-05-20 17:17:57,S08,Mahnoor,T10,dine_in,FLW,Flat White,Coffee,1,600,600.0,0.0,0,0,0,closed,cash,1242.0,0.15,
ORD002549,2026-05-20 13:56:05,S02,Hamza,,takeaway,CRO,Butter Croissant,Bakery,1,520,520.0,0.0,0,0,0,closed,cash,1009.0,0.15,
ORD002549,2026-05-20 13:56:05,S02,Hamza,,takeaway,ESP,Espresso,Coffee,1,420,357.0,63.0,0,0,0,closed,cash,1009.0,0.15,
ORD002550,2026-05-20 19:19:55,S02,Hamza,T14,dine_in,ICL,Iced Latte,Coffee,1,640,640.0,0.0,0,0,0,closed,wallet,672.0,0.05,Ca4c85907e3
ORD002551,2026-05-20 10:03:35,S01,Ayesha,T17,dine_in,PNC,Pain au Chocolat,Bakery,1,600,600.0,0.0,0,0,0,closed,wallet,630.0,0.05,Cadc75d3967
ORD002552,2026-05-20 19:44:30,S03,Bilal,T1,dine_in,CKE2,Cheesecake,Bakery,1,880,880.0,0.0,0,0,0,closed,card,924.0,0.05,C1771e35d2c
ORD002553,2026-05-20 16:27:11,S03,Bilal,,takeaway,LAT,Cafe Latte,Coffee,1,580,580.0,0.0,0,0,0,closed,cash,667.0,0.15,
ORD002554,2026-05-20 18:11:23,S02,Hamza,T2,dine_in,LAT,Cafe Latte,Coffee,1,580,580.0,0.0,0,0,0,closed,card,609.0,0.05,C74caaa80b4
ORD002555,2026-05-20 12:44:48,S08,Mahnoor,T11,dine_in,ICL,Iced Latte,Coffee,1,640,640.0,0.0,0,0,0,closed,cash,736.0,0.15,
ORD002556,2026-05-20 11:44:17,S05,Usman,T6,dine_in,FLW,Flat White,Coffee,1,600,600.0,0.0,0,0,0,closed,card,630.0,0.05,Ca376152b0e
ORD002557,2026-05-20 19:55:06,S04,Sara,,takeaway,LAT,Cafe Latte,Coffee,1,580,580.0,0.0,0,0,0,closed,wallet,2342.0,0.05,C6dfb2713f9
ORD002557,2026-05-20 19:55:06,S04,Sara,,takeaway,PAS,Pasta,Food,1,1650,1650.0,0.0,0,0,0,closed,wallet,2342.0,0.05,C6dfb2713f9
ORD002558,2026-05-20 09:09:43,S04,Sara,T8,dine_in,FLW,Flat White,Coffee,1,600,600.0,0.0,0,0,0,closed,card,630.0,0.05,C52cc78336b
ORD002559,2026-05-20 12:10:35,S01,Ayesha,T8,dine_in,AVT,Avocado Toast,Food,1,1450,1450.0,0.0,0,0,0,closed,cash,2564.0,0.15,C6915c3ba71
ORD002559,2026-05-20 12:10:35,S01,Ayesha,T8,dine_in,CKE,Slice of Cake,Bakery,1,780,780.0,0.0,0,0,0,closed,cash,2564.0,0.15,C6915c3ba71
ORD002560,2026-05-20 16:24:11,S06,Zainab,,takeaway,SAN,Chicken Sandwich,Food,1,1350,1350.0,0.0,0,0,0,closed,cash,2564.0,0.15,
ORD002560,2026-05-20 16:24:11,S06,Zainab,,takeaway,CKE2,Cheesecake,Bakery,1,880,880.0,0.0,0,0,0,closed,cash,2564.0,0.15,
ORD002561,2026-05-20 07:33:03,S06,Zainab,T5,dine_in,SAL,Garden Salad,Food,2,1250,2500.0,0.0,0,0,0,closed,wallet,3255.0,0.05,Cadc75d3967
ORD002561,2026-05-20 07:33:03,S06,Zainab,T5,dine_in,PNC,Pain au Chocolat,Bakery,1,600,600.0,0.0,0,0,0,closed,wallet,3255.0,0.05,Cadc75d3967
ORD002562,2026-05-20 21:49:13,S05,Usman,,takeaway,FLW,Flat White,Coffee,1,600,600.0,0.0,0,0,0,closed,wallet,630.0,0.05,C69628a1493
ORD002563,2026-05-20 18:47:31,S02,Hamza,T15,dine_in,ESP,Espresso,Coffee,1,420,420.0,0.0,0,0,0,closed,qr,441.0,0.05,C66acd6d650
ORD002564,2026-05-20 16:59:37,S02,Hamza,,takeaway,WTR,Bottled Water,Other,1,150,150.0,0.0,0,0,0,closed,cash,1725.0,0.15,
ORD002564,2026-05-20 16:59:37,S02,Hamza,,takeaway,SAN,Chicken Sandwich,Food,1,1350,1350.0,0.0,0,0,0,closed,cash,1725.0,0.15,
ORD002565,2026-05-20 19:51:18,S06,Zainab,T11,dine_in,MAT,Matcha Latte,Coffee,1,720,720.0,0.0,0,0,0,closed,qr,756.0,0.05,Cadc987ad2c
ORD002566,2026-05-20 12:43:17,S03,Bilal,T13,dine_in,PNC,Pain au Chocolat,Bakery,1,600,0.0,0.0,0,0,1,closed,card,0.0,0.05,C58cf770e72
ORD002567,2026-05-20 18:38:38,S05,Usman,T2,dine_in,CKE,Slice of Cake,Bakery,1,780,780.0,0.0,0,0,0,closed,qr,819.0,0.05,Ccc9d16b74f
ORD002568,2026-05-20 16:24:00,S05,Usman,,takeaway,BFP,Big Breakfast,Food,1,1850,1850.0,0.0,0,0,0,closed,cash,2128.0,0.15,
ORD002569,2026-05-20 13:21:41,S07,Daniyal,,takeaway,FLW,Flat White,Coffee,1,600,600.0,0.0,0,0,0,closed,card,630.0,0.05,C3baae6f192
ORD002570,2026-05-20 16:43:50,S01,Ayesha,,takeaway,SAL,Garden Salad,Food,1,1250,1250.0,0.0,0,0,0,closed,qr,2835.0,0.05,C2bffc9f71e
ORD002570,2026-05-20 16:43:50,S01,Ayesha,,takeaway,AVT,Avocado Toast,Food,1,1450,1450.0,0.0,0,0,0,closed,qr,2835.0,0.05,C2bffc9f71e
ORD002571,2026-05-20 11:49:26,S01,Ayesha,T11,dine_in,AVT,Avocado Toast,Food,1,1450,1450.0,0.0,0,0,0,closed,qr,1522.0,0.05,C73e95a7b22
ORD002572,2026-05-20 10:54:50,S08,Mahnoor,,takeaway,LAT,Cafe Latte,Coffee,1,580,580.0,0.0,0,0,0,closed,wallet,1037.0,0.05,C19d751a040
ORD002572,2026-05-20 10:54:50,S08,Mahnoor,,takeaway,IMP,Imported Soda,Other,1,480,408.0,72.0,0,0,0,closed,wallet,1037.0,0.05,C19d751a040
ORD002573,2026-05-20 17:49:37,S08,Mahnoor,T16,dine_in,LAT,Cafe Latte,Coffee,1,580,580.0,0.0,0,0,0,closed,card,1197.0,0.05,C368a74d6b1
ORD002573,2026-05-20 17:49:37,S08,Mahnoor,T16,dine_in,CAP,Cappuccino,Coffee,1,560,560.0,0.0,0,0,0,closed,card,1197.0,0.05,C368a74d6b1
ORD002574,2026-05-20 13:05:45,S04,Sara,T6,dine_in,MOC,Mocha,Coffee,1,650,650.0,0.0,0,0,0,closed,qr,682.0,0.05,C280fc1bab1
ORD002575,2026-05-20 10:33:07,S08,Mahnoor,,takeaway,ICL,Iced Latte,Coffee,1,640,640.0,0.0,0,0,0,closed,card,1302.0,0.05,C84719e966a
ORD002575,2026-05-20 10:33:07,S08,Mahnoor,,takeaway,FLW,Flat White,Coffee,1,600,600.0,0.0,0,0,0,closed,card,1302.0,0.05,C84719e966a
ORD002576,2026-05-20 09:07:24,S06,Zainab,T15,dine_in,CAP,Cappuccino,Coffee,1,560,560.0,0.0,0,0,0,closed,card,1785.0,0.05,C19d751a040
ORD002576,2026-05-20 09:07:24,S06,Zainab,T15,dine_in,HOT,Hot Chocolate,Coffee,1,560,560.0,0.0,0,0,0,closed,card,1785.0,0.05,C19d751a040
ORD002576,2026-05-20 09:07:24,S06,Zainab,T15,dine_in,LAT,Cafe Latte,Coffee,1,580,580.0,0.0,0,0,0,closed,card,1785.0,0.05,C19d751a040
ORD002577,2026-05-20 18:12:34,S01,Ayesha,T15,dine_in,PAS,Pasta,Food,1,1650,0.0,0.0,0,0,1,closed,qr,3465.0,0.05,C6b051e9554
ORD002577,2026-05-20 18:12:34,S01,Ayesha,T15,dine_in,PAS,Pasta,Food,2,1650,3300.0,0.0,0,0,0,closed,qr,3465.0,0.05,C6b051e9554
ORD002578,2026-05-20 18:52:25,S01,Ayesha,,takeaway,CRO,Butter Croissant,Bakery,1,520,520.0,0.0,0,0,0,closed,cash,598.0,0.15,
ORD002579,2026-05-20 21:27:47,S04,Sara,,takeaway,MOC,Mocha,Coffee,1,650,650.0,0.0,0,0,0,closed,wallet,1867.0,0.05,C84719e966a
ORD002579,2026-05-20 21:27:47,S04,Sara,,takeaway,CAP,Cappuccino,Coffee,1,560,448.0,112.0,0,0,0,closed,wallet,1867.0,0.05,C84719e966a
ORD002579,2026-05-20 21:27:47,S04,Sara,,takeaway,CLB,Cold Brew,Coffee,1,680,680.0,0.0,0,0,0,closed,wallet,1867.0,0.05,C84719e966a
ORD002580,2026-05-20 19:06:13,S04,Sara,,takeaway,SAN,Chicken Sandwich,Food,1,1350,1350.0,0.0,0,0,0,closed,card,1418.0,0.05,C6694a28353
ORD002581,2026-05-20 09:05:40,S04,Sara,T14,dine_in,LAT,Cafe Latte,Coffee,1,580,580.0,0.0,0,0,0,closed,cash,839.0,0.15,C06bdd13f9e
ORD002581,2026-05-20 09:05:40,S04,Sara,T14,dine_in,WTR,Bottled Water,Other,1,150,150.0,0.0,0,0,0,closed,cash,839.0,0.15,C06bdd13f9e
ORD002582,2026-05-20 16:00:01,S05,Usman,T5,dine_in,CKE,Slice of Cake,Bakery,1,780,780.0,0.0,0,0,0,closed,cash,897.0,0.15,
ORD002583,2026-05-20 11:53:50,S01,Ayesha,T9,dine_in,MOC,Mocha,Coffee,1,650,650.0,0.0,0,0,0,closed,wallet,1502.0,0.05,Cd99c3dfb4b
ORD002583,2026-05-20 11:53:50,S01,Ayesha,T9,dine_in,CKE,Slice of Cake,Bakery,1,780,780.0,0.0,0,0,0,closed,wallet,1502.0,0.05,Cd99c3dfb4b
ORD002584,2026-05-20 16:58:38,S01,Ayesha,T6,dine_in,MAT,Matcha Latte,Coffee,1,720,0.0,0.0,0,0,1,closed,card,0.0,0.05,Cc8157a5ef0
ORD002585,2026-05-20 17:54:31,S06,Zainab,T11,dine_in,MOC,Mocha,Coffee,1,650,650.0,0.0,0,0,0,closed,card,4820.0,0.05,Cd5e2cbe7ca
ORD002585,2026-05-20 17:54:31,S06,Zainab,T11,dine_in,PAS,Pasta,Food,2,1650,3300.0,0.0,0,0,0,closed,card,4820.0,0.05,Cd5e2cbe7ca
ORD002585,2026-05-20 17:54:31,S06,Zainab,T11,dine_in,ICL,Iced Latte,Coffee,1,640,640.0,0.0,0,0,0,closed,card,4820.0,0.05,Cd5e2cbe7ca
ORD002586,2026-05-20 10:22:27,S08,Mahnoor,,takeaway,WTR,Bottled Water,Other,1,150,150.0,0.0,0,0,0,closed,card,158.0,0.05,Ca376152b0e
ORD002587,2026-05-20 20:50:43,S06,Zainab,T16,dine_in,AVT,Avocado Toast,Food,1,1450,1450.0,0.0,0,0,0,closed,cash,1667.0,0.15,
ORD002588,2026-05-20 22:18:21,S04,Sara,T10,dine_in,HOT,Hot Chocolate,Coffee,1,560,504.0,56.0,0,0,0,closed,cash,580.0,0.15,
ORD002589,2026-05-20 22:19:30,S04,Sara,,takeaway,CLB,Cold Brew,Coffee,1,680,680.0,0.0,0,0,0,closed,cash,782.0,0.15,
ORD002590,2026-05-20 07:36:33,S03,Bilal,T2,dine_in,AMR,Americano,Coffee,1,480,480.0,0.0,0,0,0,closed,cash,552.0,0.15,Cc754096e90
ORD002591,2026-05-20 07:50:27,S01,Ayesha,T12,dine_in,AMR,Americano,Coffee,1,480,480.0,0.0,0,0,0,closed,card,1113.0,0.05,C6694a28353
ORD002591,2026-05-20 07:50:27,S01,Ayesha,T12,dine_in,LAT,Cafe Latte,Coffee,1,580,580.0,0.0,0,0,0,closed,card,1113.0,0.05,C6694a28353
ORD002592,2026-05-20 22:23:17,S01,Ayesha,T8,dine_in,MAT,Matcha Latte,Coffee,1,720,720.0,0.0,0,0,0,closed,qr,756.0,0.05,Ca77d93ef85
ORD002593,2026-05-20 14:48:54,S07,Daniyal,T4,dine_in,MAT,Matcha Latte,Coffee,1,720,720.0,0.0,0,0,0,closed,card,3412.0,0.05,Ca9e6240f23
ORD002593,2026-05-20 14:48:54,S07,Daniyal,T4,dine_in,BFP,Big Breakfast,Food,1,1850,1850.0,0.0,0,0,0,closed,card,3412.0,0.05,Ca9e6240f23
ORD002593,2026-05-20 14:48:54,S07,Daniyal,T4,dine_in,CLB,Cold Brew,Coffee,1,680,680.0,0.0,0,0,0,closed,card,3412.0,0.05,Ca9e6240f23
ORD002594,2026-05-20 22:16:29,S06,Zainab,T11,dine_in,CKE,Slice of Cake,Bakery,1,780,780.0,0.0,0,0,0,closed,wallet,819.0,0.05,C886106b5cc
ORD002595,2026-05-20 08:22:29,S01,Ayesha,,takeaway,FLW,Flat White,Coffee,1,600,600.0,0.0,0,0,0,closed,cash,690.0,0.15,Ca376152b0e
ORD002596,2026-05-20 14:20:43,S06,Zainab,T8,dine_in,CLB,Cold Brew,Coffee,1,680,680.0,0.0,0,0,0,closed,card,714.0,0.05,Ccd27148b4f
ORD002597,2026-05-20 07:49:22,S03,Bilal,T7,dine_in,FLW,Flat White,Coffee,1,600,0.0,0.0,1,0,0,partial_void,wallet,0.0,0.05,C8720ab27ad
ORD002597,2026-05-20 07:49:22,S03,Bilal,T7,dine_in,ESP,Espresso,Coffee,1,420,0.0,0.0,0,0,1,partial_void,wallet,0.0,0.05,C8720ab27ad
ORD002598,2026-05-20 16:18:01,S02,Hamza,,takeaway,CAP,Cappuccino,Coffee,1,560,560.0,0.0,0,0,0,closed,cash,644.0,0.15,
ORD002599,2026-05-20 07:21:00,S08,Mahnoor,,takeaway,SAL,Garden Salad,Food,1,1250,1250.0,0.0,0,0,0,closed,cash,1438.0,0.15,C96285ec529
ORD002600,2026-05-20 14:56:19,S04,Sara,T14,dine_in,CAP,Cappuccino,Coffee,1,560,560.0,0.0,0,0,0,closed,cash,644.0,0.15,
ORD002601,2026-05-20 12:27:38,S06,Zainab,T15,dine_in,CLB,Cold Brew,Coffee,1,680,680.0,0.0,0,0,0,closed,cash,782.0,0.15,
ORD002602,2026-05-20 08:31:48,S01,Ayesha,T3,dine_in,CLB,Cold Brew,Coffee,1,680,680.0,0.0,0,0,0,closed,cash,782.0,0.15,
ORD002603,2026-05-20 21:43:14,S05,Usman,T15,dine_in,IMP,Imported Soda,Other,1,480,480.0,0.0,0,0,0,closed,cash,552.0,0.15,
ORD002604,2026-05-20 16:40:47,S07,Daniyal,T12,dine_in,AVT,Avocado Toast,Food,1,1450,1450.0,0.0,0,0,0,closed,wallet,1522.0,0.05,Cd18bd6ee50
ORD002605,2026-05-20 09:46:42,S04,Sara,T18,dine_in,LAT,Cafe Latte,Coffee,1,580,580.0,0.0,0,0,0,closed,card,609.0,0.05,Ccb8af0dea2
ORD002606,2026-05-21 13:09:26,S02,Hamza,T10,dine_in,CLB,Cold Brew,Coffee,1,680,680.0,0.0,0,0,0,closed,cash,782.0,0.15,
ORD002607,2026-05-21 19:19:07,S05,Usman,,takeaway,CLB,Cold Brew,Coffee,1,680,680.0,0.0,0,0,0,closed,card,2026.0,0.05,Cfc5da82ed6
ORD002607,2026-05-21 19:19:07,S05,Usman,,takeaway,SAL,Garden Salad,Food,1,1250,1250.0,0.0,0,0,0,closed,card,2026.0,0.05,Cfc5da82ed6
ORD002608,2026-05-21 13:01:00,S05,Usman,T7,dine_in,ICL,Iced Latte,Coffee,1,640,640.0,0.0,0,0,0,closed,card,672.0,0.05,Cbac72cb73a
ORD002609,2026-05-21 13:33:03,S05,Usman,,takeaway,PNC,Pain au Chocolat,Bakery,1,600,600.0,0.0,0,0,0,closed,cash,1380.0,0.15,
ORD002609,2026-05-21 13:33:03,S05,Usman,,takeaway,FLW,Flat White,Coffee,1,600,600.0,0.0,0,0,0,closed,cash,1380.0,0.15,
ORD002610,2026-05-21 10:02:59,S08,Mahnoor,T14,dine_in,CAP,Cappuccino,Coffee,1,560,560.0,0.0,0,0,0,closed,wallet,588.0,0.05,C6a2e726cff
ORD002611,2026-05-21 08:33:47,S01,Ayesha,T1,dine_in,LAT,Cafe Latte,Coffee,1,580,580.0,0.0,0,0,0,closed,cash,1311.0,0.15,Cd34c55ce3f
ORD002611,2026-05-21 08:33:47,S01,Ayesha,T1,dine_in,HOT,Hot Chocolate,Coffee,1,560,560.0,0.0,0,0,0,closed,cash,1311.0,0.15,Cd34c55ce3f
ORD002612,2026-05-21 15:35:51,S02,Hamza,T8,dine_in,CAP,Cappuccino,Coffee,1,560,560.0,0.0,0,0,0,closed,qr,2079.0,0.05,C77ae45bf0e
ORD002612,2026-05-21 15:35:51,S02,Hamza,T8,dine_in,ICL,Iced Latte,Coffee,1,640,640.0,0.0,0,0,0,closed,qr,2079.0,0.05,C77ae45bf0e
ORD002612,2026-05-21 15:35:51,S02,Hamza,T8,dine_in,CKE,Slice of Cake,Bakery,1,780,780.0,0.0,0,0,0,closed,qr,2079.0,0.05,C77ae45bf0e
ORD002613,2026-05-21 08:25:31,S02,Hamza,T8,dine_in,MAT,Matcha Latte,Coffee,1,720,720.0,0.0,0,0,0,closed,card,756.0,0.05,Cbcf52aba85
ORD002614,2026-05-21 14:30:10,S07,Daniyal,,takeaway,FLW,Flat White,Coffee,1,600,480.0,120.0,0,0,0,closed,cash,552.0,0.15,
ORD002615,2026-05-21 08:28:39,S04,Sara,T18,dine_in,WTR,Bottled Water,Other,1,150,150.0,0.0,0,0,0,closed,card,3412.0,0.05,C91b81b727a
ORD002615,2026-05-21 08:28:39,S04,Sara,T18,dine_in,AVT,Avocado Toast,Food,1,1450,1450.0,0.0,0,0,0,closed,card,3412.0,0.05,C91b81b727a
ORD002615,2026-05-21 08:28:39,S04,Sara,T18,dine_in,PAS,Pasta,Food,1,1650,1650.0,0.0,0,0,0,closed,card,3412.0,0.05,C91b81b727a
ORD002616,2026-05-21 14:15:49,S03,Bilal,T6,dine_in,SAN,Chicken Sandwich,Food,1,1350,1350.0,0.0,0,0,0,closed,cash,1552.0,0.15,
ORD002617,2026-05-21 18:14:03,S07,Daniyal,T1,dine_in,WTR,Bottled Water,Other,1,150,150.0,0.0,0,0,0,closed,card,158.0,0.05,Cd32984532a
ORD002618,2026-05-21 14:16:18,S08,Mahnoor,T6,dine_in,FLW,Flat White,Coffee,1,600,600.0,0.0,0,0,0,closed,card,630.0,0.05,C2d2743bc09
ORD002619,2026-05-21 10:34:41,S07,Daniyal,,takeaway,CLB,Cold Brew,Coffee,1,680,680.0,0.0,0,0,0,closed,cash,782.0,0.15,Cd65b8affac
ORD002620,2026-05-21 19:40:04,S04,Sara,T2,dine_in,CKE,Slice of Cake,Bakery,1,780,780.0,0.0,0,0,0,closed,cash,897.0,0.15,
ORD002621,2026-05-21 20:59:45,S04,Sara,,takeaway,AVT,Avocado Toast,Food,2,1450,2900.0,0.0,0,0,0,closed,cash,3335.0,0.15,
ORD002622,2026-05-21 13:31:56,S06,Zainab,T9,dine_in,WTR,Bottled Water,Other,1,150,150.0,0.0,0,0,0,closed,qr,158.0,0.05,Cfc5da82ed6
ORD002623,2026-05-21 12:34:56,S03,Bilal,T13,dine_in,LAT,Cafe Latte,Coffee,1,580,580.0,0.0,0,0,0,closed,card,609.0,0.05,C49e1d6c4d1
ORD002624,2026-05-21 10:51:33,S03,Bilal,T18,dine_in,IMP,Imported Soda,Other,1,480,480.0,0.0,0,0,0,closed,cash,1178.0,0.15,Ca4c85907e3
ORD002624,2026-05-21 10:51:33,S03,Bilal,T18,dine_in,CLB,Cold Brew,Coffee,1,680,544.0,136.0,0,0,0,closed,cash,1178.0,0.15,Ca4c85907e3
ORD002625,2026-05-21 08:31:16,S02,Hamza,,takeaway,ESP,Espresso,Coffee,1,420,420.0,0.0,0,0,0,closed,cash,483.0,0.15,
ORD002626,2026-05-21 10:49:54,S02,Hamza,T15,dine_in,CKE2,Cheesecake,Bakery,1,880,880.0,0.0,0,0,0,closed,qr,1533.0,0.05,C96285ec529
ORD002626,2026-05-21 10:49:54,S02,Hamza,T15,dine_in,LAT,Cafe Latte,Coffee,1,580,580.0,0.0,0,0,0,closed,qr,1533.0,0.05,C96285ec529
ORD002627,2026-05-21 19:11:22,S01,Ayesha,T13,dine_in,FLW,Flat White,Coffee,1,600,600.0,0.0,0,0,0,closed,cash,690.0,0.15,
ORD002628,2026-05-21 22:42:47,S01,Ayesha,,takeaway,FLW,Flat White,Coffee,1,600,600.0,0.0,0,0,0,closed,cash,690.0,0.15,
ORD002629,2026-05-21 17:03:36,S07,Daniyal,T1,dine_in,WTR,Bottled Water,Other,1,150,150.0,0.0,0,0,0,closed,wallet,158.0,0.05,Cf54122a7e3
ORD002630,2026-05-21 22:24:25,S01,Ayesha,,takeaway,ICL,Iced Latte,Coffee,1,640,640.0,0.0,0,0,0,closed,card,672.0,0.05,C6dfb2713f9
ORD002631,2026-05-21 10:55:39,S08,Mahnoor,T11,dine_in,MOC,Mocha,Coffee,1,650,650.0,0.0,0,0,0,closed,wallet,1292.0,0.05,Cbf1fa8f7c6
ORD002631,2026-05-21 10:55:39,S08,Mahnoor,T11,dine_in,LAT,Cafe Latte,Coffee,1,580,580.0,0.0,0,0,0,closed,wallet,1292.0,0.05,Cbf1fa8f7c6
ORD002632,2026-05-21 19:38:45,S07,Daniyal,T13,dine_in,SAL,Garden Salad,Food,1,1250,1250.0,0.0,0,0,0,closed,cash,3565.0,0.15,
ORD002632,2026-05-21 19:38:45,S07,Daniyal,T13,dine_in,BFP,Big Breakfast,Food,1,1850,1850.0,0.0,0,0,0,closed,cash,3565.0,0.15,
ORD002633,2026-05-21 09:33:28,S05,Usman,T5,dine_in,SAN,Chicken Sandwich,Food,2,1350,2700.0,0.0,0,0,0,closed,wallet,3381.0,0.05,C6a2e726cff
ORD002633,2026-05-21 09:33:28,S05,Usman,T5,dine_in,CRO,Butter Croissant,Bakery,1,520,520.0,0.0,0,0,0,closed,wallet,3381.0,0.05,C6a2e726cff
ORD002634,2026-05-21 07:43:10,S02,Hamza,,takeaway,CLB,Cold Brew,Coffee,1,680,680.0,0.0,0,0,0,closed,card,714.0,0.05,Cb9dfcf228e
ORD002635,2026-05-21 10:24:50,S08,Mahnoor,T8,dine_in,SAN,Chicken Sandwich,Food,2,1350,2700.0,0.0,0,0,0,closed,card,2835.0,0.05,C215557d133
ORD002636,2026-05-21 07:18:06,S04,Sara,T15,dine_in,MOC,Mocha,Coffee,1,650,650.0,0.0,0,0,0,closed,cash,747.0,0.15,
ORD002637,2026-05-21 08:17:55,S07,Daniyal,T15,dine_in,CLB,Cold Brew,Coffee,1,680,680.0,0.0,0,0,0,closed,card,714.0,0.05,C4d4f7e93b0
ORD002638,2026-05-21 15:16:42,S01,Ayesha,,takeaway,PAS,Pasta,Food,2,1650,3300.0,0.0,0,0,0,closed,cash,4462.0,0.15,
ORD002638,2026-05-21 15:16:42,S01,Ayesha,,takeaway,LAT,Cafe Latte,Coffee,1,580,580.0,0.0,0,0,0,closed,cash,4462.0,0.15,
ORD002639,2026-05-21 20:31:17,S07,Daniyal,,takeaway,ESP,Espresso,Coffee,1,420,420.0,0.0,0,0,0,closed,cash,3818.0,0.15,
ORD002639,2026-05-21 20:31:17,S07,Daniyal,,takeaway,AVT,Avocado Toast,Food,2,1450,2900.0,0.0,0,0,0,closed,cash,3818.0,0.15,
ORD002640,2026-05-21 16:46:57,S05,Usman,T10,dine_in,AMR,Americano,Coffee,1,480,480.0,0.0,0,0,0,closed,wallet,504.0,0.05,C49e1d6c4d1
ORD002641,2026-05-21 10:04:03,S06,Zainab,T6,dine_in,FLW,Flat White,Coffee,1,600,600.0,0.0,0,0,0,closed,cash,690.0,0.15,
ORD002642,2026-05-21 22:51:00,S04,Sara,T6,dine_in,CLB,Cold Brew,Coffee,1,680,680.0,0.0,0,0,0,closed,qr,714.0,0.05,C33ae64d40e
ORD002643,2026-05-21 22:34:31,S08,Mahnoor,T16,dine_in,SAN,Chicken Sandwich,Food,1,1350,1350.0,0.0,0,0,0,closed,cash,2150.0,0.15,Cec806bb66d
ORD002643,2026-05-21 22:34:31,S08,Mahnoor,T16,dine_in,CRO,Butter Croissant,Bakery,1,520,520.0,0.0,0,0,0,closed,cash,2150.0,0.15,Cec806bb66d
ORD002644,2026-05-21 19:49:43,S07,Daniyal,,takeaway,MAT,Matcha Latte,Coffee,1,720,720.0,0.0,0,0,0,closed,card,756.0,0.05,C6e0d8bc670
ORD002645,2026-05-21 20:04:25,S04,Sara,,takeaway,LAT,Cafe Latte,Coffee,1,580,580.0,0.0,0,0,0,closed,wallet,609.0,0.05,C5d90c0fdc3
ORD002646,2026-05-21 10:19:01,S05,Usman,T12,dine_in,AVT,Avocado Toast,Food,1,1450,1450.0,0.0,0,0,0,closed,wallet,1522.0,0.05,C96285ec529
ORD002647,2026-05-21 19:18:06,S03,Bilal,T15,dine_in,CKE,Slice of Cake,Bakery,1,780,780.0,0.0,0,0,0,closed,cash,2294.0,0.15,Ca77d93ef85
ORD002647,2026-05-21 19:18:06,S03,Bilal,T15,dine_in,SAN,Chicken Sandwich,Food,1,1350,1215.0,135.0,0,0,0,closed,cash,2294.0,0.15,Ca77d93ef85
ORD002648,2026-05-21 19:15:54,S07,Daniyal,T10,dine_in,CLB,Cold Brew,Coffee,1,680,612.0,68.0,0,0,0,closed,cash,704.0,0.15,
ORD002649,2026-05-21 09:08:51,S05,Usman,T9,dine_in,FLW,Flat White,Coffee,1,600,600.0,0.0,0,0,0,closed,wallet,1449.0,0.05,C4d4f7e93b0
ORD002649,2026-05-21 09:08:51,S05,Usman,T9,dine_in,CKE,Slice of Cake,Bakery,1,780,780.0,0.0,0,0,0,closed,wallet,1449.0,0.05,C4d4f7e93b0
ORD002650,2026-05-21 10:52:58,S04,Sara,,takeaway,CRO,Butter Croissant,Bakery,1,520,520.0,0.0,0,0,0,closed,card,2720.0,0.05,C002e0fc35e
ORD002650,2026-05-21 10:52:58,S04,Sara,,takeaway,PAS,Pasta,Food,1,1650,1650.0,0.0,0,0,0,closed,card,2720.0,0.05,C002e0fc35e
ORD002650,2026-05-21 10:52:58,S04,Sara,,takeaway,ESP,Espresso,Coffee,1,420,420.0,0.0,0,0,0,closed,card,2720.0,0.05,C002e0fc35e
ORD002651,2026-05-21 19:03:46,S07,Daniyal,T1,dine_in,IMP,Imported Soda,Other,1,480,480.0,0.0,0,0,0,closed,card,662.0,0.05,Ccb8af0dea2
ORD002651,2026-05-21 19:03:46,S07,Daniyal,T1,dine_in,WTR,Bottled Water,Other,1,150,150.0,0.0,0,0,0,closed,card,662.0,0.05,Ccb8af0dea2
ORD002652,2026-05-21 22:44:57,S06,Zainab,T3,dine_in,AVT,Avocado Toast,Food,1,1450,1450.0,0.0,0,0,0,closed,card,1522.0,0.05,C1ecad42cfe
ORD002653,2026-05-21 07:04:55,S03,Bilal,,takeaway,CKE,Slice of Cake,Bakery,1,780,780.0,0.0,0,0,0,closed,cash,3197.0,0.15,
ORD002653,2026-05-21 07:04:55,S03,Bilal,,takeaway,BFP,Big Breakfast,Food,1,1850,1850.0,0.0,0,0,0,closed,cash,3197.0,0.15,
ORD002653,2026-05-21 07:04:55,S03,Bilal,,takeaway,WTR,Bottled Water,Other,1,150,150.0,0.0,0,0,0,closed,cash,3197.0,0.15,
ORD002654,2026-05-21 17:31:44,S02,Hamza,,takeaway,CKE,Slice of Cake,Bakery,1,780,780.0,0.0,0,0,0,closed,card,819.0,0.05,Cbff0e0960f
ORD002655,2026-05-21 17:29:43,S05,Usman,T17,dine_in,MAT,Matcha Latte,Coffee,1,720,720.0,0.0,0,0,0,closed,wallet,914.0,0.05,C6dfb2713f9
ORD002655,2026-05-21 17:29:43,S05,Usman,T17,dine_in,WTR,Bottled Water,Other,1,150,150.0,0.0,0,0,0,closed,wallet,914.0,0.05,C6dfb2713f9
ORD002656,2026-05-21 11:03:25,S01,Ayesha,,takeaway,AVT,Avocado Toast,Food,1,1450,0.0,0.0,1,1,0,partial_void,cash,782.0,0.15,Ca42c3dfc62
ORD002656,2026-05-21 11:03:25,S01,Ayesha,,takeaway,CLB,Cold Brew,Coffee,1,680,680.0,0.0,0,0,0,partial_void,cash,782.0,0.15,Ca42c3dfc62
ORD002657,2026-05-21 19:17:57,S03,Bilal,T11,dine_in,AVT,Avocado Toast,Food,1,1450,0.0,0.0,0,0,1,closed,card,609.0,0.05,C3baae6f192
ORD002657,2026-05-21 19:17:57,S03,Bilal,T11,dine_in,CKE2,Cheesecake,Bakery,1,880,0.0,0.0,1,0,0,partial_void,card,609.0,0.05,C3baae6f192
ORD002657,2026-05-21 19:17:57,S03,Bilal,T11,dine_in,LAT,Cafe Latte,Coffee,1,580,580.0,0.0,0,0,0,partial_void,card,609.0,0.05,C3baae6f192
ORD002658,2026-05-21 09:40:46,S04,Sara,,takeaway,PAS,Pasta,Food,1,1650,1650.0,0.0,0,0,0,closed,wallet,1732.0,0.05,C0b90585403
ORD002659,2026-05-21 22:52:09,S05,Usman,T12,dine_in,MAT,Matcha Latte,Coffee,1,720,720.0,0.0,0,0,0,closed,cash,1667.0,0.15,
ORD002659,2026-05-21 22:52:09,S05,Usman,T12,dine_in,LAT,Cafe Latte,Coffee,1,580,580.0,0.0,0,0,0,closed,cash,1667.0,0.15,
ORD002659,2026-05-21 22:52:09,S05,Usman,T12,dine_in,WTR,Bottled Water,Other,1,150,150.0,0.0,0,0,0,closed,cash,1667.0,0.15,
ORD002660,2026-05-21 12:35:28,S03,Bilal,,takeaway,HOT,Hot Chocolate,Coffee,1,560,560.0,0.0,0,0,0,closed,cash,1380.0,0.15,
ORD002660,2026-05-21 12:35:28,S03,Bilal,,takeaway,ICL,Iced Latte,Coffee,1,640,640.0,0.0,0,0,0,closed,cash,1380.0,0.15,
ORD002661,2026-05-21 10:52:23,S05,Usman,T1,dine_in,CAP,Cappuccino,Coffee,1,560,0.0,0.0,1,1,0,partial_void,wallet,630.0,0.05,Cfde3905dc5
ORD002661,2026-05-21 10:52:23,S05,Usman,T1,dine_in,FLW,Flat White,Coffee,1,600,600.0,0.0,0,0,0,partial_void,wallet,630.0,0.05,Cfde3905dc5
ORD002662,2026-05-21 20:22:33,S08,Mahnoor,,takeaway,ESP,Espresso,Coffee,1,420,420.0,0.0,0,0,0,closed,card,1071.0,0.05,Cb9b1b808c7
ORD002662,2026-05-21 20:22:33,S08,Mahnoor,,takeaway,FLW,Flat White,Coffee,1,600,600.0,0.0,0,0,0,closed,card,1071.0,0.05,Cb9b1b808c7
ORD002663,2026-05-21 19:13:37,S01,Ayesha,,takeaway,ICL,Iced Latte,Coffee,1,640,640.0,0.0,0,0,0,closed,wallet,672.0,0.05,C19a9d68b16
ORD002664,2026-05-21 19:00:43,S08,Mahnoor,T4,dine_in,ESP,Espresso,Coffee,1,420,378.0,42.0,0,0,0,closed,cash,987.0,0.15,C19ab330972
ORD002664,2026-05-21 19:00:43,S08,Mahnoor,T4,dine_in,AMR,Americano,Coffee,1,480,480.0,0.0,0,0,0,closed,cash,987.0,0.15,C19ab330972
ORD002665,2026-05-21 19:59:08,S07,Daniyal,T13,dine_in,WTR,Bottled Water,Other,1,150,150.0,0.0,0,0,0,closed,cash,172.0,0.15,
ORD002666,2026-05-21 12:23:08,S01,Ayesha,T4,dine_in,ESP,Espresso,Coffee,1,420,420.0,0.0,0,0,0,closed,qr,882.0,0.05,Cc091a432e4
ORD002666,2026-05-21 12:23:08,S01,Ayesha,T4,dine_in,ESP,Espresso,Coffee,1,420,420.0,0.0,0,0,0,closed,qr,882.0,0.05,Cc091a432e4
ORD002667,2026-05-21 14:03:53,S08,Mahnoor,T13,dine_in,AMR,Americano,Coffee,1,480,480.0,0.0,0,0,0,closed,wallet,504.0,0.05,C006ee82fbf
ORD002668,2026-05-21 18:06:25,S08,Mahnoor,T5,dine_in,WTR,Bottled Water,Other,1,150,135.0,15.0,0,0,0,closed,wallet,814.0,0.05,C033079de2c
ORD002668,2026-05-21 18:06:25,S08,Mahnoor,T5,dine_in,ICL,Iced Latte,Coffee,1,640,640.0,0.0,0,0,0,closed,wallet,814.0,0.05,C033079de2c
ORD002669,2026-05-21 13:56:39,S03,Bilal,T4,dine_in,ICL,Iced Latte,Coffee,1,640,640.0,0.0,0,0,0,closed,cash,1336.0,0.15,C74caaa80b4
ORD002669,2026-05-21 13:56:39,S03,Bilal,T4,dine_in,LAT,Cafe Latte,Coffee,1,580,522.0,58.0,0,0,0,closed,cash,1336.0,0.15,C74caaa80b4
ORD002670,2026-05-21 20:17:29,S07,Daniyal,,takeaway,CLB,Cold Brew,Coffee,1,680,680.0,0.0,0,0,0,closed,cash,1265.0,0.15,
ORD002670,2026-05-21 20:17:29,S07,Daniyal,,takeaway,ESP,Espresso,Coffee,1,420,420.0,0.0,0,0,0,closed,cash,1265.0,0.15,
ORD002671,2026-05-21 19:49:31,S02,Hamza,,takeaway,CRO,Butter Croissant,Bakery,1,520,520.0,0.0,0,0,0,closed,card,1092.0,0.05,C7626e56d13
ORD002671,2026-05-21 19:49:31,S02,Hamza,,takeaway,CRO,Butter Croissant,Bakery,1,520,520.0,0.0,0,0,0,closed,card,1092.0,0.05,C7626e56d13
ORD002672,2026-05-21 07:34:00,S05,Usman,T7,dine_in,BFP,Big Breakfast,Food,1,1850,0.0,0.0,1,1,0,partial_void,card,0.0,0.05,C4f2621a7dd
ORD002673,2026-05-21 22:22:21,S05,Usman,T7,dine_in,AVT,Avocado Toast,Food,1,1450,1450.0,0.0,0,0,0,closed,wallet,2110.0,0.05,Cbadc3c1862
ORD002673,2026-05-21 22:22:21,S05,Usman,T7,dine_in,CAP,Cappuccino,Coffee,1,560,560.0,0.0,0,0,0,closed,wallet,2110.0,0.05,Cbadc3c1862
ORD002674,2026-05-21 08:53:51,S06,Zainab,T3,dine_in,IMP,Imported Soda,Other,1,480,480.0,0.0,0,0,0,closed,cash,3001.0,0.15,
ORD002674,2026-05-21 08:53:51,S06,Zainab,T3,dine_in,CKE,Slice of Cake,Bakery,1,780,780.0,0.0,0,0,0,closed,cash,3001.0,0.15,
ORD002674,2026-05-21 08:53:51,S06,Zainab,T3,dine_in,SAN,Chicken Sandwich,Food,1,1350,1350.0,0.0,0,0,0,closed,cash,3001.0,0.15,
ORD002675,2026-05-21 20:56:44,S02,Hamza,T12,dine_in,LAT,Cafe Latte,Coffee,1,580,580.0,0.0,0,0,0,closed,cash,1414.0,0.15,
ORD002675,2026-05-21 20:56:44,S02,Hamza,T12,dine_in,MOC,Mocha,Coffee,1,650,650.0,0.0,0,0,0,closed,cash,1414.0,0.15,
ORD002676,2026-05-21 10:33:06,S01,Ayesha,T4,dine_in,PAS,Pasta,Food,1,1650,1650.0,0.0,0,0,0,closed,qr,3005.0,0.05,Ce691a70429
ORD002676,2026-05-21 10:33:06,S01,Ayesha,T4,dine_in,WTR,Bottled Water,Other,1,150,150.0,0.0,0,0,0,closed,qr,3005.0,0.05,Ce691a70429
ORD002676,2026-05-21 10:33:06,S01,Ayesha,T4,dine_in,SAL,Garden Salad,Food,1,1250,1062.0,188.0,0,0,0,closed,qr,3005.0,0.05,Ce691a70429
ORD002677,2026-05-21 12:47:53,S05,Usman,T16,dine_in,CLB,Cold Brew,Coffee,1,680,680.0,0.0,0,0,0,closed,wallet,1302.0,0.05,Ca5c0a2cc4b
ORD002677,2026-05-21 12:47:53,S05,Usman,T16,dine_in,HOT,Hot Chocolate,Coffee,1,560,560.0,0.0,0,0,0,closed,wallet,1302.0,0.05,Ca5c0a2cc4b
ORD002678,2026-05-21 13:53:36,S08,Mahnoor,,takeaway,AMR,Americano,Coffee,1,480,480.0,0.0,0,0,0,closed,wallet,1050.0,0.05,C033079de2c
ORD002678,2026-05-21 13:53:36,S08,Mahnoor,,takeaway,CRO,Butter Croissant,Bakery,1,520,520.0,0.0,0,0,0,closed,wallet,1050.0,0.05,C033079de2c
ORD002679,2026-05-21 17:16:43,S01,Ayesha,,takeaway,CLB,Cold Brew,Coffee,1,680,680.0,0.0,0,0,0,closed,cash,782.0,0.15,
ORD002680,2026-05-21 20:46:42,S04,Sara,T2,dine_in,FLW,Flat White,Coffee,1,600,600.0,0.0,0,0,0,closed,cash,690.0,0.15,
ORD002681,2026-05-21 19:43:43,S04,Sara,T17,dine_in,WTR,Bottled Water,Other,1,150,150.0,0.0,0,0,0,closed,wallet,2919.0,0.05,C77ae45bf0e
ORD002681,2026-05-21 19:43:43,S04,Sara,T17,dine_in,BFP,Big Breakfast,Food,1,1850,1850.0,0.0,0,0,0,closed,wallet,2919.0,0.05,C77ae45bf0e
ORD002681,2026-05-21 19:43:43,S04,Sara,T17,dine_in,CKE,Slice of Cake,Bakery,1,780,780.0,0.0,0,0,0,closed,wallet,2919.0,0.05,C77ae45bf0e
ORD002682,2026-05-21 18:01:59,S01,Ayesha,T3,dine_in,LAT,Cafe Latte,Coffee,1,580,580.0,0.0,0,0,0,closed,cash,1334.0,0.15,C29c9013dd2
ORD002682,2026-05-21 18:01:59,S01,Ayesha,T3,dine_in,LAT,Cafe Latte,Coffee,1,580,580.0,0.0,0,0,0,closed,cash,1334.0,0.15,C29c9013dd2
ORD002683,2026-05-21 18:18:31,S03,Bilal,T9,dine_in,BFP,Big Breakfast,Food,1,1850,0.0,0.0,0,0,1,closed,card,0.0,0.05,C0b90585403
ORD002684,2026-05-21 12:19:08,S04,Sara,T17,dine_in,CKE,Slice of Cake,Bakery,1,780,780.0,0.0,0,0,0,closed,card,819.0,0.05,Cd1e93a6d3b
ORD002685,2026-05-21 11:35:45,S01,Ayesha,T12,dine_in,ICL,Iced Latte,Coffee,1,640,640.0,0.0,0,0,0,closed,card,672.0,0.05,Cb5986c9f4e
ORD002686,2026-05-21 11:08:42,S08,Mahnoor,T13,dine_in,CLB,Cold Brew,Coffee,1,680,680.0,0.0,0,0,0,closed,card,714.0,0.05,C74caaa80b4
ORD002687,2026-05-21 12:45:11,S03,Bilal,T13,dine_in,CLB,Cold Brew,Coffee,1,680,680.0,0.0,0,0,0,closed,cash,1426.0,0.15,
ORD002687,2026-05-21 12:45:11,S03,Bilal,T13,dine_in,CAP,Cappuccino,Coffee,1,560,560.0,0.0,0,0,0,closed,cash,1426.0,0.15,
ORD002688,2026-05-21 09:41:29,S01,Ayesha,,takeaway,PAS,Pasta,Food,1,1650,1650.0,0.0,0,0,0,closed,wallet,1732.0,0.05,Cf4895fd9dd
ORD002689,2026-05-21 12:34:29,S05,Usman,T18,dine_in,AVT,Avocado Toast,Food,1,1450,1450.0,0.0,0,0,0,closed,cash,1667.0,0.15,Ca77d93ef85
ORD002690,2026-05-21 18:58:16,S06,Zainab,T18,dine_in,LAT,Cafe Latte,Coffee,1,580,580.0,0.0,0,0,0,closed,cash,667.0,0.15,
ORD002691,2026-05-21 12:19:26,S02,Hamza,,takeaway,ESP,Espresso,Coffee,1,420,420.0,0.0,0,0,0,closed,card,1029.0,0.05,C91542f6ecc
ORD002691,2026-05-21 12:19:26,S02,Hamza,,takeaway,CAP,Cappuccino,Coffee,1,560,560.0,0.0,0,0,0,closed,card,1029.0,0.05,C91542f6ecc
ORD002692,2026-05-22 08:51:20,S05,Usman,T1,dine_in,WTR,Bottled Water,Other,1,150,150.0,0.0,0,0,0,closed,cash,2507.0,0.15,C77ae45bf0e
ORD002692,2026-05-22 08:51:20,S05,Usman,T1,dine_in,CKE,Slice of Cake,Bakery,1,780,780.0,0.0,0,0,0,closed,cash,2507.0,0.15,C77ae45bf0e
ORD002692,2026-05-22 08:51:20,S05,Usman,T1,dine_in,SAL,Garden Salad,Food,1,1250,1250.0,0.0,0,0,0,closed,cash,2507.0,0.15,C77ae45bf0e
ORD002693,2026-05-22 21:58:33,S01,Ayesha,,takeaway,CKE2,Cheesecake,Bakery,1,880,880.0,0.0,0,0,0,closed,card,924.0,0.05,C2145a16ba7
ORD002694,2026-05-22 07:38:39,S07,Daniyal,T10,dine_in,LAT,Cafe Latte,Coffee,1,580,580.0,0.0,0,0,0,closed,card,609.0,0.05,C33b5b4c279
ORD002695,2026-05-22 11:33:00,S03,Bilal,T13,dine_in,ESP,Espresso,Coffee,1,420,336.0,84.0,0,0,0,closed,card,353.0,0.05,Cfc5da82ed6
ORD002696,2026-05-22 07:00:44,S04,Sara,T11,dine_in,MOC,Mocha,Coffee,1,650,650.0,0.0,0,0,0,closed,qr,682.0,0.05,Cadc75d3967
ORD002697,2026-05-22 18:03:58,S04,Sara,T3,dine_in,CLB,Cold Brew,Coffee,1,680,680.0,0.0,0,0,0,closed,card,2142.0,0.05,C102f4af14e
ORD002697,2026-05-22 18:03:58,S04,Sara,T3,dine_in,CKE2,Cheesecake,Bakery,1,880,880.0,0.0,0,0,0,closed,card,2142.0,0.05,C102f4af14e
ORD002697,2026-05-22 18:03:58,S04,Sara,T3,dine_in,IMP,Imported Soda,Other,1,480,480.0,0.0,0,0,0,closed,card,2142.0,0.05,C102f4af14e
ORD002698,2026-05-22 07:28:00,S03,Bilal,T5,dine_in,BFP,Big Breakfast,Food,1,1850,1850.0,0.0,0,0,0,closed,cash,2128.0,0.15,C74eb1c57ca
ORD002699,2026-05-22 19:37:10,S07,Daniyal,T18,dine_in,FLW,Flat White,Coffee,1,600,600.0,0.0,0,0,0,closed,cash,1242.0,0.15,
ORD002699,2026-05-22 19:37:10,S07,Daniyal,T18,dine_in,AMR,Americano,Coffee,1,480,480.0,0.0,0,0,0,closed,cash,1242.0,0.15,
ORD002700,2026-05-22 15:54:09,S04,Sara,T7,dine_in,CLB,Cold Brew,Coffee,1,680,680.0,0.0,0,0,0,closed,cash,782.0,0.15,
ORD002701,2026-05-22 22:23:13,S01,Ayesha,,takeaway,CRO,Butter Croissant,Bakery,1,520,520.0,0.0,0,0,0,closed,card,3591.0,0.05,C49e1d6c4d1
ORD002701,2026-05-22 22:23:13,S01,Ayesha,,takeaway,AVT,Avocado Toast,Food,2,1450,2900.0,0.0,0,0,0,closed,card,3591.0,0.05,C49e1d6c4d1
ORD002702,2026-05-22 18:41:02,S03,Bilal,T17,dine_in,FLW,Flat White,Coffee,1,600,600.0,0.0,0,0,0,closed,cash,690.0,0.15,
ORD002703,2026-05-22 16:07:30,S03,Bilal,T11,dine_in,CRO,Butter Croissant,Bakery,1,520,468.0,52.0,0,0,0,closed,wallet,491.0,0.05,C52cc78336b
ORD002704,2026-05-22 10:22:47,S01,Ayesha,,takeaway,PNC,Pain au Chocolat,Bakery,1,600,600.0,0.0,0,0,0,closed,cash,1380.0,0.15,Cd923cf20c8
ORD002704,2026-05-22 10:22:47,S01,Ayesha,,takeaway,FLW,Flat White,Coffee,1,600,600.0,0.0,0,0,0,closed,cash,1380.0,0.15,Cd923cf20c8
ORD002705,2026-05-22 19:28:20,S03,Bilal,,takeaway,PAS,Pasta,Food,1,1650,1320.0,330.0,0,0,0,closed,cash,4571.0,0.15,
ORD002705,2026-05-22 19:28:20,S03,Bilal,,takeaway,AVT,Avocado Toast,Food,1,1450,1305.0,145.0,0,0,0,closed,cash,4571.0,0.15,
ORD002705,2026-05-22 19:28:20,S03,Bilal,,takeaway,SAN,Chicken Sandwich,Food,1,1350,1350.0,0.0,0,0,0,closed,cash,4571.0,0.15,
ORD002706,2026-05-22 19:39:41,S05,Usman,,takeaway,CKE,Slice of Cake,Bakery,1,780,780.0,0.0,0,0,0,closed,cash,897.0,0.15,C4030d220fb
ORD002707,2026-05-22 12:49:27,S01,Ayesha,,takeaway,PAS,Pasta,Food,1,1650,1650.0,0.0,0,0,0,closed,cash,4382.0,0.15,
ORD002707,2026-05-22 12:49:27,S01,Ayesha,,takeaway,SAN,Chicken Sandwich,Food,2,1350,2160.0,540.0,0,0,0,closed,cash,4382.0,0.15,
ORD002708,2026-05-22 07:39:06,S01,Ayesha,T14,dine_in,PNC,Pain au Chocolat,Bakery,1,600,600.0,0.0,0,0,0,closed,card,1302.0,0.05,Cf6ab8afba7
ORD002708,2026-05-22 07:39:06,S01,Ayesha,T14,dine_in,ICL,Iced Latte,Coffee,1,640,640.0,0.0,0,0,0,closed,card,1302.0,0.05,Cf6ab8afba7
ORD002709,2026-05-22 20:56:22,S08,Mahnoor,T14,dine_in,ICL,Iced Latte,Coffee,1,640,640.0,0.0,0,0,0,closed,qr,672.0,0.05,C704cdee453
ORD002710,2026-05-22 19:08:21,S07,Daniyal,T13,dine_in,AVT,Avocado Toast,Food,1,1450,1450.0,0.0,0,0,0,closed,wallet,2266.0,0.05,Cbcf52aba85
ORD002710,2026-05-22 19:08:21,S07,Daniyal,T13,dine_in,LAT,Cafe Latte,Coffee,1,580,580.0,0.0,0,0,0,closed,wallet,2266.0,0.05,Cbcf52aba85
ORD002710,2026-05-22 19:08:21,S07,Daniyal,T13,dine_in,WTR,Bottled Water,Other,1,150,128.0,22.0,0,0,0,closed,wallet,2266.0,0.05,Cbcf52aba85
ORD002711,2026-05-22 08:15:18,S08,Mahnoor,,takeaway,WTR,Bottled Water,Other,1,150,150.0,0.0,0,0,0,closed,cash,862.0,0.15,
ORD002711,2026-05-22 08:15:18,S08,Mahnoor,,takeaway,FLW,Flat White,Coffee,1,600,600.0,0.0,0,0,0,closed,cash,862.0,0.15,
ORD002712,2026-05-22 18:48:12,S08,Mahnoor,T11,dine_in,CRO,Butter Croissant,Bakery,1,520,520.0,0.0,0,0,0,closed,cash,598.0,0.15,
ORD002713,2026-05-22 19:41:39,S06,Zainab,T9,dine_in,LAT,Cafe Latte,Coffee,1,580,580.0,0.0,0,0,0,closed,card,1922.0,0.05,C940861c286
ORD002713,2026-05-22 19:41:39,S06,Zainab,T9,dine_in,SAL,Garden Salad,Food,1,1250,1250.0,0.0,0,0,0,closed,card,1922.0,0.05,C940861c286
ORD002714,2026-05-22 14:45:44,S07,Daniyal,T15,dine_in,LAT,Cafe Latte,Coffee,1,580,0.0,0.0,0,0,1,closed,card,0.0,0.05,C9cf1e0da55
ORD002715,2026-05-22 15:38:09,S08,Mahnoor,T9,dine_in,LAT,Cafe Latte,Coffee,1,580,580.0,0.0,0,0,0,closed,card,609.0,0.05,Cdf0bd6d485
ORD002716,2026-05-22 13:33:34,S04,Sara,,takeaway,CKE,Slice of Cake,Bakery,1,780,780.0,0.0,0,0,0,closed,cash,1725.0,0.15,
ORD002716,2026-05-22 13:33:34,S04,Sara,,takeaway,MAT,Matcha Latte,Coffee,1,720,720.0,0.0,0,0,0,closed,cash,1725.0,0.15,
ORD002717,2026-05-22 07:50:39,S07,Daniyal,,takeaway,HOT,Hot Chocolate,Coffee,1,560,504.0,56.0,0,0,0,closed,card,529.0,0.05,C280fc1bab1
ORD002718,2026-05-22 10:01:23,S06,Zainab,,takeaway,FLW,Flat White,Coffee,1,600,600.0,0.0,0,0,0,closed,cash,1380.0,0.15,C23acb84445
ORD002718,2026-05-22 10:01:23,S06,Zainab,,takeaway,FLW,Flat White,Coffee,1,600,600.0,0.0,0,0,0,closed,cash,1380.0,0.15,C23acb84445
ORD002719,2026-05-22 18:26:33,S02,Hamza,T16,dine_in,AVT,Avocado Toast,Food,1,1450,1450.0,0.0,0,0,0,closed,cash,1667.0,0.15,
ORD002720,2026-05-22 08:48:47,S05,Usman,T6,dine_in,WTR,Bottled Water,Other,1,150,150.0,0.0,0,0,0,closed,card,158.0,0.05,Cab72de2b26
ORD002721,2026-05-22 07:49:24,S03,Bilal,,takeaway,PAS,Pasta,Food,1,1650,1650.0,0.0,0,0,0,closed,cash,1897.0,0.15,
ORD002722,2026-05-22 11:09:13,S02,Hamza,T2,dine_in,ESP,Espresso,Coffee,1,420,420.0,0.0,0,0,0,closed,card,1659.0,0.05,Cb66f1be648
ORD002722,2026-05-22 11:09:13,S02,Hamza,T2,dine_in,CRO,Butter Croissant,Bakery,1,520,520.0,0.0,0,0,0,closed,card,1659.0,0.05,Cb66f1be648
ORD002722,2026-05-22 11:09:13,S02,Hamza,T2,dine_in,ICL,Iced Latte,Coffee,1,640,640.0,0.0,0,0,0,closed,card,1659.0,0.05,Cb66f1be648
ORD002723,2026-05-22 21:46:23,S07,Daniyal,T13,dine_in,IMP,Imported Soda,Other,1,480,432.0,48.0,0,0,0,closed,cash,497.0,0.15,
ORD002724,2026-05-22 17:17:43,S04,Sara,,takeaway,PNC,Pain au Chocolat,Bakery,1,600,600.0,0.0,0,0,0,closed,wallet,1942.0,0.05,C77ae45bf0e
ORD002724,2026-05-22 17:17:43,S04,Sara,,takeaway,SAL,Garden Salad,Food,1,1250,1250.0,0.0,0,0,0,closed,wallet,1942.0,0.05,C77ae45bf0e
ORD002725,2026-05-22 18:52:46,S04,Sara,T16,dine_in,SAL,Garden Salad,Food,2,1250,2125.0,375.0,0,0,0,closed,card,4174.0,0.05,Ca77d93ef85
ORD002725,2026-05-22 18:52:46,S04,Sara,T16,dine_in,SAL,Garden Salad,Food,2,1250,0.0,0.0,0,0,1,closed,card,4174.0,0.05,Ca77d93ef85
ORD002725,2026-05-22 18:52:46,S04,Sara,T16,dine_in,BFP,Big Breakfast,Food,1,1850,1850.0,0.0,0,0,0,closed,card,4174.0,0.05,Ca77d93ef85
ORD002726,2026-05-22 18:12:17,S01,Ayesha,T2,dine_in,WTR,Bottled Water,Other,1,150,150.0,0.0,0,0,0,closed,wallet,1396.0,0.05,C5d90c0fdc3
ORD002726,2026-05-22 18:12:17,S01,Ayesha,T2,dine_in,LAT,Cafe Latte,Coffee,1,580,580.0,0.0,0,0,0,closed,wallet,1396.0,0.05,C5d90c0fdc3
ORD002726,2026-05-22 18:12:17,S01,Ayesha,T2,dine_in,FLW,Flat White,Coffee,1,600,600.0,0.0,0,0,0,closed,wallet,1396.0,0.05,C5d90c0fdc3
ORD002727,2026-05-22 19:33:50,S07,Daniyal,T2,dine_in,IMP,Imported Soda,Other,1,480,480.0,0.0,0,0,0,closed,card,504.0,0.05,C6dfb2713f9
ORD002728,2026-05-22 08:25:40,S07,Daniyal,T10,dine_in,CLB,Cold Brew,Coffee,1,680,680.0,0.0,0,0,0,closed,card,714.0,0.05,C6dfb2713f9
ORD002729,2026-05-22 12:33:38,S01,Ayesha,,takeaway,AVT,Avocado Toast,Food,1,1450,1450.0,0.0,0,0,0,closed,card,1522.0,0.05,C4bed3bfa69
ORD002730,2026-05-22 08:01:03,S07,Daniyal,T3,dine_in,SAN,Chicken Sandwich,Food,1,1350,1350.0,0.0,0,0,0,closed,cash,2288.0,0.15,
ORD002730,2026-05-22 08:01:03,S07,Daniyal,T3,dine_in,ICL,Iced Latte,Coffee,1,640,640.0,0.0,0,0,0,closed,cash,2288.0,0.15,
ORD002731,2026-05-22 19:45:09,S01,Ayesha,,takeaway,LAT,Cafe Latte,Coffee,1,580,580.0,0.0,0,0,0,closed,card,1197.0,0.05,C77ae45bf0e
ORD002731,2026-05-22 19:45:09,S01,Ayesha,,takeaway,HOT,Hot Chocolate,Coffee,1,560,560.0,0.0,0,0,0,closed,card,1197.0,0.05,C77ae45bf0e
ORD002732,2026-05-22 09:19:08,S03,Bilal,T5,dine_in,CAP,Cappuccino,Coffee,1,560,0.0,0.0,0,0,1,closed,card,0.0,0.05,Cadc75d3967
ORD002733,2026-05-22 08:28:33,S03,Bilal,T6,dine_in,SAN,Chicken Sandwich,Food,1,1350,1350.0,0.0,0,0,0,closed,card,2006.0,0.05,Cd923cf20c8
ORD002733,2026-05-22 08:28:33,S03,Bilal,T6,dine_in,HOT,Hot Chocolate,Coffee,1,560,560.0,0.0,0,0,0,closed,card,2006.0,0.05,Cd923cf20c8
ORD002734,2026-05-22 12:11:37,S05,Usman,,takeaway,BFP,Big Breakfast,Food,2,1850,3700.0,0.0,0,0,0,closed,cash,4945.0,0.15,
ORD002734,2026-05-22 12:11:37,S05,Usman,,takeaway,FLW,Flat White,Coffee,1,600,600.0,0.0,0,0,0,closed,cash,4945.0,0.15,
ORD002735,2026-05-22 07:57:17,S01,Ayesha,T1,dine_in,LAT,Cafe Latte,Coffee,1,580,580.0,0.0,0,0,0,closed,cash,1955.0,0.15,C84719e966a
ORD002735,2026-05-22 07:57:17,S01,Ayesha,T1,dine_in,AMR,Americano,Coffee,1,480,480.0,0.0,0,0,0,closed,cash,1955.0,0.15,C84719e966a
ORD002735,2026-05-22 07:57:17,S01,Ayesha,T1,dine_in,ICL,Iced Latte,Coffee,1,640,640.0,0.0,0,0,0,closed,cash,1955.0,0.15,C84719e966a
ORD002736,2026-05-22 08:37:09,S05,Usman,T18,dine_in,LAT,Cafe Latte,Coffee,1,580,580.0,0.0,0,0,0,closed,cash,1679.0,0.15,
ORD002736,2026-05-22 08:37:09,S05,Usman,T18,dine_in,CKE2,Cheesecake,Bakery,1,880,880.0,0.0,0,0,0,closed,cash,1679.0,0.15,
ORD002737,2026-05-22 08:10:33,S04,Sara,T3,dine_in,CAP,Cappuccino,Coffee,1,560,560.0,0.0,0,0,0,closed,card,588.0,0.05,C27b8cccac4
ORD002738,2026-05-22 11:49:37,S05,Usman,,takeaway,WTR,Bottled Water,Other,1,150,150.0,0.0,0,0,0,closed,wallet,788.0,0.05,Cbcf52aba85
ORD002738,2026-05-22 11:49:37,S05,Usman,,takeaway,FLW,Flat White,Coffee,1,600,600.0,0.0,0,0,0,closed,wallet,788.0,0.05,Cbcf52aba85
ORD002739,2026-05-22 13:01:33,S04,Sara,T8,dine_in,CLB,Cold Brew,Coffee,1,680,680.0,0.0,0,0,0,closed,qr,714.0,0.05,C0ae131a4f8
ORD002740,2026-05-22 10:17:07,S06,Zainab,,takeaway,SAL,Garden Salad,Food,1,1250,1250.0,0.0,0,0,0,closed,wallet,1922.0,0.05,Ccd78d85830
ORD002740,2026-05-22 10:17:07,S06,Zainab,,takeaway,LAT,Cafe Latte,Coffee,1,580,580.0,0.0,0,0,0,closed,wallet,1922.0,0.05,Ccd78d85830
ORD002741,2026-05-22 21:21:15,S01,Ayesha,T9,dine_in,AMR,Americano,Coffee,1,480,480.0,0.0,0,0,0,closed,cash,1449.0,0.15,
ORD002741,2026-05-22 21:21:15,S01,Ayesha,T9,dine_in,CKE,Slice of Cake,Bakery,1,780,780.0,0.0,0,0,0,closed,cash,1449.0,0.15,
ORD002742,2026-05-22 10:00:35,S07,Daniyal,,takeaway,BFP,Big Breakfast,Food,1,1850,1850.0,0.0,0,0,0,closed,card,1942.0,0.05,C482e4b19c6
ORD002743,2026-05-22 13:39:06,S05,Usman,T12,dine_in,CRO,Butter Croissant,Bakery,1,520,520.0,0.0,0,0,0,closed,qr,546.0,0.05,C6dfb2713f9
ORD002744,2026-05-22 13:00:47,S03,Bilal,T5,dine_in,PNC,Pain au Chocolat,Bakery,1,600,600.0,0.0,0,0,0,closed,cash,1257.0,0.15,
ORD002744,2026-05-22 13:00:47,S03,Bilal,T5,dine_in,LAT,Cafe Latte,Coffee,1,580,493.0,87.0,0,0,0,closed,cash,1257.0,0.15,
ORD002745,2026-05-22 17:09:27,S07,Daniyal,T17,dine_in,IMP,Imported Soda,Other,1,480,480.0,0.0,0,0,0,closed,card,1428.0,0.05,C85143319da
ORD002745,2026-05-22 17:09:27,S07,Daniyal,T17,dine_in,CKE2,Cheesecake,Bakery,1,880,880.0,0.0,0,0,0,closed,card,1428.0,0.05,C85143319da
ORD002746,2026-05-22 09:48:12,S03,Bilal,T11,dine_in,CLB,Cold Brew,Coffee,1,680,0.0,68.0,1,0,0,partial_void,card,0.0,0.05,C91b81b727a
ORD002747,2026-05-22 18:30:04,S06,Zainab,T9,dine_in,PNC,Pain au Chocolat,Bakery,1,600,600.0,0.0,0,0,0,closed,card,630.0,0.05,Ca5c0a2cc4b
ORD002748,2026-05-22 09:15:46,S02,Hamza,,takeaway,AVT,Avocado Toast,Food,1,1450,1450.0,0.0,0,0,0,closed,card,2132.0,0.05,Cd757d089f8
ORD002748,2026-05-22 09:15:46,S02,Hamza,,takeaway,LAT,Cafe Latte,Coffee,1,580,580.0,0.0,0,0,0,closed,card,2132.0,0.05,Cd757d089f8
ORD002749,2026-05-22 10:40:59,S04,Sara,T1,dine_in,CAP,Cappuccino,Coffee,1,560,560.0,0.0,0,0,0,closed,cash,1334.0,0.15,Ccb8af0dea2
ORD002749,2026-05-22 10:40:59,S04,Sara,T1,dine_in,FLW,Flat White,Coffee,1,600,600.0,0.0,0,0,0,closed,cash,1334.0,0.15,Ccb8af0dea2
ORD002750,2026-05-22 07:47:32,S08,Mahnoor,T1,dine_in,PNC,Pain au Chocolat,Bakery,1,600,600.0,0.0,0,0,0,closed,card,2152.0,0.05,Ccb8af0dea2
ORD002750,2026-05-22 07:47:32,S08,Mahnoor,T1,dine_in,AVT,Avocado Toast,Food,1,1450,1450.0,0.0,0,0,0,closed,card,2152.0,0.05,Ccb8af0dea2
ORD002751,2026-05-22 22:36:38,S04,Sara,T14,dine_in,AMR,Americano,Coffee,1,480,408.0,72.0,0,0,0,closed,card,428.0,0.05,Cdc121a5b56
ORD002752,2026-05-22 09:23:50,S01,Ayesha,T12,dine_in,AMR,Americano,Coffee,1,480,480.0,0.0,0,0,0,closed,cash,552.0,0.15,
ORD002753,2026-05-22 17:17:07,S05,Usman,T12,dine_in,CAP,Cappuccino,Coffee,1,560,560.0,0.0,0,0,0,closed,qr,1407.0,0.05,Cf4895fd9dd
ORD002753,2026-05-22 17:17:07,S05,Usman,T12,dine_in,CKE,Slice of Cake,Bakery,1,780,780.0,0.0,0,0,0,closed,qr,1407.0,0.05,Cf4895fd9dd
ORD002754,2026-05-22 09:07:07,S02,Hamza,,takeaway,CAP,Cappuccino,Coffee,1,560,560.0,0.0,0,0,0,closed,cash,644.0,0.15,
ORD002755,2026-05-22 10:06:41,S07,Daniyal,,takeaway,LAT,Cafe Latte,Coffee,1,580,580.0,0.0,0,0,0,closed,card,1239.0,0.05,C280fc1bab1
ORD002755,2026-05-22 10:06:41,S07,Daniyal,,takeaway,FLW,Flat White,Coffee,1,600,600.0,0.0,0,0,0,closed,card,1239.0,0.05,C280fc1bab1
ORD002756,2026-05-22 08:20:46,S01,Ayesha,T10,dine_in,ESP,Espresso,Coffee,1,420,420.0,0.0,0,0,0,closed,card,441.0,0.05,C58be9f19f5
ORD002757,2026-05-22 16:37:08,S06,Zainab,,takeaway,ESP,Espresso,Coffee,1,420,420.0,0.0,0,0,0,closed,card,441.0,0.05,Ca77d93ef85
ORD002758,2026-05-22 07:53:55,S02,Hamza,,takeaway,BFP,Big Breakfast,Food,1,1850,1850.0,0.0,0,0,0,closed,cash,2128.0,0.15,
ORD002759,2026-05-22 17:50:37,S03,Bilal,,takeaway,SAN,Chicken Sandwich,Food,1,1350,1080.0,270.0,0,0,0,closed,wallet,1134.0,0.05,Caf351da373
ORD002760,2026-05-22 19:16:40,S04,Sara,T11,dine_in,CAP,Cappuccino,Coffee,1,560,560.0,0.0,0,0,0,closed,wallet,588.0,0.05,C25fde7e354
ORD002761,2026-05-22 15:53:27,S05,Usman,T3,dine_in,CRO,Butter Croissant,Bakery,1,520,520.0,0.0,0,0,0,closed,card,546.0,0.05,Cdf0bd6d485
ORD002762,2026-05-22 07:47:27,S08,Mahnoor,T17,dine_in,ESP,Espresso,Coffee,1,420,336.0,84.0,0,0,0,closed,card,353.0,0.05,C998fad6fa0
ORD002763,2026-05-22 08:40:22,S02,Hamza,,takeaway,WTR,Bottled Water,Other,1,150,150.0,0.0,0,0,0,closed,wallet,872.0,0.05,C52cc78336b
ORD002763,2026-05-22 08:40:22,S02,Hamza,,takeaway,CLB,Cold Brew,Coffee,1,680,680.0,0.0,0,0,0,closed,wallet,872.0,0.05,C52cc78336b
ORD002764,2026-05-22 11:01:05,S08,Mahnoor,,takeaway,CKE,Slice of Cake,Bakery,1,780,780.0,0.0,0,0,0,closed,qr,1502.0,0.05,C98aca05acf
ORD002764,2026-05-22 11:01:05,S08,Mahnoor,,takeaway,MOC,Mocha,Coffee,1,650,650.0,0.0,0,0,0,closed,qr,1502.0,0.05,C98aca05acf
ORD002765,2026-05-22 11:05:54,S01,Ayesha,T1,dine_in,LAT,Cafe Latte,Coffee,1,580,580.0,0.0,0,0,0,closed,cash,1357.0,0.15,
ORD002765,2026-05-22 11:05:54,S01,Ayesha,T1,dine_in,PNC,Pain au Chocolat,Bakery,1,600,600.0,0.0,0,0,0,closed,cash,1357.0,0.15,
ORD002766,2026-05-22 11:13:52,S06,Zainab,T13,dine_in,ESP,Espresso,Coffee,1,420,420.0,0.0,0,0,0,closed,cash,483.0,0.15,
ORD002767,2026-05-22 07:21:53,S01,Ayesha,,takeaway,LAT,Cafe Latte,Coffee,1,580,580.0,0.0,0,0,0,closed,card,1113.0,0.05,Cfc5da82ed6
ORD002767,2026-05-22 07:21:53,S01,Ayesha,,takeaway,AMR,Americano,Coffee,1,480,480.0,0.0,0,0,0,closed,card,1113.0,0.05,Cfc5da82ed6
ORD002768,2026-05-22 12:19:51,S02,Hamza,T10,dine_in,AMR,Americano,Coffee,1,480,432.0,48.0,0,0,0,closed,wallet,454.0,0.05,Cf1a99ef799
ORD002769,2026-05-22 17:28:25,S02,Hamza,T17,dine_in,MAT,Matcha Latte,Coffee,1,720,720.0,0.0,0,0,0,closed,card,1470.0,0.05,C3b6644d10e
ORD002769,2026-05-22 17:28:25,S02,Hamza,T17,dine_in,CLB,Cold Brew,Coffee,1,680,680.0,0.0,0,0,0,closed,card,1470.0,0.05,C3b6644d10e
ORD002770,2026-05-22 16:05:07,S08,Mahnoor,T11,dine_in,AVT,Avocado Toast,Food,1,1450,1450.0,0.0,0,0,0,closed,cash,6612.0,0.15,
ORD002770,2026-05-22 16:05:07,S08,Mahnoor,T11,dine_in,FLW,Flat White,Coffee,1,600,600.0,0.0,0,0,0,closed,cash,6612.0,0.15,
ORD002770,2026-05-22 16:05:07,S08,Mahnoor,T11,dine_in,BFP,Big Breakfast,Food,2,1850,3700.0,0.0,0,0,0,closed,cash,6612.0,0.15,
ORD002771,2026-05-22 16:25:02,S04,Sara,,takeaway,CLB,Cold Brew,Coffee,1,680,680.0,0.0,0,0,0,closed,card,1396.0,0.05,Cdf99103aeb
ORD002771,2026-05-22 16:25:02,S04,Sara,,takeaway,MOC,Mocha,Coffee,1,650,650.0,0.0,0,0,0,closed,card,1396.0,0.05,Cdf99103aeb
ORD002772,2026-05-22 12:42:44,S08,Mahnoor,T5,dine_in,ICL,Iced Latte,Coffee,1,640,512.0,128.0,0,0,0,closed,cash,589.0,0.15,
ORD002773,2026-05-22 07:07:00,S04,Sara,,takeaway,LAT,Cafe Latte,Coffee,1,580,0.0,0.0,0,0,1,closed,wallet,588.0,0.05,Cadc75d3967
ORD002773,2026-05-22 07:07:00,S04,Sara,,takeaway,CAP,Cappuccino,Coffee,1,560,560.0,0.0,0,0,0,closed,wallet,588.0,0.05,Cadc75d3967
ORD002774,2026-05-22 13:34:51,S06,Zainab,T13,dine_in,MOC,Mocha,Coffee,1,650,650.0,0.0,0,0,0,closed,cash,747.0,0.15,
ORD002775,2026-05-22 09:47:42,S07,Daniyal,,takeaway,CAP,Cappuccino,Coffee,1,560,560.0,0.0,0,0,0,closed,cash,644.0,0.15,
ORD002776,2026-05-22 11:21:17,S01,Ayesha,T13,dine_in,SAN,Chicken Sandwich,Food,1,1350,1350.0,0.0,0,0,0,closed,card,2132.0,0.05,Cad9a1a7d77
ORD002776,2026-05-22 11:21:17,S01,Ayesha,T13,dine_in,CLB,Cold Brew,Coffee,1,680,680.0,0.0,0,0,0,closed,card,2132.0,0.05,Cad9a1a7d77
ORD002777,2026-05-22 12:55:39,S04,Sara,,takeaway,LAT,Cafe Latte,Coffee,1,580,580.0,0.0,0,0,0,closed,cash,667.0,0.15,
ORD002778,2026-05-22 09:35:28,S07,Daniyal,T10,dine_in,PNC,Pain au Chocolat,Bakery,1,600,600.0,0.0,0,0,0,closed,card,2152.0,0.05,C7bfa0588ba
ORD002778,2026-05-22 09:35:28,S07,Daniyal,T10,dine_in,AVT,Avocado Toast,Food,1,1450,1450.0,0.0,0,0,0,closed,card,2152.0,0.05,C7bfa0588ba
ORD002779,2026-05-22 13:29:38,S05,Usman,T7,dine_in,CKE,Slice of Cake,Bakery,1,780,702.0,78.0,0,0,0,closed,card,737.0,0.05,Cdf2d41884a
ORD002780,2026-05-22 19:10:54,S04,Sara,T3,dine_in,BFP,Big Breakfast,Food,1,1850,1850.0,0.0,0,0,0,closed,card,1942.0,0.05,Cab399c7739
ORD002781,2026-05-22 11:01:24,S07,Daniyal,,takeaway,CAP,Cappuccino,Coffee,1,560,560.0,0.0,0,0,0,closed,cash,644.0,0.15,
ORD002782,2026-05-22 11:48:36,S04,Sara,T11,dine_in,FLW,Flat White,Coffee,1,600,600.0,0.0,0,0,0,closed,card,1260.0,0.05,C8720ab27ad
ORD002782,2026-05-22 11:48:36,S04,Sara,T11,dine_in,FLW,Flat White,Coffee,1,600,600.0,0.0,0,0,0,closed,card,1260.0,0.05,C8720ab27ad
ORD002783,2026-05-22 09:24:24,S01,Ayesha,T9,dine_in,CKE,Slice of Cake,Bakery,1,780,780.0,0.0,0,0,0,closed,card,819.0,0.05,Ca77d93ef85
ORD002784,2026-05-23 19:42:59,S04,Sara,T1,dine_in,CRO,Butter Croissant,Bakery,1,520,520.0,0.0,0,0,0,closed,cash,3622.0,0.15,
ORD002784,2026-05-23 19:42:59,S04,Sara,T1,dine_in,BFP,Big Breakfast,Food,1,1850,1850.0,0.0,0,0,0,closed,cash,3622.0,0.15,
ORD002784,2026-05-23 19:42:59,S04,Sara,T1,dine_in,CKE,Slice of Cake,Bakery,1,780,780.0,0.0,0,0,0,closed,cash,3622.0,0.15,
ORD002785,2026-05-23 09:04:11,S03,Bilal,T9,dine_in,LAT,Cafe Latte,Coffee,1,580,580.0,0.0,0,0,0,closed,cash,667.0,0.15,
ORD002786,2026-05-23 13:19:09,S06,Zainab,T10,dine_in,CRO,Butter Croissant,Bakery,1,520,416.0,104.0,0,0,0,closed,card,437.0,0.05,C19a613bafe
ORD002786,2026-05-23 13:19:09,S06,Zainab,T10,dine_in,BFP,Big Breakfast,Food,1,1850,0.0,0.0,1,0,0,partial_void,card,437.0,0.05,C19a613bafe
ORD002787,2026-05-23 09:30:50,S07,Daniyal,,takeaway,LAT,Cafe Latte,Coffee,1,580,580.0,0.0,0,0,0,closed,cash,667.0,0.15,
ORD002788,2026-05-23 11:22:48,S02,Hamza,,takeaway,CRO,Butter Croissant,Bakery,1,520,520.0,0.0,0,0,0,closed,cash,1334.0,0.15,Cfc5da82ed6
ORD002788,2026-05-23 11:22:48,S02,Hamza,,takeaway,ICL,Iced Latte,Coffee,1,640,640.0,0.0,0,0,0,closed,cash,1334.0,0.15,Cfc5da82ed6
ORD002789,2026-05-23 14:28:33,S03,Bilal,,takeaway,AMR,Americano,Coffee,1,480,480.0,0.0,0,0,0,closed,cash,552.0,0.15,
ORD002790,2026-05-23 10:42:16,S02,Hamza,T10,dine_in,CRO,Butter Croissant,Bakery,1,520,520.0,0.0,0,0,0,closed,card,1176.0,0.05,C1ecad42cfe
ORD002790,2026-05-23 10:42:16,S02,Hamza,T10,dine_in,FLW,Flat White,Coffee,1,600,600.0,0.0,0,0,0,closed,card,1176.0,0.05,C1ecad42cfe
ORD002791,2026-05-23 11:28:33,S04,Sara,,takeaway,LAT,Cafe Latte,Coffee,1,580,580.0,0.0,0,0,0,closed,qr,609.0,0.05,Cd1e93a6d3b
ORD002792,2026-05-23 19:22:07,S04,Sara,T1,dine_in,BFP,Big Breakfast,Food,1,1850,1850.0,0.0,0,0,0,closed,wallet,1942.0,0.05,C5d90c0fdc3
ORD002793,2026-05-23 16:24:30,S06,Zainab,T15,dine_in,LAT,Cafe Latte,Coffee,1,580,580.0,0.0,0,0,0,closed,cash,1334.0,0.15,
ORD002793,2026-05-23 16:24:30,S06,Zainab,T15,dine_in,LAT,Cafe Latte,Coffee,1,580,580.0,0.0,0,0,0,closed,cash,1334.0,0.15,
ORD002794,2026-05-23 12:21:15,S07,Daniyal,,takeaway,CLB,Cold Brew,Coffee,1,680,680.0,0.0,0,0,0,closed,cash,1472.0,0.15,C6915c3ba71
ORD002794,2026-05-23 12:21:15,S07,Daniyal,,takeaway,FLW,Flat White,Coffee,1,600,600.0,0.0,0,0,0,closed,cash,1472.0,0.15,C6915c3ba71
ORD002795,2026-05-23 17:04:35,S08,Mahnoor,T6,dine_in,MAT,Matcha Latte,Coffee,1,720,720.0,0.0,0,0,0,closed,wallet,756.0,0.05,C6b051e9554
ORD002796,2026-05-23 12:49:44,S04,Sara,T9,dine_in,PNC,Pain au Chocolat,Bakery,1,600,600.0,0.0,0,0,0,closed,card,2362.0,0.05,C3baae6f192
ORD002796,2026-05-23 12:49:44,S04,Sara,T9,dine_in,PAS,Pasta,Food,1,1650,1650.0,0.0,0,0,0,closed,card,2362.0,0.05,C3baae6f192
ORD002797,2026-05-23 22:52:56,S01,Ayesha,T14,dine_in,CRO,Butter Croissant,Bakery,1,520,520.0,0.0,0,0,0,closed,cash,1495.0,0.15,
ORD002797,2026-05-23 22:52:56,S01,Ayesha,T14,dine_in,CKE,Slice of Cake,Bakery,1,780,780.0,0.0,0,0,0,closed,cash,1495.0,0.15,
ORD002798,2026-05-23 08:31:10,S05,Usman,T15,dine_in,ICL,Iced Latte,Coffee,1,640,640.0,0.0,0,0,0,closed,card,672.0,0.05,C19d751a040
ORD002799,2026-05-23 10:10:04,S08,Mahnoor,T16,dine_in,LAT,Cafe Latte,Coffee,1,580,580.0,0.0,0,0,0,closed,wallet,1239.0,0.05,C48bfa448ba
ORD002799,2026-05-23 10:10:04,S08,Mahnoor,T16,dine_in,FLW,Flat White,Coffee,1,600,600.0,0.0,0,0,0,closed,wallet,1239.0,0.05,C48bfa448ba
ORD002800,2026-05-23 13:07:27,S03,Bilal,T13,dine_in,PNC,Pain au Chocolat,Bakery,1,600,600.0,0.0,0,0,0,closed,cash,1394.0,0.15,
ORD002800,2026-05-23 13:07:27,S03,Bilal,T13,dine_in,CLB,Cold Brew,Coffee,1,680,612.0,68.0,0,0,0,closed,cash,1394.0,0.15,
ORD002801,2026-05-23 21:08:16,S08,Mahnoor,T18,dine_in,CLB,Cold Brew,Coffee,1,680,680.0,0.0,0,0,0,closed,cash,782.0,0.15,C940861c286
ORD002802,2026-05-23 11:21:29,S06,Zainab,,takeaway,AMR,Americano,Coffee,1,480,480.0,0.0,0,0,0,closed,card,662.0,0.05,Cadc75d3967
ORD002802,2026-05-23 11:21:29,S06,Zainab,,takeaway,WTR,Bottled Water,Other,1,150,150.0,0.0,0,0,0,closed,card,662.0,0.05,Cadc75d3967
ORD002803,2026-05-23 09:30:53,S02,Hamza,,takeaway,SAN,Chicken Sandwich,Food,1,1350,1350.0,0.0,0,0,0,closed,cash,2748.0,0.15,
ORD002803,2026-05-23 09:30:53,S02,Hamza,,takeaway,IMP,Imported Soda,Other,1,480,480.0,0.0,0,0,0,closed,cash,2748.0,0.15,
ORD002803,2026-05-23 09:30:53,S02,Hamza,,takeaway,HOT,Hot Chocolate,Coffee,1,560,560.0,0.0,0,0,0,closed,cash,2748.0,0.15,
ORD002804,2026-05-23 14:13:06,S07,Daniyal,,takeaway,PAS,Pasta,Food,1,1650,0.0,0.0,0,0,1,closed,card,0.0,0.05,C6694a28353
ORD002805,2026-05-23 09:15:15,S03,Bilal,,takeaway,CKE,Slice of Cake,Bakery,1,780,780.0,0.0,0,0,0,closed,card,3056.0,0.05,Cf7a6863213
ORD002805,2026-05-23 09:15:15,S03,Bilal,,takeaway,CLB,Cold Brew,Coffee,1,680,680.0,0.0,0,0,0,closed,card,3056.0,0.05,Cf7a6863213
ORD002805,2026-05-23 09:15:15,S03,Bilal,,takeaway,AVT,Avocado Toast,Food,1,1450,1450.0,0.0,0,0,0,closed,card,3056.0,0.05,Cf7a6863213
ORD002806,2026-05-23 12:27:34,S03,Bilal,T7,dine_in,LAT,Cafe Latte,Coffee,1,580,580.0,0.0,0,0,0,closed,card,1239.0,0.05,C49e1d6c4d1
ORD002806,2026-05-23 12:27:34,S03,Bilal,T7,dine_in,FLW,Flat White,Coffee,1,600,600.0,0.0,0,0,0,closed,card,1239.0,0.05,C49e1d6c4d1
ORD002807,2026-05-23 18:27:32,S07,Daniyal,T10,dine_in,ICL,Iced Latte,Coffee,1,640,640.0,0.0,0,0,0,closed,qr,1890.0,0.05,Ca2c33b664c
ORD002807,2026-05-23 18:27:32,S07,Daniyal,T10,dine_in,CAP,Cappuccino,Coffee,1,560,560.0,0.0,0,0,0,closed,qr,1890.0,0.05,Ca2c33b664c
ORD002807,2026-05-23 18:27:32,S07,Daniyal,T10,dine_in,PNC,Pain au Chocolat,Bakery,1,600,600.0,0.0,0,0,0,closed,qr,1890.0,0.05,Ca2c33b664c
ORD002808,2026-05-23 19:08:55,S05,Usman,T5,dine_in,CLB,Cold Brew,Coffee,1,680,680.0,0.0,0,0,0,closed,wallet,714.0,0.05,C033079de2c
ORD002809,2026-05-23 12:38:42,S08,Mahnoor,T6,dine_in,CAP,Cappuccino,Coffee,1,560,560.0,0.0,0,0,0,closed,card,588.0,0.05,C82d89424d0
ORD002810,2026-05-23 16:37:39,S04,Sara,T2,dine_in,AVT,Avocado Toast,Food,1,1450,1450.0,0.0,0,0,0,closed,card,1680.0,0.05,Ce986a3f66c
ORD002810,2026-05-23 16:37:39,S04,Sara,T2,dine_in,WTR,Bottled Water,Other,1,150,150.0,0.0,0,0,0,closed,card,1680.0,0.05,Ce986a3f66c
ORD002811,2026-05-23 20:32:02,S04,Sara,T1,dine_in,LAT,Cafe Latte,Coffee,1,580,580.0,0.0,0,0,0,closed,card,1764.0,0.05,C775c91746a
ORD002811,2026-05-23 20:32:02,S04,Sara,T1,dine_in,CLB,Cold Brew,Coffee,1,680,680.0,0.0,0,0,0,closed,card,1764.0,0.05,C775c91746a
ORD002811,2026-05-23 20:32:02,S04,Sara,T1,dine_in,ESP,Espresso,Coffee,1,420,420.0,0.0,0,0,0,closed,card,1764.0,0.05,C775c91746a
ORD002812,2026-05-23 07:47:56,S02,Hamza,T12,dine_in,PNC,Pain au Chocolat,Bakery,1,600,600.0,0.0,0,0,0,closed,card,1218.0,0.05,Cf75f1d84fe
ORD002812,2026-05-23 07:47:56,S02,Hamza,T12,dine_in,CAP,Cappuccino,Coffee,1,560,560.0,0.0,0,0,0,closed,card,1218.0,0.05,Cf75f1d84fe
ORD002813,2026-05-23 21:38:55,S02,Hamza,T10,dine_in,HOT,Hot Chocolate,Coffee,1,560,560.0,0.0,0,0,0,closed,card,3864.0,0.05,Ccc008e38de
ORD002813,2026-05-23 21:38:55,S02,Hamza,T10,dine_in,ESP,Espresso,Coffee,1,420,420.0,0.0,0,0,0,closed,card,3864.0,0.05,Ccc008e38de
ORD002813,2026-05-23 21:38:55,S02,Hamza,T10,dine_in,SAN,Chicken Sandwich,Food,2,1350,2700.0,0.0,0,0,0,closed,card,3864.0,0.05,Ccc008e38de
ORD002814,2026-05-23 14:48:05,S06,Zainab,,takeaway,CRO,Butter Croissant,Bakery,1,520,520.0,0.0,0,0,0,closed,wallet,546.0,0.05,C52cc78336b
ORD002815,2026-05-23 18:41:17,S08,Mahnoor,T2,dine_in,MOC,Mocha,Coffee,1,650,650.0,0.0,0,0,0,closed,card,3255.0,0.05,Cb9b1b808c7
ORD002815,2026-05-23 18:41:17,S08,Mahnoor,T2,dine_in,FLW,Flat White,Coffee,1,600,600.0,0.0,0,0,0,closed,card,3255.0,0.05,Cb9b1b808c7
ORD002815,2026-05-23 18:41:17,S08,Mahnoor,T2,dine_in,BFP,Big Breakfast,Food,1,1850,1850.0,0.0,0,0,0,closed,card,3255.0,0.05,Cb9b1b808c7
ORD002816,2026-05-23 16:41:44,S01,Ayesha,,takeaway,LAT,Cafe Latte,Coffee,1,580,580.0,0.0,0,0,0,closed,card,609.0,0.05,Cb66f1be648
ORD002817,2026-05-23 22:36:46,S04,Sara,T10,dine_in,CLB,Cold Brew,Coffee,1,680,680.0,0.0,0,0,0,closed,card,2236.0,0.05,C47c5e28c85
ORD002817,2026-05-23 22:36:46,S04,Sara,T10,dine_in,AVT,Avocado Toast,Food,1,1450,1450.0,0.0,0,0,0,closed,card,2236.0,0.05,C47c5e28c85
ORD002818,2026-05-23 07:44:25,S07,Daniyal,T1,dine_in,AMR,Americano,Coffee,1,480,480.0,0.0,0,0,0,closed,cash,552.0,0.15,
ORD002819,2026-05-23 20:33:56,S01,Ayesha,T7,dine_in,PNC,Pain au Chocolat,Bakery,1,600,600.0,0.0,0,0,0,closed,cash,690.0,0.15,C5d90c0fdc3
ORD002820,2026-05-23 19:30:32,S04,Sara,T18,dine_in,LAT,Cafe Latte,Coffee,1,580,580.0,0.0,0,0,0,closed,card,609.0,0.05,C1173024c92
ORD002821,2026-05-23 20:36:41,S05,Usman,T7,dine_in,IMP,Imported Soda,Other,1,480,480.0,0.0,0,0,0,closed,cash,552.0,0.15,
ORD002822,2026-05-23 19:44:41,S02,Hamza,,takeaway,LAT,Cafe Latte,Coffee,1,580,580.0,0.0,0,0,0,closed,card,2026.0,0.05,Ccb8af0dea2
ORD002822,2026-05-23 19:44:41,S02,Hamza,,takeaway,SAN,Chicken Sandwich,Food,1,1350,1350.0,0.0,0,0,0,closed,card,2026.0,0.05,Ccb8af0dea2
ORD002823,2026-05-23 18:43:12,S05,Usman,T4,dine_in,CAP,Cappuccino,Coffee,1,560,560.0,0.0,0,0,0,closed,card,1218.0,0.05,Cac448db569
ORD002823,2026-05-23 18:43:12,S05,Usman,T4,dine_in,FLW,Flat White,Coffee,1,600,600.0,0.0,0,0,0,closed,card,1218.0,0.05,Cac448db569
ORD002824,2026-05-23 08:42:45,S08,Mahnoor,T2,dine_in,CAP,Cappuccino,Coffee,1,560,560.0,0.0,0,0,0,closed,cash,644.0,0.15,
ORD002825,2026-05-23 09:32:14,S03,Bilal,T2,dine_in,CAP,Cappuccino,Coffee,1,560,560.0,0.0,0,0,0,closed,cash,1334.0,0.15,
ORD002825,2026-05-23 09:32:14,S03,Bilal,T2,dine_in,PNC,Pain au Chocolat,Bakery,1,600,600.0,0.0,0,0,0,closed,cash,1334.0,0.15,
ORD002825,2026-05-23 09:32:14,S03,Bilal,T2,dine_in,BFP,Big Breakfast,Food,2,1850,0.0,0.0,1,1,0,partial_void,cash,1334.0,0.15,
ORD002826,2026-05-23 08:14:44,S01,Ayesha,T15,dine_in,CRO,Butter Croissant,Bakery,1,520,520.0,0.0,0,0,0,closed,cash,2082.0,0.15,
ORD002826,2026-05-23 08:14:44,S01,Ayesha,T15,dine_in,MOC,Mocha,Coffee,1,650,650.0,0.0,0,0,0,closed,cash,2082.0,0.15,
ORD002826,2026-05-23 08:14:44,S01,Ayesha,T15,dine_in,ICL,Iced Latte,Coffee,1,640,640.0,0.0,0,0,0,closed,cash,2082.0,0.15,
ORD002827,2026-05-23 11:11:51,S01,Ayesha,,takeaway,LAT,Cafe Latte,Coffee,1,580,580.0,0.0,0,0,0,closed,card,609.0,0.05,C7c75e72d34
ORD002828,2026-05-23 19:46:39,S06,Zainab,T9,dine_in,MOC,Mocha,Coffee,1,650,650.0,0.0,0,0,0,closed,card,682.0,0.05,Cbadc3c1862
ORD002829,2026-05-23 10:11:29,S05,Usman,,takeaway,SAL,Garden Salad,Food,1,1250,1250.0,0.0,0,0,0,closed,card,2625.0,0.05,C6dfb2713f9
ORD002829,2026-05-23 10:11:29,S05,Usman,,takeaway,SAL,Garden Salad,Food,1,1250,1250.0,0.0,0,0,0,closed,card,2625.0,0.05,C6dfb2713f9
ORD002830,2026-05-23 12:45:50,S06,Zainab,T14,dine_in,ICL,Iced Latte,Coffee,1,640,640.0,0.0,0,0,0,closed,card,672.0,0.05,C299bc05724
ORD002831,2026-05-23 16:42:10,S01,Ayesha,,takeaway,ICL,Iced Latte,Coffee,1,640,640.0,0.0,0,0,0,closed,card,1260.0,0.05,Ccb8af0dea2
ORD002831,2026-05-23 16:42:10,S01,Ayesha,,takeaway,CAP,Cappuccino,Coffee,1,560,560.0,0.0,0,0,0,closed,card,1260.0,0.05,Ccb8af0dea2
ORD002832,2026-05-23 12:33:48,S02,Hamza,,takeaway,CAP,Cappuccino,Coffee,1,560,560.0,0.0,0,0,0,closed,card,1270.0,0.05,C47c5e28c85
ORD002832,2026-05-23 12:33:48,S02,Hamza,,takeaway,MOC,Mocha,Coffee,1,650,650.0,0.0,0,0,0,closed,card,1270.0,0.05,C47c5e28c85
ORD002833,2026-05-23 07:18:27,S05,Usman,,takeaway,ICL,Iced Latte,Coffee,1,640,544.0,96.0,0,0,0,closed,card,1989.0,0.05,C998fad6fa0
ORD002833,2026-05-23 07:18:27,S05,Usman,,takeaway,SAN,Chicken Sandwich,Food,1,1350,1350.0,0.0,0,0,0,closed,card,1989.0,0.05,C998fad6fa0
ORD002834,2026-05-23 21:27:03,S05,Usman,T13,dine_in,CKE2,Cheesecake,Bakery,1,880,880.0,0.0,0,0,0,closed,cash,1840.0,0.15,
ORD002834,2026-05-23 21:27:03,S05,Usman,T13,dine_in,MAT,Matcha Latte,Coffee,1,720,720.0,0.0,0,0,0,closed,cash,1840.0,0.15,
ORD002835,2026-05-23 09:00:54,S08,Mahnoor,,takeaway,CKE,Slice of Cake,Bakery,1,780,780.0,0.0,0,0,0,closed,wallet,819.0,0.05,C2391ef9386
ORD002836,2026-05-23 14:28:07,S02,Hamza,T10,dine_in,CAP,Cappuccino,Coffee,1,560,560.0,0.0,0,0,0,closed,cash,1288.0,0.15,C12abb70151
ORD002836,2026-05-23 14:28:07,S02,Hamza,T10,dine_in,CAP,Cappuccino,Coffee,1,560,560.0,0.0,0,0,0,closed,cash,1288.0,0.15,C12abb70151
ORD002837,2026-05-23 09:59:36,S04,Sara,T5,dine_in,LAT,Cafe Latte,Coffee,1,580,580.0,0.0,0,0,0,closed,card,609.0,0.05,Cf8d129d056
ORD002838,2026-05-23 22:19:43,S05,Usman,,takeaway,CAP,Cappuccino,Coffee,1,560,560.0,0.0,0,0,0,closed,cash,644.0,0.15,
ORD002839,2026-05-23 17:07:23,S08,Mahnoor,T15,dine_in,FLW,Flat White,Coffee,1,600,600.0,0.0,0,0,0,closed,card,630.0,0.05,C1f551f4508
ORD002840,2026-05-23 09:08:13,S07,Daniyal,,takeaway,MAT,Matcha Latte,Coffee,1,720,720.0,0.0,0,0,0,closed,cash,1000.0,0.15,
ORD002840,2026-05-23 09:08:13,S07,Daniyal,,takeaway,WTR,Bottled Water,Other,1,150,150.0,0.0,0,0,0,closed,cash,1000.0,0.15,
ORD002841,2026-05-23 15:55:01,S01,Ayesha,T15,dine_in,CRO,Butter Croissant,Bakery,1,520,520.0,0.0,0,0,0,closed,cash,598.0,0.15,C140e6359de
ORD002842,2026-05-23 19:10:17,S05,Usman,,takeaway,CLB,Cold Brew,Coffee,1,680,578.0,102.0,0,0,0,closed,cash,665.0,0.15,
ORD002843,2026-05-23 22:07:07,S02,Hamza,T17,dine_in,FLW,Flat White,Coffee,1,600,600.0,0.0,0,0,0,closed,card,1344.0,0.05,C58cf770e72
ORD002843,2026-05-23 22:07:07,S02,Hamza,T17,dine_in,CLB,Cold Brew,Coffee,1,680,680.0,0.0,0,0,0,closed,card,1344.0,0.05,C58cf770e72
ORD002844,2026-05-23 18:41:40,S02,Hamza,,takeaway,ICL,Iced Latte,Coffee,1,640,640.0,0.0,0,0,0,closed,wallet,672.0,0.05,Cd1214aa2be
ORD002845,2026-05-23 13:49:55,S06,Zainab,T15,dine_in,ICL,Iced Latte,Coffee,1,640,640.0,0.0,0,0,0,closed,cash,736.0,0.15,
ORD002846,2026-05-23 19:40:40,S06,Zainab,T7,dine_in,AVT,Avocado Toast,Food,1,1450,1450.0,0.0,0,0,0,closed,card,1522.0,0.05,C96285ec529
ORD002847,2026-05-23 08:36:40,S06,Zainab,T5,dine_in,SAL,Garden Salad,Food,2,1250,2500.0,0.0,0,0,0,closed,card,3213.0,0.05,Cf7a6863213
ORD002847,2026-05-23 08:36:40,S06,Zainab,T5,dine_in,CAP,Cappuccino,Coffee,1,560,560.0,0.0,0,0,0,closed,card,3213.0,0.05,Cf7a6863213
ORD002848,2026-05-23 11:48:56,S05,Usman,T10,dine_in,LAT,Cafe Latte,Coffee,1,580,0.0,58.0,0,0,1,closed,card,0.0,0.05,Ca42c3dfc62
ORD002849,2026-05-23 10:02:29,S03,Bilal,T6,dine_in,CAP,Cappuccino,Coffee,1,560,0.0,0.0,0,0,1,closed,cash,690.0,0.15,
ORD002849,2026-05-23 10:02:29,S03,Bilal,T6,dine_in,FLW,Flat White,Coffee,1,600,600.0,0.0,0,0,0,closed,cash,690.0,0.15,
ORD002850,2026-05-23 11:36:15,S03,Bilal,,takeaway,WTR,Bottled Water,Other,1,150,0.0,0.0,1,1,0,partial_void,cash,0.0,0.15,
ORD002850,2026-05-23 11:36:15,S03,Bilal,,takeaway,LAT,Cafe Latte,Coffee,1,580,0.0,0.0,0,0,1,partial_void,cash,0.0,0.15,
ORD002851,2026-05-23 20:58:40,S02,Hamza,,takeaway,LAT,Cafe Latte,Coffee,1,580,580.0,0.0,0,0,0,closed,wallet,609.0,0.05,C27c059f294
ORD002852,2026-05-23 21:06:57,S01,Ayesha,,takeaway,MOC,Mocha,Coffee,1,650,650.0,0.0,0,0,0,closed,wallet,682.0,0.05,Cb9b1b808c7
ORD002853,2026-05-23 18:15:11,S02,Hamza,,takeaway,CRO,Butter Croissant,Bakery,1,520,520.0,0.0,0,0,0,closed,card,546.0,0.05,C9c4d48a9f2
ORD002854,2026-05-23 12:33:27,S06,Zainab,T9,dine_in,BFP,Big Breakfast,Food,2,1850,3700.0,0.0,0,0,0,closed,cash,4255.0,0.15,C32eabe022f
ORD002855,2026-05-23 11:10:09,S08,Mahnoor,T11,dine_in,SAL,Garden Salad,Food,1,1250,1250.0,0.0,0,0,0,closed,qr,1312.0,0.05,C3acdc810ed
ORD002856,2026-05-23 13:41:30,S08,Mahnoor,,takeaway,CAP,Cappuccino,Coffee,1,560,560.0,0.0,0,0,0,closed,qr,588.0,0.05,Caf351da373
ORD002857,2026-05-23 18:13:33,S04,Sara,T6,dine_in,FLW,Flat White,Coffee,1,600,600.0,0.0,0,0,0,closed,card,630.0,0.05,Cf7a6863213
ORD002858,2026-05-23 19:17:35,S07,Daniyal,T14,dine_in,CAP,Cappuccino,Coffee,1,560,560.0,0.0,0,0,0,closed,card,588.0,0.05,Cdefe009adb
ORD002859,2026-05-23 08:12:42,S08,Mahnoor,T4,dine_in,MOC,Mocha,Coffee,1,650,650.0,0.0,0,0,0,closed,wallet,682.0,0.05,C0b90585403
ORD002860,2026-05-23 17:03:09,S07,Daniyal,,takeaway,AMR,Americano,Coffee,1,480,480.0,0.0,0,0,0,closed,cash,552.0,0.15,
ORD002861,2026-05-23 11:10:39,S07,Daniyal,T2,dine_in,SAN,Chicken Sandwich,Food,1,1350,1350.0,0.0,0,0,0,closed,card,2026.0,0.05,Cfc5da82ed6
ORD002861,2026-05-23 11:10:39,S07,Daniyal,T2,dine_in,LAT,Cafe Latte,Coffee,1,580,580.0,0.0,0,0,0,closed,card,2026.0,0.05,Cfc5da82ed6
ORD002862,2026-05-23 12:34:48,S06,Zainab,,takeaway,MOC,Mocha,Coffee,1,650,650.0,0.0,0,0,0,closed,card,682.0,0.05,Cd3bd3b7078
ORD002863,2026-05-23 11:48:07,S02,Hamza,,takeaway,CLB,Cold Brew,Coffee,1,680,680.0,0.0,0,0,0,closed,cash,782.0,0.15,C7bfa0588ba
ORD002864,2026-05-23 08:48:09,S03,Bilal,,takeaway,LAT,Cafe Latte,Coffee,1,580,580.0,0.0,0,0,0,closed,cash,667.0,0.15,
ORD002865,2026-05-23 22:05:31,S07,Daniyal,T16,dine_in,PAS,Pasta,Food,2,1650,3300.0,0.0,0,0,0,closed,card,4221.0,0.05,Ca69710af70
ORD002865,2026-05-23 22:05:31,S07,Daniyal,T16,dine_in,MAT,Matcha Latte,Coffee,1,720,720.0,0.0,0,0,0,closed,card,4221.0,0.05,Ca69710af70
ORD002866,2026-05-23 08:46:52,S04,Sara,T7,dine_in,CRO,Butter Croissant,Bakery,1,520,520.0,0.0,0,0,0,closed,cash,598.0,0.15,
ORD002867,2026-05-23 13:01:34,S01,Ayesha,T12,dine_in,ICL,Iced Latte,Coffee,1,640,640.0,0.0,0,0,0,closed,cash,1371.0,0.15,Cb616ef25f5
ORD002867,2026-05-23 13:01:34,S01,Ayesha,T12,dine_in,MOC,Mocha,Coffee,1,650,552.0,98.0,0,0,0,closed,cash,1371.0,0.15,Cb616ef25f5
ORD002868,2026-05-23 14:57:14,S08,Mahnoor,,takeaway,FLW,Flat White,Coffee,1,600,600.0,0.0,0,0,0,closed,card,2572.0,0.05,C47ab0dca2b
ORD002868,2026-05-23 14:57:14,S08,Mahnoor,,takeaway,BFP,Big Breakfast,Food,1,1850,1850.0,0.0,0,0,0,closed,card,2572.0,0.05,C47ab0dca2b
ORD002869,2026-05-23 19:16:10,S08,Mahnoor,,takeaway,AVT,Avocado Toast,Food,1,1450,1450.0,0.0,0,0,0,closed,wallet,2026.0,0.05,C84719e966a
ORD002869,2026-05-23 19:16:10,S08,Mahnoor,,takeaway,IMP,Imported Soda,Other,1,480,480.0,0.0,0,0,0,closed,wallet,2026.0,0.05,C84719e966a
ORD002870,2026-05-23 21:50:39,S06,Zainab,T4,dine_in,PNC,Pain au Chocolat,Bakery,1,600,600.0,0.0,0,0,0,closed,cash,3300.0,0.15,
ORD002870,2026-05-23 21:50:39,S06,Zainab,T4,dine_in,ESP,Espresso,Coffee,1,420,420.0,0.0,0,0,0,closed,cash,3300.0,0.15,
ORD002870,2026-05-23 21:50:39,S06,Zainab,T4,dine_in,BFP,Big Breakfast,Food,1,1850,1850.0,0.0,0,0,0,closed,cash,3300.0,0.15,
ORD002871,2026-05-23 19:53:08,S03,Bilal,T9,dine_in,CKE,Slice of Cake,Bakery,1,780,780.0,0.0,0,0,0,closed,card,819.0,0.05,C74caaa80b4
ORD002872,2026-05-23 09:22:15,S03,Bilal,T4,dine_in,SAN,Chicken Sandwich,Food,1,1350,1350.0,0.0,0,0,0,closed,cash,1552.0,0.15,
ORD002873,2026-05-23 20:21:52,S02,Hamza,T18,dine_in,CRO,Butter Croissant,Bakery,1,520,520.0,0.0,0,0,0,closed,cash,598.0,0.15,
ORD002874,2026-05-23 13:00:47,S06,Zainab,,takeaway,CKE2,Cheesecake,Bakery,1,880,880.0,0.0,0,0,0,closed,card,924.0,0.05,C6a2e726cff
ORD002875,2026-05-23 07:13:58,S03,Bilal,,takeaway,MAT,Matcha Latte,Coffee,1,720,0.0,0.0,1,1,0,partial_void,cash,172.0,0.15,Cd18bd6ee50
ORD002875,2026-05-23 07:13:58,S03,Bilal,,takeaway,WTR,Bottled Water,Other,1,150,150.0,0.0,0,0,0,partial_void,cash,172.0,0.15,Cd18bd6ee50
ORD002876,2026-05-23 19:57:50,S02,Hamza,,takeaway,SAN,Chicken Sandwich,Food,1,1350,1350.0,0.0,0,0,0,closed,cash,1552.0,0.15,
ORD002877,2026-05-23 22:52:26,S08,Mahnoor,T6,dine_in,HOT,Hot Chocolate,Coffee,1,560,560.0,0.0,0,0,0,closed,card,2530.0,0.05,Ca2c33b664c
ORD002877,2026-05-23 22:52:26,S08,Mahnoor,T6,dine_in,BFP,Big Breakfast,Food,1,1850,1850.0,0.0,0,0,0,closed,card,2530.0,0.05,Ca2c33b664c
ORD002878,2026-05-23 22:38:06,S07,Daniyal,T7,dine_in,PAS,Pasta,Food,1,1650,1650.0,0.0,0,0,0,closed,card,1732.0,0.05,C47c5e28c85
ORD002879,2026-05-23 07:51:45,S08,Mahnoor,T17,dine_in,ESP,Espresso,Coffee,1,420,420.0,0.0,0,0,0,closed,card,989.0,0.05,C383e47d64d
ORD002879,2026-05-23 07:51:45,S08,Mahnoor,T17,dine_in,LAT,Cafe Latte,Coffee,1,580,522.0,58.0,0,0,0,closed,card,989.0,0.05,C383e47d64d
ORD002880,2026-05-23 09:00:32,S04,Sara,T16,dine_in,FLW,Flat White,Coffee,1,600,600.0,0.0,0,0,0,closed,card,788.0,0.05,C1173024c92
ORD002880,2026-05-23 09:00:32,S04,Sara,T16,dine_in,WTR,Bottled Water,Other,1,150,150.0,0.0,0,0,0,closed,card,788.0,0.05,C1173024c92
ORD002881,2026-05-23 17:38:43,S02,Hamza,,takeaway,FLW,Flat White,Coffee,1,600,600.0,0.0,0,0,0,closed,cash,690.0,0.15,
ORD002882,2026-05-23 08:15:59,S03,Bilal,T4,dine_in,CAP,Cappuccino,Coffee,1,560,448.0,112.0,0,0,0,closed,cash,1205.0,0.15,
ORD002882,2026-05-23 08:15:59,S03,Bilal,T4,dine_in,PNC,Pain au Chocolat,Bakery,1,600,600.0,0.0,0,0,0,closed,cash,1205.0,0.15,
ORD002883,2026-05-23 14:11:59,S05,Usman,T4,dine_in,WTR,Bottled Water,Other,1,150,150.0,0.0,0,0,0,closed,cash,2530.0,0.15,
ORD002883,2026-05-23 14:11:59,S05,Usman,T4,dine_in,AVT,Avocado Toast,Food,1,1450,1450.0,0.0,0,0,0,closed,cash,2530.0,0.15,
ORD002883,2026-05-23 14:11:59,S05,Usman,T4,dine_in,PNC,Pain au Chocolat,Bakery,1,600,600.0,0.0,0,0,0,closed,cash,2530.0,0.15,
ORD002884,2026-05-23 08:58:33,S07,Daniyal,T8,dine_in,AMR,Americano,Coffee,1,480,480.0,0.0,0,0,0,closed,cash,1196.0,0.15,
ORD002884,2026-05-23 08:58:33,S07,Daniyal,T8,dine_in,CAP,Cappuccino,Coffee,1,560,560.0,0.0,0,0,0,closed,cash,1196.0,0.15,
ORD002885,2026-05-23 18:24:30,S02,Hamza,T9,dine_in,SAN,Chicken Sandwich,Food,1,1350,1350.0,0.0,0,0,0,closed,cash,1552.0,0.15,
ORD002885,2026-05-23 18:24:30,S02,Hamza,T9,dine_in,IMP,Imported Soda,Other,1,480,0.0,0.0,1,0,0,partial_void,cash,1552.0,0.15,
ORD002886,2026-05-23 20:08:38,S07,Daniyal,T5,dine_in,CRO,Butter Croissant,Bakery,1,520,520.0,0.0,0,0,0,closed,wallet,546.0,0.05,C19d751a040
ORD002887,2026-05-23 12:35:59,S08,Mahnoor,T18,dine_in,ESP,Espresso,Coffee,1,420,420.0,0.0,0,0,0,closed,cash,4462.0,0.15,
ORD002887,2026-05-23 12:35:59,S08,Mahnoor,T18,dine_in,AVT,Avocado Toast,Food,2,1450,2900.0,0.0,0,0,0,closed,cash,4462.0,0.15,
ORD002887,2026-05-23 12:35:59,S08,Mahnoor,T18,dine_in,CAP,Cappuccino,Coffee,1,560,560.0,0.0,0,0,0,closed,cash,4462.0,0.15,
ORD002888,2026-05-23 08:34:54,S05,Usman,T15,dine_in,CLB,Cold Brew,Coffee,1,680,680.0,0.0,0,0,0,closed,card,714.0,0.05,Cf7a6863213
ORD002889,2026-05-23 08:22:59,S01,Ayesha,T13,dine_in,FLW,Flat White,Coffee,1,600,600.0,0.0,0,0,0,closed,card,630.0,0.05,C7c75e72d34
ORD002890,2026-05-23 08:09:39,S07,Daniyal,T7,dine_in,MAT,Matcha Latte,Coffee,1,720,720.0,0.0,0,0,0,closed,wallet,2258.0,0.05,C0441997eb4
ORD002890,2026-05-23 08:09:39,S07,Daniyal,T7,dine_in,CKE,Slice of Cake,Bakery,1,780,780.0,0.0,0,0,0,closed,wallet,2258.0,0.05,C0441997eb4
ORD002890,2026-05-23 08:09:39,S07,Daniyal,T7,dine_in,MOC,Mocha,Coffee,1,650,650.0,0.0,0,0,0,closed,wallet,2258.0,0.05,C0441997eb4
ORD002891,2026-05-23 14:21:45,S05,Usman,T14,dine_in,AMR,Americano,Coffee,1,480,480.0,0.0,0,0,0,closed,card,504.0,0.05,C48db1936bb
ORD002892,2026-05-23 19:38:48,S06,Zainab,T7,dine_in,CLB,Cold Brew,Coffee,1,680,680.0,0.0,0,0,0,closed,cash,1426.0,0.15,
ORD002892,2026-05-23 19:38:48,S06,Zainab,T7,dine_in,HOT,Hot Chocolate,Coffee,1,560,560.0,0.0,0,0,0,closed,cash,1426.0,0.15,
ORD002893,2026-05-23 20:45:09,S06,Zainab,T9,dine_in,CRO,Butter Croissant,Bakery,1,520,520.0,0.0,0,0,0,closed,card,1858.0,0.05,C3a7a2f7c00
ORD002893,2026-05-23 20:45:09,S06,Zainab,T9,dine_in,SAL,Garden Salad,Food,1,1250,1250.0,0.0,0,0,0,closed,card,1858.0,0.05,C3a7a2f7c00
ORD002894,2026-05-23 17:37:25,S08,Mahnoor,,takeaway,MOC,Mocha,Coffee,1,650,650.0,0.0,0,0,0,closed,card,1922.0,0.05,Cfb4f94f84b
ORD002894,2026-05-23 17:37:25,S08,Mahnoor,,takeaway,LAT,Cafe Latte,Coffee,1,580,580.0,0.0,0,0,0,closed,card,1922.0,0.05,Cfb4f94f84b
ORD002894,2026-05-23 17:37:25,S08,Mahnoor,,takeaway,FLW,Flat White,Coffee,1,600,600.0,0.0,0,0,0,closed,card,1922.0,0.05,Cfb4f94f84b
ORD002895,2026-05-23 22:24:59,S04,Sara,T15,dine_in,CRO,Butter Croissant,Bakery,1,520,0.0,0.0,0,0,1,closed,wallet,504.0,0.05,C7f61360942
ORD002895,2026-05-23 22:24:59,S04,Sara,T15,dine_in,FLW,Flat White,Coffee,1,600,480.0,120.0,0,0,0,closed,wallet,504.0,0.05,C7f61360942
ORD002896,2026-05-23 21:39:54,S05,Usman,T6,dine_in,CLB,Cold Brew,Coffee,1,680,680.0,0.0,0,0,0,closed,wallet,1900.0,0.05,Cc6e610145e
ORD002896,2026-05-23 21:39:54,S05,Usman,T6,dine_in,MOC,Mocha,Coffee,1,650,650.0,0.0,0,0,0,closed,wallet,1900.0,0.05,Cc6e610145e
ORD002896,2026-05-23 21:39:54,S05,Usman,T6,dine_in,AMR,Americano,Coffee,1,480,480.0,0.0,0,0,0,closed,wallet,1900.0,0.05,Cc6e610145e
ORD002897,2026-05-23 17:00:11,S06,Zainab,T3,dine_in,CLB,Cold Brew,Coffee,1,680,578.0,102.0,0,0,0,closed,card,1153.0,0.05,Ccdae6010f7
ORD002897,2026-05-23 17:00:11,S06,Zainab,T3,dine_in,CRO,Butter Croissant,Bakery,1,520,520.0,0.0,0,0,0,closed,card,1153.0,0.05,Ccdae6010f7
ORD002898,2026-05-24 10:22:30,S05,Usman,T18,dine_in,LAT,Cafe Latte,Coffee,1,580,580.0,0.0,0,0,0,closed,card,609.0,0.05,C0b90585403
ORD002899,2026-05-24 15:56:46,S07,Daniyal,T2,dine_in,HOT,Hot Chocolate,Coffee,1,560,560.0,0.0,0,0,0,closed,card,1218.0,0.05,C6694a28353
ORD002899,2026-05-24 15:56:46,S07,Daniyal,T2,dine_in,FLW,Flat White,Coffee,1,600,600.0,0.0,0,0,0,closed,card,1218.0,0.05,C6694a28353
ORD002900,2026-05-24 19:51:37,S01,Ayesha,T8,dine_in,CKE,Slice of Cake,Bakery,1,780,780.0,0.0,0,0,0,closed,wallet,2289.0,0.05,Ccc55e927ed
ORD002900,2026-05-24 19:51:37,S01,Ayesha,T8,dine_in,CKE2,Cheesecake,Bakery,1,880,880.0,0.0,0,0,0,closed,wallet,2289.0,0.05,Ccc55e927ed
ORD002900,2026-05-24 19:51:37,S01,Ayesha,T8,dine_in,CRO,Butter Croissant,Bakery,1,520,520.0,0.0,0,0,0,closed,wallet,2289.0,0.05,Ccc55e927ed
ORD002901,2026-05-24 13:46:52,S03,Bilal,,takeaway,MOC,Mocha,Coffee,1,650,552.0,98.0,0,0,0,closed,card,580.0,0.05,Cab399c7739
ORD002902,2026-05-24 21:33:59,S07,Daniyal,T17,dine_in,MAT,Matcha Latte,Coffee,1,720,720.0,0.0,0,0,0,closed,card,1260.0,0.05,C74caaa80b4
ORD002902,2026-05-24 21:33:59,S07,Daniyal,T17,dine_in,IMP,Imported Soda,Other,1,480,480.0,0.0,0,0,0,closed,card,1260.0,0.05,C74caaa80b4
ORD002903,2026-05-24 15:58:00,S03,Bilal,,takeaway,FLW,Flat White,Coffee,1,600,0.0,0.0,1,1,0,partial_void,cash,1667.0,0.15,
ORD002903,2026-05-24 15:58:00,S03,Bilal,,takeaway,AVT,Avocado Toast,Food,1,1450,1450.0,0.0,0,0,0,partial_void,cash,1667.0,0.15,
ORD002904,2026-05-24 18:33:25,S04,Sara,T13,dine_in,ICL,Iced Latte,Coffee,1,640,640.0,0.0,0,0,0,closed,card,672.0,0.05,C22b78f0c7a
ORD002905,2026-05-24 09:39:04,S05,Usman,T2,dine_in,ICL,Iced Latte,Coffee,1,640,640.0,0.0,0,0,0,closed,cash,736.0,0.15,Ccdae6010f7
ORD002906,2026-05-24 13:40:50,S02,Hamza,T16,dine_in,MOC,Mocha,Coffee,1,650,650.0,0.0,0,0,0,closed,card,682.0,0.05,C48bfa448ba
ORD002907,2026-05-24 07:54:11,S05,Usman,T13,dine_in,IMP,Imported Soda,Other,1,480,480.0,0.0,0,0,0,closed,cash,552.0,0.15,
ORD002908,2026-05-24 07:00:43,S02,Hamza,,takeaway,CKE,Slice of Cake,Bakery,1,780,780.0,0.0,0,0,0,closed,cash,2277.0,0.15,
ORD002908,2026-05-24 07:00:43,S02,Hamza,,takeaway,PNC,Pain au Chocolat,Bakery,1,600,600.0,0.0,0,0,0,closed,cash,2277.0,0.15,
ORD002908,2026-05-24 07:00:43,S02,Hamza,,takeaway,FLW,Flat White,Coffee,1,600,600.0,0.0,0,0,0,closed,cash,2277.0,0.15,
ORD002909,2026-05-24 20:00:12,S03,Bilal,T15,dine_in,FLW,Flat White,Coffee,1,600,600.0,0.0,0,0,0,closed,cash,690.0,0.15,
ORD002910,2026-05-24 21:36:04,S01,Ayesha,,takeaway,AMR,Americano,Coffee,1,480,480.0,0.0,0,0,0,closed,card,504.0,0.05,C49e1d6c4d1
ORD002911,2026-05-24 08:58:48,S08,Mahnoor,T11,dine_in,CAP,Cappuccino,Coffee,1,560,560.0,0.0,0,0,0,closed,wallet,1974.0,0.05,Cc8157a5ef0
ORD002911,2026-05-24 08:58:48,S08,Mahnoor,T11,dine_in,CLB,Cold Brew,Coffee,1,680,680.0,0.0,0,0,0,closed,wallet,1974.0,0.05,Cc8157a5ef0
ORD002911,2026-05-24 08:58:48,S08,Mahnoor,T11,dine_in,ICL,Iced Latte,Coffee,1,640,640.0,0.0,0,0,0,closed,wallet,1974.0,0.05,Cc8157a5ef0
ORD002912,2026-05-24 12:24:27,S07,Daniyal,,takeaway,CAP,Cappuccino,Coffee,1,560,560.0,0.0,0,0,0,closed,cash,644.0,0.15,C594b9840be
ORD002913,2026-05-24 19:35:11,S06,Zainab,,takeaway,CAP,Cappuccino,Coffee,1,560,560.0,0.0,0,0,0,closed,qr,1900.0,0.05,Ccb8af0dea2
ORD002913,2026-05-24 19:35:11,S06,Zainab,,takeaway,SAL,Garden Salad,Food,1,1250,1250.0,0.0,0,0,0,closed,qr,1900.0,0.05,Ccb8af0dea2
ORD002914,2026-05-24 11:48:28,S07,Daniyal,,takeaway,CAP,Cappuccino,Coffee,1,560,560.0,0.0,0,0,0,closed,wallet,2404.0,0.05,Ce217f40c1f
ORD002914,2026-05-24 11:48:28,S07,Daniyal,,takeaway,IMP,Imported Soda,Other,1,480,480.0,0.0,0,0,0,closed,wallet,2404.0,0.05,Ce217f40c1f
ORD002914,2026-05-24 11:48:28,S07,Daniyal,,takeaway,SAL,Garden Salad,Food,1,1250,1250.0,0.0,0,0,0,closed,wallet,2404.0,0.05,Ce217f40c1f
ORD002915,2026-05-24 07:35:26,S06,Zainab,,takeaway,CLB,Cold Brew,Coffee,1,680,680.0,0.0,0,0,0,closed,card,1218.0,0.05,Cbcf52aba85
ORD002915,2026-05-24 07:35:26,S06,Zainab,,takeaway,FLW,Flat White,Coffee,1,600,480.0,120.0,0,0,0,closed,card,1218.0,0.05,Cbcf52aba85
ORD002916,2026-05-24 13:29:00,S05,Usman,,takeaway,CRO,Butter Croissant,Bakery,1,520,520.0,0.0,0,0,0,closed,cash,598.0,0.15,
ORD002916,2026-05-24 13:29:00,S05,Usman,,takeaway,AMR,Americano,Coffee,1,480,0.0,0.0,1,0,0,partial_void,cash,598.0,0.15,
ORD002917,2026-05-24 13:45:50,S03,Bilal,T2,dine_in,SAN,Chicken Sandwich,Food,1,1350,1350.0,0.0,0,0,0,closed,cash,1552.0,0.15,C998fad6fa0
ORD002918,2026-05-24 11:11:49,S04,Sara,T6,dine_in,CKE,Slice of Cake,Bakery,1,780,780.0,0.0,0,0,0,closed,cash,897.0,0.15,
ORD002919,2026-05-24 20:15:20,S02,Hamza,,takeaway,CRO,Butter Croissant,Bakery,1,520,520.0,0.0,0,0,0,closed,card,1176.0,0.05,C3baae6f192
ORD002919,2026-05-24 20:15:20,S02,Hamza,,takeaway,FLW,Flat White,Coffee,1,600,600.0,0.0,0,0,0,closed,card,1176.0,0.05,C3baae6f192
ORD002920,2026-05-24 09:14:57,S04,Sara,T10,dine_in,CRO,Butter Croissant,Bakery,1,520,520.0,0.0,0,0,0,closed,cash,3933.0,0.15,
ORD002920,2026-05-24 09:14:57,S04,Sara,T10,dine_in,AVT,Avocado Toast,Food,2,1450,2900.0,0.0,0,0,0,closed,cash,3933.0,0.15,
ORD002921,2026-05-24 10:41:43,S06,Zainab,T1,dine_in,AVT,Avocado Toast,Food,1,1450,1450.0,0.0,0,0,0,closed,cash,2404.0,0.15,C96285ec529
ORD002921,2026-05-24 10:41:43,S06,Zainab,T1,dine_in,ICL,Iced Latte,Coffee,1,640,640.0,0.0,0,0,0,closed,cash,2404.0,0.15,C96285ec529
ORD002922,2026-05-24 16:06:59,S01,Ayesha,T1,dine_in,MOC,Mocha,Coffee,1,650,650.0,0.0,0,0,0,closed,card,1816.0,0.05,C562fc633f9
ORD002922,2026-05-24 16:06:59,S01,Ayesha,T1,dine_in,SAN,Chicken Sandwich,Food,1,1350,1080.0,270.0,0,0,0,closed,card,1816.0,0.05,C562fc633f9
ORD002923,2026-05-24 18:16:58,S05,Usman,T9,dine_in,PNC,Pain au Chocolat,Bakery,1,600,600.0,0.0,0,0,0,closed,card,630.0,0.05,Ca2c33b664c
ORD002924,2026-05-24 10:20:17,S01,Ayesha,,takeaway,CAP,Cappuccino,Coffee,1,560,560.0,0.0,0,0,0,closed,cash,644.0,0.15,C7bfa0588ba
ORD002925,2026-05-24 09:53:28,S08,Mahnoor,,takeaway,PNC,Pain au Chocolat,Bakery,1,600,600.0,0.0,0,0,0,closed,qr,2488.0,0.05,C98e51ce053
ORD002925,2026-05-24 09:53:28,S08,Mahnoor,,takeaway,ESP,Espresso,Coffee,1,420,420.0,0.0,0,0,0,closed,qr,2488.0,0.05,C98e51ce053
ORD002925,2026-05-24 09:53:28,S08,Mahnoor,,takeaway,SAN,Chicken Sandwich,Food,1,1350,1350.0,0.0,0,0,0,closed,qr,2488.0,0.05,C98e51ce053
ORD002926,2026-05-24 09:49:50,S06,Zainab,T12,dine_in,CRO,Butter Croissant,Bakery,1,520,520.0,0.0,0,0,0,closed,cash,2150.0,0.15,Cd923cf20c8
ORD002926,2026-05-24 09:49:50,S06,Zainab,T12,dine_in,SAN,Chicken Sandwich,Food,1,1350,1350.0,0.0,0,0,0,closed,cash,2150.0,0.15,Cd923cf20c8
ORD002927,2026-05-24 07:27:56,S01,Ayesha,,takeaway,ESP,Espresso,Coffee,1,420,420.0,0.0,0,0,0,closed,cash,483.0,0.15,
ORD002928,2026-05-24 09:23:37,S07,Daniyal,T11,dine_in,LAT,Cafe Latte,Coffee,1,580,580.0,0.0,0,0,0,closed,qr,609.0,0.05,C7bfa0588ba
ORD002929,2026-05-24 11:30:22,S05,Usman,T3,dine_in,MAT,Matcha Latte,Coffee,1,720,720.0,0.0,0,0,0,closed,card,4179.0,0.05,Cd1e93a6d3b
ORD002929,2026-05-24 11:30:22,S05,Usman,T3,dine_in,SAN,Chicken Sandwich,Food,2,1350,2700.0,0.0,0,0,0,closed,card,4179.0,0.05,Cd1e93a6d3b
ORD002929,2026-05-24 11:30:22,S05,Usman,T3,dine_in,CAP,Cappuccino,Coffee,1,560,560.0,0.0,0,0,0,closed,card,4179.0,0.05,Cd1e93a6d3b
ORD002930,2026-05-24 21:12:06,S05,Usman,T9,dine_in,PAS,Pasta,Food,1,1650,1650.0,0.0,0,0,0,closed,card,3255.0,0.05,C4f7c154522
ORD002930,2026-05-24 21:12:06,S05,Usman,T9,dine_in,AVT,Avocado Toast,Food,1,1450,1450.0,0.0,0,0,0,closed,card,3255.0,0.05,C4f7c154522
ORD002931,2026-05-24 07:12:43,S03,Bilal,T2,dine_in,FLW,Flat White,Coffee,1,600,600.0,0.0,0,0,0,closed,wallet,1273.0,0.05,Cc433bd18b5
ORD002931,2026-05-24 07:12:43,S03,Bilal,T2,dine_in,MAT,Matcha Latte,Coffee,1,720,612.0,108.0,0,0,0,closed,wallet,1273.0,0.05,Cc433bd18b5
ORD002932,2026-05-24 15:56:16,S06,Zainab,T2,dine_in,WTR,Bottled Water,Other,1,150,120.0,30.0,0,0,0,closed,wallet,672.0,0.05,C5d7adfbbf3
ORD002932,2026-05-24 15:56:16,S06,Zainab,T2,dine_in,CRO,Butter Croissant,Bakery,1,520,520.0,0.0,0,0,0,closed,wallet,672.0,0.05,C5d7adfbbf3
ORD002933,2026-05-24 18:54:40,S02,Hamza,T16,dine_in,CKE2,Cheesecake,Bakery,1,880,880.0,0.0,0,0,0,closed,cash,1748.0,0.15,Cd923cf20c8
ORD002933,2026-05-24 18:54:40,S02,Hamza,T16,dine_in,ICL,Iced Latte,Coffee,1,640,640.0,0.0,0,0,0,closed,cash,1748.0,0.15,Cd923cf20c8
ORD002934,2026-05-24 14:26:32,S03,Bilal,,takeaway,CRO,Butter Croissant,Bakery,1,520,520.0,0.0,0,0,0,closed,card,1858.0,0.05,C21b7747a7b
ORD002934,2026-05-24 14:26:32,S03,Bilal,,takeaway,SAL,Garden Salad,Food,1,1250,1250.0,0.0,0,0,0,closed,card,1858.0,0.05,C21b7747a7b
ORD002935,2026-05-24 07:26:10,S01,Ayesha,T4,dine_in,PNC,Pain au Chocolat,Bakery,1,600,600.0,0.0,0,0,0,closed,wallet,1344.0,0.05,C998fad6fa0
ORD002935,2026-05-24 07:26:10,S01,Ayesha,T4,dine_in,CLB,Cold Brew,Coffee,1,680,680.0,0.0,0,0,0,closed,wallet,1344.0,0.05,C998fad6fa0
ORD002936,2026-05-24 08:56:46,S06,Zainab,T4,dine_in,SAL,Garden Salad,Food,2,1250,2500.0,0.0,0,0,0,closed,card,2625.0,0.05,Ca5c0a2cc4b
ORD002937,2026-05-24 07:53:52,S05,Usman,T9,dine_in,FLW,Flat White,Coffee,1,600,600.0,0.0,0,0,0,closed,cash,1288.0,0.15,
ORD002937,2026-05-24 07:53:52,S05,Usman,T9,dine_in,CRO,Butter Croissant,Bakery,1,520,520.0,0.0,0,0,0,closed,cash,1288.0,0.15,
ORD002938,2026-05-24 09:08:43,S02,Hamza,T12,dine_in,IMP,Imported Soda,Other,1,480,480.0,0.0,0,0,0,closed,cash,2680.0,0.15,
ORD002938,2026-05-24 09:08:43,S02,Hamza,T12,dine_in,BFP,Big Breakfast,Food,1,1850,1850.0,0.0,0,0,0,closed,cash,2680.0,0.15,
ORD002939,2026-05-24 09:47:20,S03,Bilal,T17,dine_in,MOC,Mocha,Coffee,1,650,650.0,0.0,0,0,0,closed,wallet,682.0,0.05,C74caaa80b4
ORD002940,2026-05-24 19:15:05,S08,Mahnoor,,takeaway,AVT,Avocado Toast,Food,1,1450,1450.0,0.0,0,0,0,closed,card,1522.0,0.05,Ca5c0a2cc4b
ORD002941,2026-05-24 08:31:31,S08,Mahnoor,,takeaway,WTR,Bottled Water,Other,1,150,150.0,0.0,0,0,0,closed,card,766.0,0.05,Cd62f08e9cf
ORD002941,2026-05-24 08:31:31,S08,Mahnoor,,takeaway,LAT,Cafe Latte,Coffee,1,580,580.0,0.0,0,0,0,closed,card,766.0,0.05,Cd62f08e9cf
ORD002942,2026-05-24 18:17:48,S02,Hamza,T16,dine_in,CAP,Cappuccino,Coffee,1,560,560.0,0.0,0,0,0,closed,card,588.0,0.05,C6b051e9554
ORD002943,2026-05-24 12:03:43,S01,Ayesha,,takeaway,CRO,Butter Croissant,Bakery,1,520,520.0,0.0,0,0,0,closed,card,2278.0,0.05,Ca5c0a2cc4b
ORD002943,2026-05-24 12:03:43,S01,Ayesha,,takeaway,PAS,Pasta,Food,1,1650,1650.0,0.0,0,0,0,closed,card,2278.0,0.05,Ca5c0a2cc4b
ORD002944,2026-05-24 10:23:22,S03,Bilal,,takeaway,FLW,Flat White,Coffee,1,600,600.0,0.0,0,0,0,closed,qr,630.0,0.05,C1771e35d2c
ORD002945,2026-05-24 19:48:32,S02,Hamza,T4,dine_in,CAP,Cappuccino,Coffee,1,560,560.0,0.0,0,0,0,closed,wallet,588.0,0.05,Cb6ebf42a25
ORD002946,2026-05-24 07:26:16,S04,Sara,T11,dine_in,HOT,Hot Chocolate,Coffee,1,560,560.0,0.0,0,0,0,closed,card,588.0,0.05,Ccf423f01d2
ORD002947,2026-05-24 07:17:03,S04,Sara,T5,dine_in,SAN,Chicken Sandwich,Food,1,1350,1350.0,0.0,0,0,0,closed,card,1858.0,0.05,Cf75f1d84fe
ORD002947,2026-05-24 07:17:03,S04,Sara,T5,dine_in,ESP,Espresso,Coffee,1,420,420.0,0.0,0,0,0,closed,card,1858.0,0.05,Cf75f1d84fe
ORD002947,2026-05-24 07:17:03,S04,Sara,T5,dine_in,ESP,Espresso,Coffee,1,420,0.0,0.0,0,0,1,closed,card,1858.0,0.05,Cf75f1d84fe
ORD002948,2026-05-24 16:31:48,S03,Bilal,T16,dine_in,SAL,Garden Salad,Food,1,1250,1250.0,0.0,0,0,0,closed,cash,2082.0,0.15,
ORD002948,2026-05-24 16:31:48,S03,Bilal,T16,dine_in,CAP,Cappuccino,Coffee,1,560,560.0,0.0,0,0,0,closed,cash,2082.0,0.15,
ORD002949,2026-05-24 14:03:09,S05,Usman,,takeaway,LAT,Cafe Latte,Coffee,1,580,580.0,0.0,0,0,0,closed,cash,2084.0,0.15,
ORD002949,2026-05-24 14:03:09,S05,Usman,,takeaway,AVT,Avocado Toast,Food,1,1450,1232.0,218.0,0,0,0,closed,cash,2084.0,0.15,
ORD002950,2026-05-24 08:52:57,S04,Sara,T15,dine_in,CLB,Cold Brew,Coffee,1,680,680.0,0.0,0,0,0,closed,cash,782.0,0.15,
ORD002951,2026-05-24 14:23:17,S05,Usman,,takeaway,PNC,Pain au Chocolat,Bakery,1,600,600.0,0.0,0,0,0,closed,wallet,630.0,0.05,C0b90585403
ORD002952,2026-05-24 19:05:01,S01,Ayesha,T13,dine_in,FLW,Flat White,Coffee,1,600,600.0,0.0,0,0,0,closed,wallet,630.0,0.05,C0ae131a4f8
ORD002953,2026-05-24 19:54:51,S08,Mahnoor,,takeaway,BFP,Big Breakfast,Food,1,1850,1850.0,0.0,0,0,0,closed,wallet,1942.0,0.05,C280fc1bab1
ORD002954,2026-05-24 21:11:37,S02,Hamza,T7,dine_in,CAP,Cappuccino,Coffee,1,560,560.0,0.0,0,0,0,closed,cash,644.0,0.15,
ORD002955,2026-05-24 14:47:55,S04,Sara,,takeaway,MOC,Mocha,Coffee,1,650,650.0,0.0,0,0,0,closed,cash,747.0,0.15,C651e9754b8
ORD002956,2026-05-24 18:43:22,S03,Bilal,,takeaway,BFP,Big Breakfast,Food,1,1850,1850.0,0.0,0,0,0,closed,card,2572.0,0.05,Cdf99103aeb
ORD002956,2026-05-24 18:43:22,S03,Bilal,,takeaway,FLW,Flat White,Coffee,1,600,600.0,0.0,0,0,0,closed,card,2572.0,0.05,Cdf99103aeb
ORD002957,2026-05-24 13:53:03,S04,Sara,T8,dine_in,FLW,Flat White,Coffee,1,600,600.0,0.0,0,0,0,closed,cash,2242.0,0.15,
ORD002957,2026-05-24 13:53:03,S04,Sara,T8,dine_in,SAN,Chicken Sandwich,Food,1,1350,1350.0,0.0,0,0,0,closed,cash,2242.0,0.15,
ORD002958,2026-05-24 10:24:04,S08,Mahnoor,T15,dine_in,AVT,Avocado Toast,Food,2,1450,2900.0,0.0,0,0,0,closed,cash,3335.0,0.15,
ORD002959,2026-05-24 19:38:50,S07,Daniyal,T5,dine_in,MOC,Mocha,Coffee,1,650,650.0,0.0,0,0,0,closed,cash,747.0,0.15,
ORD002960,2026-05-24 22:02:44,S04,Sara,T17,dine_in,CAP,Cappuccino,Coffee,1,560,476.0,84.0,0,0,0,closed,cash,547.0,0.15,
ORD002961,2026-05-24 19:11:59,S02,Hamza,T11,dine_in,ESP,Espresso,Coffee,1,420,420.0,0.0,0,0,0,closed,card,441.0,0.05,Ca376152b0e
ORD002962,2026-05-24 14:45:33,S07,Daniyal,,takeaway,CKE,Slice of Cake,Bakery,1,780,780.0,0.0,0,0,0,closed,card,819.0,0.05,Cdd143835b0
ORD002963,2026-05-24 21:27:16,S06,Zainab,T18,dine_in,HOT,Hot Chocolate,Coffee,1,560,560.0,0.0,0,0,0,closed,cash,644.0,0.15,
ORD002964,2026-05-24 18:40:37,S01,Ayesha,,takeaway,ICL,Iced Latte,Coffee,1,640,640.0,0.0,0,0,0,closed,wallet,672.0,0.05,C48bfa448ba
ORD002965,2026-05-24 19:03:51,S08,Mahnoor,T14,dine_in,LAT,Cafe Latte,Coffee,1,580,580.0,0.0,0,0,0,closed,qr,2132.0,0.05,Cb616ef25f5
ORD002965,2026-05-24 19:03:51,S08,Mahnoor,T14,dine_in,AVT,Avocado Toast,Food,1,1450,1450.0,0.0,0,0,0,closed,qr,2132.0,0.05,Cb616ef25f5
ORD002966,2026-05-24 15:06:06,S04,Sara,,takeaway,PNC,Pain au Chocolat,Bakery,1,600,600.0,0.0,0,0,0,closed,wallet,630.0,0.05,C116cedd78f
ORD002967,2026-05-24 11:28:57,S02,Hamza,T1,dine_in,AVT,Avocado Toast,Food,1,1450,1450.0,0.0,0,0,0,closed,cash,3220.0,0.15,
ORD002967,2026-05-24 11:28:57,S02,Hamza,T1,dine_in,SAN,Chicken Sandwich,Food,1,1350,1350.0,0.0,0,0,0,closed,cash,3220.0,0.15,
ORD002968,2026-05-24 08:24:04,S04,Sara,,takeaway,AVT,Avocado Toast,Food,1,1450,1450.0,0.0,0,0,0,closed,card,1522.0,0.05,C74caaa80b4
ORD002969,2026-05-24 22:04:42,S01,Ayesha,T16,dine_in,CKE,Slice of Cake,Bakery,1,780,780.0,0.0,0,0,0,closed,card,1407.0,0.05,Cced127126e
ORD002969,2026-05-24 22:04:42,S01,Ayesha,T16,dine_in,CAP,Cappuccino,Coffee,1,560,560.0,0.0,0,0,0,closed,card,1407.0,0.05,Cced127126e
ORD002970,2026-05-24 11:56:02,S04,Sara,,takeaway,LAT,Cafe Latte,Coffee,1,580,580.0,0.0,0,0,0,closed,cash,667.0,0.15,
ORD002971,2026-05-24 13:14:30,S04,Sara,,takeaway,CLB,Cold Brew,Coffee,1,680,680.0,0.0,0,0,0,closed,card,1178.0,0.05,C6a2e726cff
ORD002971,2026-05-24 13:14:30,S04,Sara,,takeaway,CRO,Butter Croissant,Bakery,1,520,442.0,78.0,0,0,0,closed,card,1178.0,0.05,C6a2e726cff
ORD002972,2026-05-24 20:18:03,S01,Ayesha,T15,dine_in,PNC,Pain au Chocolat,Bakery,1,600,600.0,0.0,0,0,0,closed,card,630.0,0.05,C77ae45bf0e
ORD002973,2026-05-24 15:06:00,S06,Zainab,,takeaway,ESP,Espresso,Coffee,1,420,378.0,42.0,0,0,0,closed,wallet,397.0,0.05,C96285ec529
ORD002974,2026-05-24 10:35:53,S04,Sara,,takeaway,AMR,Americano,Coffee,1,480,480.0,0.0,0,0,0,closed,qr,3129.0,0.05,Ca4c85907e3
ORD002974,2026-05-24 10:35:53,S04,Sara,,takeaway,SAL,Garden Salad,Food,2,1250,2500.0,0.0,0,0,0,closed,qr,3129.0,0.05,Ca4c85907e3
ORD002975,2026-05-24 17:00:50,S07,Daniyal,,takeaway,AMR,Americano,Coffee,1,480,480.0,0.0,0,0,0,closed,cash,552.0,0.15,
ORD002976,2026-05-24 10:14:53,S03,Bilal,T5,dine_in,CAP,Cappuccino,Coffee,1,560,560.0,0.0,0,0,0,closed,cash,644.0,0.15,
ORD002977,2026-05-24 17:27:28,S03,Bilal,T16,dine_in,FLW,Flat White,Coffee,1,600,600.0,0.0,0,0,0,closed,card,630.0,0.05,C70d420ae80
ORD002978,2026-05-24 22:59:47,S03,Bilal,,takeaway,FLW,Flat White,Coffee,1,600,0.0,0.0,1,0,0,partial_void,card,0.0,0.05,C5d90c0fdc3
ORD002979,2026-05-24 22:00:56,S03,Bilal,T9,dine_in,CAP,Cappuccino,Coffee,1,560,560.0,0.0,0,0,0,closed,cash,644.0,0.15,C6dfb2713f9
ORD002980,2026-05-24 11:54:43,S04,Sara,T5,dine_in,CRO,Butter Croissant,Bakery,1,520,520.0,0.0,0,0,0,closed,card,987.0,0.05,C1173024c92
ORD002980,2026-05-24 11:54:43,S04,Sara,T5,dine_in,ESP,Espresso,Coffee,1,420,420.0,0.0,0,0,0,closed,card,987.0,0.05,C1173024c92
ORD002981,2026-05-24 11:11:32,S08,Mahnoor,T16,dine_in,PAS,Pasta,Food,1,1650,1650.0,0.0,0,0,0,closed,qr,2827.0,0.05,Cb66f1be648
ORD002981,2026-05-24 11:11:32,S08,Mahnoor,T16,dine_in,CRO,Butter Croissant,Bakery,1,520,520.0,0.0,0,0,0,closed,qr,2827.0,0.05,Cb66f1be648
ORD002981,2026-05-24 11:11:32,S08,Mahnoor,T16,dine_in,LAT,Cafe Latte,Coffee,1,580,522.0,58.0,0,0,0,closed,qr,2827.0,0.05,Cb66f1be648
ORD002982,2026-05-24 19:54:39,S02,Hamza,,takeaway,CAP,Cappuccino,Coffee,1,560,560.0,0.0,0,0,0,closed,cash,1426.0,0.15,
ORD002982,2026-05-24 19:54:39,S02,Hamza,,takeaway,CLB,Cold Brew,Coffee,1,680,680.0,0.0,0,0,0,closed,cash,1426.0,0.15,
ORD002983,2026-05-24 19:58:26,S06,Zainab,T4,dine_in,FLW,Flat White,Coffee,1,600,600.0,0.0,0,0,0,closed,card,630.0,0.05,Ce794fc7460
ORD002984,2026-05-24 08:33:58,S08,Mahnoor,,takeaway,AVT,Avocado Toast,Food,1,1450,1450.0,0.0,0,0,0,closed,card,2236.0,0.05,Cdbcc4a6323
ORD002984,2026-05-24 08:33:58,S08,Mahnoor,,takeaway,CLB,Cold Brew,Coffee,1,680,680.0,0.0,0,0,0,closed,card,2236.0,0.05,Cdbcc4a6323
ORD002985,2026-05-24 20:44:19,S06,Zainab,,takeaway,PNC,Pain au Chocolat,Bakery,1,600,600.0,0.0,0,0,0,closed,cash,690.0,0.15,C4c1eb9433f
ORD002986,2026-05-24 19:22:57,S04,Sara,T18,dine_in,FLW,Flat White,Coffee,1,600,600.0,0.0,0,0,0,closed,card,2058.0,0.05,C889da2cf68
ORD002986,2026-05-24 19:22:57,S04,Sara,T18,dine_in,IMP,Imported Soda,Other,1,480,480.0,0.0,0,0,0,closed,card,2058.0,0.05,C889da2cf68
ORD002986,2026-05-24 19:22:57,S04,Sara,T18,dine_in,CKE2,Cheesecake,Bakery,1,880,880.0,0.0,0,0,0,closed,card,2058.0,0.05,C889da2cf68
ORD002987,2026-05-24 12:42:23,S05,Usman,T5,dine_in,SAN,Chicken Sandwich,Food,1,1350,1350.0,0.0,0,0,0,closed,cash,2634.0,0.15,
ORD002987,2026-05-24 12:42:23,S05,Usman,T5,dine_in,CRO,Butter Croissant,Bakery,1,520,520.0,0.0,0,0,0,closed,cash,2634.0,0.15,
ORD002987,2026-05-24 12:42:23,S05,Usman,T5,dine_in,ESP,Espresso,Coffee,1,420,420.0,0.0,0,0,0,closed,cash,2634.0,0.15,
ORD002988,2026-05-24 11:07:59,S02,Hamza,T17,dine_in,FLW,Flat White,Coffee,1,600,600.0,0.0,0,0,0,closed,card,630.0,0.05,Cadc75d3967
ORD002989,2026-05-24 12:56:46,S07,Daniyal,T3,dine_in,CRO,Butter Croissant,Bakery,1,520,442.0,78.0,0,0,0,closed,cash,508.0,0.15,
ORD002990,2026-05-24 18:07:55,S06,Zainab,T18,dine_in,LAT,Cafe Latte,Coffee,1,580,493.0,87.0,0,0,0,closed,wallet,1035.0,0.05,C23c60fd394
ORD002990,2026-05-24 18:07:55,S06,Zainab,T18,dine_in,LAT,Cafe Latte,Coffee,1,580,493.0,87.0,0,0,0,closed,wallet,1035.0,0.05,C23c60fd394
ORD002991,2026-05-24 10:40:12,S01,Ayesha,,takeaway,CAP,Cappuccino,Coffee,1,560,560.0,0.0,0,0,0,closed,cash,644.0,0.15,
ORD002992,2026-05-24 17:05:19,S04,Sara,T2,dine_in,ICL,Iced Latte,Coffee,1,640,640.0,0.0,0,0,0,closed,cash,1288.0,0.15,Ce4c9a1f3d4
ORD002992,2026-05-24 17:05:19,S04,Sara,T2,dine_in,AMR,Americano,Coffee,1,480,480.0,0.0,0,0,0,closed,cash,1288.0,0.15,Ce4c9a1f3d4
ORD002993,2026-05-24 10:42:51,S05,Usman,,takeaway,LAT,Cafe Latte,Coffee,1,580,580.0,0.0,0,0,0,closed,wallet,609.0,0.05,C6694a28353
ORD002994,2026-05-24 12:45:46,S03,Bilal,,takeaway,SAN,Chicken Sandwich,Food,1,1350,1350.0,0.0,0,0,0,closed,cash,2932.0,0.15,
ORD002994,2026-05-24 12:45:46,S03,Bilal,,takeaway,FLW,Flat White,Coffee,1,600,600.0,0.0,0,0,0,closed,cash,2932.0,0.15,
ORD002994,2026-05-24 12:45:46,S03,Bilal,,takeaway,FLW,Flat White,Coffee,1,600,600.0,0.0,0,0,0,closed,cash,2932.0,0.15,
ORD002995,2026-05-24 13:29:58,S03,Bilal,T10,dine_in,IMP,Imported Soda,Other,1,480,432.0,48.0,0,0,0,closed,card,1042.0,0.05,C0fe7fda468
ORD002995,2026-05-24 13:29:58,S03,Bilal,T10,dine_in,CAP,Cappuccino,Coffee,1,560,560.0,0.0,0,0,0,closed,card,1042.0,0.05,C0fe7fda468
ORD002996,2026-05-24 13:20:51,S05,Usman,T2,dine_in,MOC,Mocha,Coffee,1,650,650.0,0.0,0,0,0,closed,cash,2185.0,0.15,
ORD002996,2026-05-24 13:20:51,S05,Usman,T2,dine_in,SAL,Garden Salad,Food,1,1250,1250.0,0.0,0,0,0,closed,cash,2185.0,0.15,
ORD002997,2026-05-24 21:02:47,S03,Bilal,,takeaway,SAN,Chicken Sandwich,Food,1,1350,1350.0,0.0,0,0,0,closed,cash,2220.0,0.15,
ORD002997,2026-05-24 21:02:47,S03,Bilal,,takeaway,LAT,Cafe Latte,Coffee,1,580,580.0,0.0,0,0,0,closed,cash,2220.0,0.15,
ORD002998,2026-05-24 18:19:23,S08,Mahnoor,,takeaway,AMR,Americano,Coffee,1,480,480.0,0.0,0,0,0,closed,card,1134.0,0.05,Cd2de6e55d4
ORD002998,2026-05-24 18:19:23,S08,Mahnoor,,takeaway,FLW,Flat White,Coffee,1,600,600.0,0.0,0,0,0,closed,card,1134.0,0.05,Cd2de6e55d4
ORD002999,2026-05-24 14:07:21,S02,Hamza,T10,dine_in,ICL,Iced Latte,Coffee,1,640,640.0,0.0,0,0,0,closed,card,672.0,0.05,C04b8757a8c
ORD003000,2026-05-24 15:57:44,S02,Hamza,,takeaway,AVT,Avocado Toast,Food,2,1450,2900.0,0.0,0,0,0,closed,qr,3045.0,0.05,Cde42a6ba08
ORD003001,2026-05-24 10:50:17,S04,Sara,,takeaway,ESP,Espresso,Coffee,1,420,420.0,0.0,0,0,0,closed,card,987.0,0.05,C1771e35d2c
ORD003001,2026-05-24 10:50:17,S04,Sara,,takeaway,CRO,Butter Croissant,Bakery,1,520,520.0,0.0,0,0,0,closed,card,987.0,0.05,C1771e35d2c
ORD003002,2026-05-24 10:30:21,S02,Hamza,T13,dine_in,CRO,Butter Croissant,Bakery,1,520,520.0,0.0,0,0,0,closed,cash,598.0,0.15,
ORD003003,2026-05-24 20:39:37,S02,Hamza,,takeaway,WTR,Bottled Water,Other,1,150,150.0,0.0,0,0,0,closed,cash,172.0,0.15,
ORD003004,2026-05-24 07:26:18,S04,Sara,T3,dine_in,FLW,Flat White,Coffee,1,600,600.0,0.0,0,0,0,closed,card,788.0,0.05,Cf75f1d84fe
ORD003004,2026-05-24 07:26:18,S04,Sara,T3,dine_in,WTR,Bottled Water,Other,1,150,150.0,0.0,0,0,0,closed,card,788.0,0.05,Cf75f1d84fe
ORD003005,2026-05-24 18:48:26,S04,Sara,T12,dine_in,CAP,Cappuccino,Coffee,1,560,560.0,0.0,0,0,0,closed,cash,1334.0,0.15,
ORD003005,2026-05-24 18:48:26,S04,Sara,T12,dine_in,PNC,Pain au Chocolat,Bakery,1,600,600.0,0.0,0,0,0,closed,cash,1334.0,0.15,
ORD003006,2026-05-24 20:05:41,S05,Usman,T11,dine_in,ICL,Iced Latte,Coffee,1,640,640.0,0.0,0,0,0,closed,qr,672.0,0.05,C6694a28353
ORD003007,2026-05-24 20:47:31,S08,Mahnoor,,takeaway,CKE2,Cheesecake,Bakery,1,880,880.0,0.0,0,0,0,closed,card,2446.0,0.05,Cc1bfc91a15
ORD003007,2026-05-24 20:47:31,S08,Mahnoor,,takeaway,AVT,Avocado Toast,Food,1,1450,1450.0,0.0,0,0,0,closed,card,2446.0,0.05,Cc1bfc91a15
ORD003008,2026-05-24 18:45:27,S04,Sara,T15,dine_in,MOC,Mocha,Coffee,1,650,650.0,0.0,0,0,0,closed,cash,747.0,0.15,
ORD003009,2026-05-24 19:01:29,S07,Daniyal,T2,dine_in,ICL,Iced Latte,Coffee,1,640,640.0,0.0,0,0,0,closed,qr,672.0,0.05,Cec806bb66d
ORD003010,2026-05-24 10:23:22,S04,Sara,T9,dine_in,LAT,Cafe Latte,Coffee,1,580,580.0,0.0,0,0,0,closed,cash,1334.0,0.15,
ORD003010,2026-05-24 10:23:22,S04,Sara,T9,dine_in,LAT,Cafe Latte,Coffee,1,580,580.0,0.0,0,0,0,closed,cash,1334.0,0.15,
ORD003011,2026-05-24 19:37:50,S07,Daniyal,T1,dine_in,PAS,Pasta,Food,1,1650,1650.0,0.0,0,0,0,closed,wallet,1732.0,0.05,C5d28811f93
ORD003012,2026-05-24 08:45:43,S03,Bilal,T4,dine_in,SAN,Chicken Sandwich,Food,1,1350,1350.0,0.0,0,0,0,closed,cash,1552.0,0.15,
ORD003013,2026-05-24 09:00:06,S02,Hamza,T12,dine_in,ESP,Espresso,Coffee,1,420,420.0,0.0,0,0,0,closed,cash,483.0,0.15,
ORD003014,2026-05-24 11:08:26,S03,Bilal,T3,dine_in,ICL,Iced Latte,Coffee,1,640,640.0,0.0,0,0,0,closed,card,672.0,0.05,C63037e2fcf
ORD003015,2026-05-24 13:05:31,S08,Mahnoor,T7,dine_in,FLW,Flat White,Coffee,1,600,600.0,0.0,0,0,0,closed,card,630.0,0.05,C383e47d64d
ORD003016,2026-05-24 22:43:27,S03,Bilal,,takeaway,CLB,Cold Brew,Coffee,1,680,680.0,0.0,0,0,0,closed,cash,2174.0,0.15,
ORD003016,2026-05-24 22:43:27,S03,Bilal,,takeaway,MOC,Mocha,Coffee,1,650,650.0,0.0,0,0,0,closed,cash,2174.0,0.15,
ORD003016,2026-05-24 22:43:27,S03,Bilal,,takeaway,CAP,Cappuccino,Coffee,1,560,560.0,0.0,0,0,0,closed,cash,2174.0,0.15,
ORD003017,2026-05-24 12:16:34,S04,Sara,T18,dine_in,LAT,Cafe Latte,Coffee,1,580,580.0,0.0,0,0,0,closed,card,609.0,0.05,C3af134de53
ORD003018,2026-05-24 10:19:37,S07,Daniyal,,takeaway,CKE2,Cheesecake,Bakery,1,880,880.0,0.0,0,0,0,closed,qr,924.0,0.05,C58cf770e72
ORD003019,2026-05-24 14:32:54,S08,Mahnoor,T18,dine_in,ICL,Iced Latte,Coffee,1,640,640.0,0.0,0,0,0,closed,cash,1785.0,0.15,Cf7a6863213
ORD003019,2026-05-24 14:32:54,S08,Mahnoor,T18,dine_in,IMP,Imported Soda,Other,1,480,432.0,48.0,0,0,0,closed,cash,1785.0,0.15,Cf7a6863213
ORD003019,2026-05-24 14:32:54,S08,Mahnoor,T18,dine_in,IMP,Imported Soda,Other,1,480,480.0,0.0,0,0,0,closed,cash,1785.0,0.15,Cf7a6863213
ORD003020,2026-05-24 20:20:44,S07,Daniyal,T14,dine_in,PAS,Pasta,Food,1,1650,1650.0,0.0,0,0,0,closed,cash,1897.0,0.15,C49e1d6c4d1
ORD003021,2026-05-24 18:16:55,S02,Hamza,T12,dine_in,CKE2,Cheesecake,Bakery,1,880,880.0,0.0,0,0,0,closed,wallet,1082.0,0.05,Cdfed1bf9d2
ORD003021,2026-05-24 18:16:55,S02,Hamza,T12,dine_in,WTR,Bottled Water,Other,1,150,150.0,0.0,0,0,0,closed,wallet,1082.0,0.05,Cdfed1bf9d2
ORD003022,2026-05-24 10:52:31,S01,Ayesha,,takeaway,CKE,Slice of Cake,Bakery,1,780,780.0,0.0,0,0,0,closed,wallet,819.0,0.05,C0b90585403
ORD003023,2026-05-24 19:12:37,S08,Mahnoor,,takeaway,CKE,Slice of Cake,Bakery,1,780,780.0,0.0,0,0,0,closed,wallet,819.0,0.05,Ca180bd2845
ORD003024,2026-05-24 08:21:47,S03,Bilal,T4,dine_in,CAP,Cappuccino,Coffee,1,560,504.0,56.0,0,0,0,closed,qr,1033.0,0.05,Ccdae6010f7
ORD003024,2026-05-24 08:21:47,S03,Bilal,T4,dine_in,IMP,Imported Soda,Other,1,480,480.0,0.0,0,0,0,closed,qr,1033.0,0.05,Ccdae6010f7
ORD003025,2026-05-24 09:30:32,S08,Mahnoor,,takeaway,WTR,Bottled Water,Other,1,150,150.0,0.0,0,0,0,closed,cash,172.0,0.15,
ORD003026,2026-05-24 13:56:22,S08,Mahnoor,,takeaway,IMP,Imported Soda,Other,1,480,480.0,0.0,0,0,0,closed,cash,552.0,0.15,C6effcd9afd
ORD003027,2026-05-24 15:37:45,S03,Bilal,,takeaway,ESP,Espresso,Coffee,1,420,420.0,0.0,0,0,0,closed,cash,483.0,0.15,
ORD003028,2026-05-24 18:08:48,S08,Mahnoor,,takeaway,WTR,Bottled Water,Other,1,150,150.0,0.0,0,0,0,closed,qr,158.0,0.05,C6b051e9554
ORD003029,2026-05-24 08:11:24,S06,Zainab,T8,dine_in,CAP,Cappuccino,Coffee,1,560,560.0,0.0,0,0,0,closed,qr,588.0,0.05,C15e6b8d87c
ORD003030,2026-05-24 11:51:14,S04,Sara,T10,dine_in,CKE,Slice of Cake,Bakery,1,780,780.0,0.0,0,0,0,closed,cash,897.0,0.15,
ORD003031,2026-05-24 07:34:17,S03,Bilal,,takeaway,CLB,Cold Brew,Coffee,1,680,680.0,0.0,0,0,0,closed,cash,782.0,0.15,C021ba9700d
ORD003032,2026-05-24 15:31:24,S03,Bilal,T7,dine_in,WTR,Bottled Water,Other,1,150,150.0,0.0,0,0,0,closed,card,976.0,0.05,Cd3bd3b7078
ORD003032,2026-05-24 15:31:24,S03,Bilal,T7,dine_in,CKE,Slice of Cake,Bakery,1,780,780.0,0.0,0,0,0,closed,card,976.0,0.05,Cd3bd3b7078
ORD003033,2026-05-24 19:35:52,S06,Zainab,T3,dine_in,AVT,Avocado Toast,Food,1,1450,1305.0,145.0,0,0,0,closed,card,1370.0,0.05,C21fdd7f7d8
ORD003034,2026-05-25 17:13:25,S05,Usman,T8,dine_in,FLW,Flat White,Coffee,1,600,600.0,0.0,0,0,0,closed,wallet,630.0,0.05,C47ab0dca2b
ORD003035,2026-05-25 17:51:32,S08,Mahnoor,,takeaway,AVT,Avocado Toast,Food,2,1450,2900.0,0.0,0,0,0,closed,cash,4071.0,0.15,
ORD003035,2026-05-25 17:51:32,S08,Mahnoor,,takeaway,ICL,Iced Latte,Coffee,1,640,640.0,0.0,0,0,0,closed,cash,4071.0,0.15,
ORD003036,2026-05-25 07:52:06,S08,Mahnoor,T9,dine_in,AVT,Avocado Toast,Food,1,1450,1450.0,0.0,0,0,0,closed,cash,2852.0,0.15,Cd0bca36078
ORD003036,2026-05-25 07:52:06,S08,Mahnoor,T9,dine_in,WTR,Bottled Water,Other,1,150,150.0,0.0,0,0,0,closed,cash,2852.0,0.15,Cd0bca36078
ORD003036,2026-05-25 07:52:06,S08,Mahnoor,T9,dine_in,CKE2,Cheesecake,Bakery,1,880,880.0,0.0,0,0,0,closed,cash,2852.0,0.15,Cd0bca36078
ORD003037,2026-05-25 20:44:41,S06,Zainab,T13,dine_in,ICL,Iced Latte,Coffee,1,640,640.0,0.0,0,0,0,closed,cash,736.0,0.15,
ORD003038,2026-05-25 22:49:32,S07,Daniyal,T7,dine_in,ICL,Iced Latte,Coffee,1,640,640.0,0.0,0,0,0,closed,cash,1426.0,0.15,
ORD003038,2026-05-25 22:49:32,S07,Daniyal,T7,dine_in,PNC,Pain au Chocolat,Bakery,1,600,600.0,0.0,0,0,0,closed,cash,1426.0,0.15,
ORD003039,2026-05-25 17:31:24,S08,Mahnoor,T16,dine_in,CLB,Cold Brew,Coffee,1,680,680.0,0.0,0,0,0,closed,cash,1426.0,0.15,C58cf770e72
ORD003039,2026-05-25 17:31:24,S08,Mahnoor,T16,dine_in,CAP,Cappuccino,Coffee,1,560,560.0,0.0,0,0,0,closed,cash,1426.0,0.15,C58cf770e72
ORD003040,2026-05-25 17:14:38,S08,Mahnoor,T2,dine_in,PAS,Pasta,Food,1,1650,1650.0,0.0,0,0,0,closed,cash,1897.0,0.15,
ORD003041,2026-05-25 20:34:41,S05,Usman,T17,dine_in,CKE,Slice of Cake,Bakery,1,780,780.0,0.0,0,0,0,closed,cash,1380.0,0.15,
ORD003041,2026-05-25 20:34:41,S05,Usman,T17,dine_in,ESP,Espresso,Coffee,1,420,420.0,0.0,0,0,0,closed,cash,1380.0,0.15,
ORD003042,2026-05-25 18:30:23,S06,Zainab,,takeaway,SAN,Chicken Sandwich,Food,1,1350,1350.0,0.0,0,0,0,closed,cash,1552.0,0.15,
ORD003043,2026-05-25 08:16:47,S07,Daniyal,T1,dine_in,FLW,Flat White,Coffee,1,600,600.0,0.0,0,0,0,closed,qr,630.0,0.05,C77ae45bf0e
ORD003044,2026-05-25 10:19:48,S04,Sara,,takeaway,SAN,Chicken Sandwich,Food,2,1350,2700.0,0.0,0,0,0,closed,cash,3795.0,0.15,
ORD003044,2026-05-25 10:19:48,S04,Sara,,takeaway,FLW,Flat White,Coffee,1,600,600.0,0.0,0,0,0,closed,cash,3795.0,0.15,
ORD003045,2026-05-25 11:51:42,S05,Usman,T14,dine_in,WTR,Bottled Water,Other,1,150,150.0,0.0,0,0,0,closed,card,662.0,0.05,Cf26818f30c
ORD003045,2026-05-25 11:51:42,S05,Usman,T14,dine_in,AMR,Americano,Coffee,1,480,480.0,0.0,0,0,0,closed,card,662.0,0.05,Cf26818f30c
ORD003046,2026-05-25 20:17:07,S08,Mahnoor,,takeaway,CRO,Butter Croissant,Bakery,1,520,520.0,0.0,0,0,0,closed,card,1176.0,0.05,Cb31a8339d2
ORD003046,2026-05-25 20:17:07,S08,Mahnoor,,takeaway,PNC,Pain au Chocolat,Bakery,1,600,600.0,0.0,0,0,0,closed,card,1176.0,0.05,Cb31a8339d2
ORD003047,2026-05-25 08:33:28,S07,Daniyal,T7,dine_in,AVT,Avocado Toast,Food,1,1450,1450.0,0.0,0,0,0,closed,cash,1667.0,0.15,
ORD003048,2026-05-25 20:34:06,S07,Daniyal,T5,dine_in,CRO,Butter Croissant,Bakery,1,520,520.0,0.0,0,0,0,closed,card,1365.0,0.05,C74caaa80b4
ORD003048,2026-05-25 20:34:06,S07,Daniyal,T5,dine_in,CKE,Slice of Cake,Bakery,1,780,780.0,0.0,0,0,0,closed,card,1365.0,0.05,C74caaa80b4
ORD003049,2026-05-25 16:01:24,S05,Usman,,takeaway,CAP,Cappuccino,Coffee,1,560,560.0,0.0,0,0,0,closed,cash,4209.0,0.15,C1173024c92
ORD003049,2026-05-25 16:01:24,S05,Usman,,takeaway,PAS,Pasta,Food,1,1650,1650.0,0.0,0,0,0,closed,cash,4209.0,0.15,C1173024c92
ORD003049,2026-05-25 16:01:24,S05,Usman,,takeaway,AVT,Avocado Toast,Food,1,1450,1450.0,0.0,0,0,0,closed,cash,4209.0,0.15,C1173024c92
ORD003050,2026-05-25 12:51:49,S07,Daniyal,,takeaway,AMR,Americano,Coffee,1,480,480.0,0.0,0,0,0,closed,cash,552.0,0.15,Ce3447f7952
ORD003051,2026-05-25 10:32:50,S04,Sara,T12,dine_in,CAP,Cappuccino,Coffee,1,560,560.0,0.0,0,0,0,closed,card,1197.0,0.05,Ca77d93ef85
ORD003051,2026-05-25 10:32:50,S04,Sara,T12,dine_in,LAT,Cafe Latte,Coffee,1,580,580.0,0.0,0,0,0,closed,card,1197.0,0.05,Ca77d93ef85
ORD003052,2026-05-25 12:22:06,S05,Usman,,takeaway,AMR,Americano,Coffee,1,480,480.0,0.0,0,0,0,closed,card,1092.0,0.05,Cfc5da82ed6
ORD003052,2026-05-25 12:22:06,S05,Usman,,takeaway,CAP,Cappuccino,Coffee,1,560,560.0,0.0,0,0,0,closed,card,1092.0,0.05,Cfc5da82ed6
ORD003053,2026-05-25 19:30:48,S03,Bilal,,takeaway,ICL,Iced Latte,Coffee,1,640,640.0,0.0,0,0,0,closed,cash,736.0,0.15,
ORD003054,2026-05-25 09:33:49,S01,Ayesha,T17,dine_in,HOT,Hot Chocolate,Coffee,1,560,560.0,0.0,0,0,0,closed,cash,2484.0,0.15,
ORD003054,2026-05-25 09:33:49,S01,Ayesha,T17,dine_in,AVT,Avocado Toast,Food,1,1450,1450.0,0.0,0,0,0,closed,cash,2484.0,0.15,
ORD003054,2026-05-25 09:33:49,S01,Ayesha,T17,dine_in,WTR,Bottled Water,Other,1,150,150.0,0.0,0,0,0,closed,cash,2484.0,0.15,
ORD003055,2026-05-25 13:31:23,S05,Usman,T10,dine_in,CRO,Butter Croissant,Bakery,1,520,520.0,0.0,0,0,0,closed,qr,1228.0,0.05,C0b90585403
ORD003055,2026-05-25 13:31:23,S05,Usman,T10,dine_in,MOC,Mocha,Coffee,1,650,650.0,0.0,0,0,0,closed,qr,1228.0,0.05,C0b90585403
ORD003056,2026-05-25 08:44:27,S05,Usman,,takeaway,FLW,Flat White,Coffee,1,600,600.0,0.0,0,0,0,closed,cash,1357.0,0.15,
ORD003056,2026-05-25 08:44:27,S05,Usman,,takeaway,LAT,Cafe Latte,Coffee,1,580,580.0,0.0,0,0,0,closed,cash,1357.0,0.15,
ORD003057,2026-05-25 20:53:26,S08,Mahnoor,,takeaway,MAT,Matcha Latte,Coffee,1,720,612.0,108.0,0,0,0,closed,cash,704.0,0.15,
ORD003058,2026-05-25 20:41:38,S01,Ayesha,T14,dine_in,IMP,Imported Soda,Other,1,480,408.0,72.0,0,0,0,closed,cash,469.0,0.15,
ORD003059,2026-05-25 13:43:05,S06,Zainab,T12,dine_in,CAP,Cappuccino,Coffee,1,560,560.0,0.0,0,0,0,closed,qr,1785.0,0.05,C3baae6f192
ORD003059,2026-05-25 13:43:05,S06,Zainab,T12,dine_in,CAP,Cappuccino,Coffee,1,560,560.0,0.0,0,0,0,closed,qr,1785.0,0.05,C3baae6f192
ORD003059,2026-05-25 13:43:05,S06,Zainab,T12,dine_in,LAT,Cafe Latte,Coffee,1,580,580.0,0.0,0,0,0,closed,qr,1785.0,0.05,C3baae6f192
ORD003060,2026-05-25 18:39:51,S06,Zainab,,takeaway,IMP,Imported Soda,Other,1,480,480.0,0.0,0,0,0,closed,qr,504.0,0.05,Ca5c0a2cc4b
ORD003061,2026-05-25 11:30:00,S06,Zainab,,takeaway,AMR,Americano,Coffee,1,480,480.0,0.0,0,0,0,closed,cash,552.0,0.15,
ORD003062,2026-05-25 21:51:08,S08,Mahnoor,T17,dine_in,HOT,Hot Chocolate,Coffee,1,560,560.0,0.0,0,0,0,closed,cash,1242.0,0.15,C4f2621a7dd
ORD003062,2026-05-25 21:51:08,S08,Mahnoor,T17,dine_in,CRO,Butter Croissant,Bakery,1,520,520.0,0.0,0,0,0,closed,cash,1242.0,0.15,C4f2621a7dd
ORD003063,2026-05-25 16:48:37,S07,Daniyal,T8,dine_in,MOC,Mocha,Coffee,1,650,650.0,0.0,0,0,0,closed,card,682.0,0.05,C78a8a76912
ORD003064,2026-05-25 18:47:06,S02,Hamza,T14,dine_in,WTR,Bottled Water,Other,1,150,150.0,0.0,0,0,0,closed,card,158.0,0.05,C3192fbe6cf
ORD003065,2026-05-25 16:17:17,S01,Ayesha,T8,dine_in,WTR,Bottled Water,Other,1,150,150.0,0.0,0,0,0,closed,cash,172.0,0.15,
ORD003066,2026-05-25 11:43:23,S05,Usman,T10,dine_in,SAN,Chicken Sandwich,Food,2,1350,0.0,405.0,1,0,0,partial_void,cash,0.0,0.15,Cadc75d3967
ORD003067,2026-05-25 13:25:55,S02,Hamza,T4,dine_in,CKE2,Cheesecake,Bakery,1,880,748.0,132.0,0,0,0,closed,card,1900.0,0.05,Cac28972e72
ORD003067,2026-05-25 13:25:55,S02,Hamza,T4,dine_in,SAL,Garden Salad,Food,1,1250,1062.0,188.0,0,0,0,closed,card,1900.0,0.05,Cac28972e72
ORD003068,2026-05-25 09:41:23,S08,Mahnoor,T16,dine_in,ICL,Iced Latte,Coffee,1,640,640.0,0.0,0,0,0,closed,cash,1633.0,0.15,
ORD003068,2026-05-25 09:41:23,S08,Mahnoor,T16,dine_in,CKE,Slice of Cake,Bakery,1,780,780.0,0.0,0,0,0,closed,cash,1633.0,0.15,
ORD003069,2026-05-25 16:02:45,S04,Sara,T5,dine_in,SAL,Garden Salad,Food,1,1250,1250.0,0.0,0,0,0,closed,card,1995.0,0.05,C1085de4055
ORD003069,2026-05-25 16:02:45,S04,Sara,T5,dine_in,MOC,Mocha,Coffee,1,650,650.0,0.0,0,0,0,closed,card,1995.0,0.05,C1085de4055
ORD003070,2026-05-25 19:11:16,S04,Sara,T4,dine_in,PNC,Pain au Chocolat,Bakery,1,600,600.0,0.0,0,0,0,closed,card,630.0,0.05,Cf2fde5c7b5
ORD003071,2026-05-25 07:50:14,S04,Sara,T18,dine_in,LAT,Cafe Latte,Coffee,1,580,493.0,87.0,0,0,0,closed,card,2796.0,0.05,C11bb8c3a8a
ORD003071,2026-05-25 07:50:14,S04,Sara,T18,dine_in,MAT,Matcha Latte,Coffee,1,720,720.0,0.0,0,0,0,closed,card,2796.0,0.05,C11bb8c3a8a
ORD003071,2026-05-25 07:50:14,S04,Sara,T18,dine_in,AVT,Avocado Toast,Food,1,1450,1450.0,0.0,0,0,0,closed,card,2796.0,0.05,C11bb8c3a8a
ORD003072,2026-05-25 20:26:48,S01,Ayesha,,takeaway,CKE,Slice of Cake,Bakery,1,780,780.0,0.0,0,0,0,closed,qr,819.0,0.05,C87e7d1be6f
ORD003073,2026-05-25 18:34:07,S06,Zainab,T12,dine_in,LAT,Cafe Latte,Coffee,1,580,580.0,0.0,0,0,0,closed,wallet,1428.0,0.05,C1771e35d2c
ORD003073,2026-05-25 18:34:07,S06,Zainab,T12,dine_in,CKE,Slice of Cake,Bakery,1,780,780.0,0.0,0,0,0,closed,wallet,1428.0,0.05,C1771e35d2c
ORD003074,2026-05-25 22:39:58,S05,Usman,T4,dine_in,CAP,Cappuccino,Coffee,1,560,560.0,0.0,0,0,0,closed,wallet,1218.0,0.05,C4c89cd728a
ORD003074,2026-05-25 22:39:58,S05,Usman,T4,dine_in,PNC,Pain au Chocolat,Bakery,1,600,600.0,0.0,0,0,0,closed,wallet,1218.0,0.05,C4c89cd728a
ORD003075,2026-05-25 19:16:07,S08,Mahnoor,T1,dine_in,CAP,Cappuccino,Coffee,1,560,560.0,0.0,0,0,0,closed,wallet,588.0,0.05,C6dfb2713f9
ORD003076,2026-05-25 09:42:21,S04,Sara,,takeaway,BFP,Big Breakfast,Food,1,1850,1850.0,0.0,0,0,0,closed,cash,2128.0,0.15,
ORD003077,2026-05-25 14:42:14,S05,Usman,T5,dine_in,LAT,Cafe Latte,Coffee,1,580,580.0,0.0,0,0,0,closed,card,1292.0,0.05,C3410bdbb6a
ORD003077,2026-05-25 14:42:14,S05,Usman,T5,dine_in,MOC,Mocha,Coffee,1,650,650.0,0.0,0,0,0,closed,card,1292.0,0.05,C3410bdbb6a
ORD003078,2026-05-25 11:35:33,S04,Sara,T11,dine_in,PNC,Pain au Chocolat,Bakery,1,600,600.0,0.0,0,0,0,closed,cash,690.0,0.15,C1173024c92
ORD003079,2026-05-25 10:07:52,S02,Hamza,,takeaway,LAT,Cafe Latte,Coffee,1,580,580.0,0.0,0,0,0,closed,wallet,609.0,0.05,C48db1936bb
ORD003080,2026-05-25 08:47:11,S04,Sara,,takeaway,AMR,Americano,Coffee,1,480,480.0,0.0,0,0,0,closed,wallet,1323.0,0.05,C5d584d89e5
ORD003080,2026-05-25 08:47:11,S04,Sara,,takeaway,CKE,Slice of Cake,Bakery,1,780,780.0,0.0,0,0,0,closed,wallet,1323.0,0.05,C5d584d89e5
ORD003081,2026-05-25 15:42:12,S02,Hamza,T11,dine_in,MAT,Matcha Latte,Coffee,1,720,720.0,0.0,0,0,0,closed,cash,828.0,0.15,
ORD003082,2026-05-25 10:09:36,S07,Daniyal,T16,dine_in,HOT,Hot Chocolate,Coffee,1,560,560.0,0.0,0,0,0,closed,cash,644.0,0.15,
ORD003083,2026-05-25 09:16:09,S06,Zainab,T17,dine_in,CRO,Butter Croissant,Bakery,1,520,520.0,0.0,0,0,0,closed,card,546.0,0.05,Cf7a6863213
ORD003084,2026-05-25 22:15:19,S05,Usman,T14,dine_in,SAN,Chicken Sandwich,Food,1,1350,1350.0,0.0,0,0,0,closed,wallet,1418.0,0.05,C58cf770e72
ORD003085,2026-05-25 11:31:44,S06,Zainab,,takeaway,LAT,Cafe Latte,Coffee,1,580,580.0,0.0,0,0,0,closed,card,1113.0,0.05,Cec5938a850
ORD003085,2026-05-25 11:31:44,S06,Zainab,,takeaway,IMP,Imported Soda,Other,1,480,480.0,0.0,0,0,0,closed,card,1113.0,0.05,Cec5938a850
ORD003086,2026-05-25 13:17:00,S02,Hamza,T3,dine_in,ESP,Espresso,Coffee,1,420,420.0,0.0,0,0,0,closed,cash,483.0,0.15,
ORD003087,2026-05-25 19:57:22,S02,Hamza,T12,dine_in,FLW,Flat White,Coffee,1,600,600.0,0.0,0,0,0,closed,card,2152.0,0.05,Ca126409d9b
ORD003087,2026-05-25 19:57:22,S02,Hamza,T12,dine_in,AVT,Avocado Toast,Food,1,1450,1450.0,0.0,0,0,0,closed,card,2152.0,0.05,Ca126409d9b
ORD003088,2026-05-25 17:34:16,S04,Sara,,takeaway,SAN,Chicken Sandwich,Food,1,1350,1350.0,0.0,0,0,0,closed,cash,1552.0,0.15,C716930408e
ORD003089,2026-05-25 14:29:59,S01,Ayesha,,takeaway,ESP,Espresso,Coffee,1,420,0.0,42.0,1,1,0,partial_void,cash,0.0,0.15,
ORD003090,2026-05-25 17:32:05,S08,Mahnoor,T2,dine_in,CKE,Slice of Cake,Bakery,1,780,780.0,0.0,0,0,0,closed,card,819.0,0.05,C482e4b19c6
ORD003091,2026-05-25 10:14:53,S07,Daniyal,T11,dine_in,MOC,Mocha,Coffee,1,650,650.0,0.0,0,0,0,closed,card,1732.0,0.05,C10880a687b
ORD003091,2026-05-25 10:14:53,S07,Daniyal,T11,dine_in,AMR,Americano,Coffee,1,480,480.0,0.0,0,0,0,closed,card,1732.0,0.05,C10880a687b
ORD003091,2026-05-25 10:14:53,S07,Daniyal,T11,dine_in,CRO,Butter Croissant,Bakery,1,520,520.0,0.0,0,0,0,closed,card,1732.0,0.05,C10880a687b
ORD003092,2026-05-25 09:55:13,S08,Mahnoor,,takeaway,PNC,Pain au Chocolat,Bakery,1,600,600.0,0.0,0,0,0,closed,wallet,630.0,0.05,Cea11b8bad5
ORD003093,2026-05-25 13:24:52,S01,Ayesha,,takeaway,ICL,Iced Latte,Coffee,1,640,640.0,0.0,0,0,0,closed,cash,736.0,0.15,
ORD003094,2026-05-25 18:07:58,S07,Daniyal,T3,dine_in,CLB,Cold Brew,Coffee,1,680,680.0,0.0,0,0,0,closed,cash,1564.0,0.15,
ORD003094,2026-05-25 18:07:58,S07,Daniyal,T3,dine_in,CLB,Cold Brew,Coffee,1,680,680.0,0.0,0,0,0,closed,cash,1564.0,0.15,
ORD003095,2026-05-25 20:02:02,S07,Daniyal,T6,dine_in,ICL,Iced Latte,Coffee,1,640,640.0,0.0,0,0,0,closed,card,672.0,0.05,C1173024c92
ORD003096,2026-05-25 13:19:23,S03,Bilal,T3,dine_in,CAP,Cappuccino,Coffee,1,560,560.0,0.0,0,0,0,closed,cash,644.0,0.15,
ORD003097,2026-05-25 11:10:32,S06,Zainab,,takeaway,FLW,Flat White,Coffee,1,600,600.0,0.0,0,0,0,closed,card,630.0,0.05,C96285ec529
ORD003098,2026-05-25 08:40:04,S04,Sara,T17,dine_in,CKE,Slice of Cake,Bakery,1,780,780.0,0.0,0,0,0,closed,cash,1564.0,0.15,
ORD003098,2026-05-25 08:40:04,S04,Sara,T17,dine_in,LAT,Cafe Latte,Coffee,1,580,580.0,0.0,0,0,0,closed,cash,1564.0,0.15,
ORD003099,2026-05-25 20:18:36,S04,Sara,T17,dine_in,MOC,Mocha,Coffee,1,650,650.0,0.0,0,0,0,closed,qr,682.0,0.05,C8cacaf653b
ORD003100,2026-05-25 21:59:48,S06,Zainab,T3,dine_in,FLW,Flat White,Coffee,1,600,600.0,0.0,0,0,0,closed,cash,1438.0,0.15,
ORD003100,2026-05-25 21:59:48,S06,Zainab,T3,dine_in,MOC,Mocha,Coffee,1,650,650.0,0.0,0,0,0,closed,cash,1438.0,0.15,
ORD003101,2026-05-25 18:47:16,S08,Mahnoor,T12,dine_in,ESP,Espresso,Coffee,1,420,378.0,42.0,0,0,0,closed,cash,2884.0,0.15,
ORD003101,2026-05-25 18:47:16,S08,Mahnoor,T12,dine_in,AMR,Americano,Coffee,1,480,480.0,0.0,0,0,0,closed,cash,2884.0,0.15,
ORD003101,2026-05-25 18:47:16,S08,Mahnoor,T12,dine_in,PAS,Pasta,Food,1,1650,1650.0,0.0,0,0,0,closed,cash,2884.0,0.15,
ORD003102,2026-05-25 13:14:08,S04,Sara,T12,dine_in,CLB,Cold Brew,Coffee,1,680,680.0,0.0,0,0,0,closed,qr,1911.0,0.05,C77ae45bf0e
ORD003102,2026-05-25 13:14:08,S04,Sara,T12,dine_in,LAT,Cafe Latte,Coffee,1,580,580.0,0.0,0,0,0,closed,qr,1911.0,0.05,C77ae45bf0e
ORD003102,2026-05-25 13:14:08,S04,Sara,T12,dine_in,CAP,Cappuccino,Coffee,1,560,560.0,0.0,0,0,0,closed,qr,1911.0,0.05,C77ae45bf0e
ORD003103,2026-05-25 20:31:34,S08,Mahnoor,T17,dine_in,CRO,Butter Croissant,Bakery,1,520,520.0,0.0,0,0,0,closed,wallet,2068.0,0.05,C43a45a2e1f
ORD003103,2026-05-25 20:31:34,S08,Mahnoor,T17,dine_in,AVT,Avocado Toast,Food,1,1450,1450.0,0.0,0,0,0,closed,wallet,2068.0,0.05,C43a45a2e1f
ORD003104,2026-05-25 12:26:39,S01,Ayesha,T13,dine_in,PAS,Pasta,Food,2,1650,3300.0,0.0,0,0,0,closed,wallet,3465.0,0.05,C738668a590
ORD003105,2026-05-25 07:22:18,S06,Zainab,T15,dine_in,CRO,Butter Croissant,Bakery,1,520,520.0,0.0,0,0,0,closed,qr,546.0,0.05,C8e2be06429
ORD003106,2026-05-25 19:27:18,S01,Ayesha,,takeaway,ICL,Iced Latte,Coffee,1,640,640.0,0.0,0,0,0,closed,cash,736.0,0.15,C63037e2fcf
ORD003107,2026-05-25 13:27:31,S07,Daniyal,T7,dine_in,WTR,Bottled Water,Other,1,150,150.0,0.0,0,0,0,closed,cash,2714.0,0.15,
ORD003107,2026-05-25 13:27:31,S07,Daniyal,T7,dine_in,CAP,Cappuccino,Coffee,1,560,560.0,0.0,0,0,0,closed,cash,2714.0,0.15,
ORD003107,2026-05-25 13:27:31,S07,Daniyal,T7,dine_in,PAS,Pasta,Food,1,1650,1650.0,0.0,0,0,0,closed,cash,2714.0,0.15,
ORD003108,2026-05-25 09:05:23,S06,Zainab,T11,dine_in,SAL,Garden Salad,Food,1,1250,1250.0,0.0,0,0,0,closed,cash,1438.0,0.15,
ORD003109,2026-05-25 10:26:27,S07,Daniyal,,takeaway,LAT,Cafe Latte,Coffee,1,580,580.0,0.0,0,0,0,closed,qr,1113.0,0.05,C27c059f294
ORD003109,2026-05-25 10:26:27,S07,Daniyal,,takeaway,AMR,Americano,Coffee,1,480,480.0,0.0,0,0,0,closed,qr,1113.0,0.05,C27c059f294
ORD003110,2026-05-25 19:44:39,S05,Usman,,takeaway,CKE,Slice of Cake,Bakery,1,780,780.0,0.0,0,0,0,closed,card,1449.0,0.05,Cd3bd3b7078
ORD003110,2026-05-25 19:44:39,S05,Usman,,takeaway,FLW,Flat White,Coffee,1,600,600.0,0.0,0,0,0,closed,card,1449.0,0.05,Cd3bd3b7078
ORD003111,2026-05-25 18:29:21,S07,Daniyal,T18,dine_in,CLB,Cold Brew,Coffee,1,680,680.0,0.0,0,0,0,closed,qr,714.0,0.05,C04b8757a8c
ORD003112,2026-05-25 08:12:06,S05,Usman,T11,dine_in,WTR,Bottled Water,Other,1,150,135.0,15.0,0,0,0,closed,card,898.0,0.05,Cc8157a5ef0
ORD003112,2026-05-25 08:12:06,S05,Usman,T11,dine_in,MAT,Matcha Latte,Coffee,1,720,720.0,0.0,0,0,0,closed,card,898.0,0.05,Cc8157a5ef0
ORD003113,2026-05-25 09:03:41,S02,Hamza,T10,dine_in,HOT,Hot Chocolate,Coffee,1,560,560.0,0.0,0,0,0,closed,wallet,1029.0,0.05,Cc8157a5ef0
ORD003113,2026-05-25 09:03:41,S02,Hamza,T10,dine_in,ESP,Espresso,Coffee,1,420,420.0,0.0,0,0,0,closed,wallet,1029.0,0.05,Cc8157a5ef0
ORD003114,2026-05-25 18:50:26,S05,Usman,T6,dine_in,CKE,Slice of Cake,Bakery,1,780,780.0,0.0,0,0,0,closed,card,819.0,0.05,C58cf770e72
ORD003115,2026-05-25 09:13:38,S07,Daniyal,T10,dine_in,CKE,Slice of Cake,Bakery,1,780,780.0,0.0,0,0,0,closed,card,819.0,0.05,C1771e35d2c
ORD003116,2026-05-25 16:52:46,S07,Daniyal,T11,dine_in,WTR,Bottled Water,Other,1,150,150.0,0.0,0,0,0,closed,wallet,830.0,0.05,C5d90c0fdc3
ORD003116,2026-05-25 16:52:46,S07,Daniyal,T11,dine_in,ICL,Iced Latte,Coffee,1,640,640.0,0.0,0,0,0,closed,wallet,830.0,0.05,C5d90c0fdc3
ORD003117,2026-05-25 22:24:07,S05,Usman,,takeaway,ESP,Espresso,Coffee,1,420,420.0,0.0,0,0,0,closed,wallet,882.0,0.05,Ca5c0a2cc4b
ORD003117,2026-05-25 22:24:07,S05,Usman,,takeaway,ESP,Espresso,Coffee,1,420,420.0,0.0,0,0,0,closed,wallet,882.0,0.05,Ca5c0a2cc4b
ORD003118,2026-05-25 22:39:04,S02,Hamza,T7,dine_in,FLW,Flat White,Coffee,1,600,600.0,0.0,0,0,0,closed,card,1117.0,0.05,C77ae45bf0e
ORD003118,2026-05-25 22:39:04,S02,Hamza,T7,dine_in,LAT,Cafe Latte,Coffee,1,580,464.0,116.0,0,0,0,closed,card,1117.0,0.05,C77ae45bf0e
ORD003119,2026-05-25 22:11:49,S06,Zainab,T3,dine_in,ESP,Espresso,Coffee,1,420,420.0,0.0,0,0,0,closed,cash,483.0,0.15,C651e9754b8
ORD003120,2026-05-25 12:17:28,S05,Usman,,takeaway,CAP,Cappuccino,Coffee,1,560,560.0,0.0,0,0,0,closed,card,588.0,0.05,C0668e26d5a
ORD003121,2026-05-25 09:10:09,S07,Daniyal,,takeaway,PAS,Pasta,Food,1,1650,1650.0,0.0,0,0,0,closed,card,1732.0,0.05,C1173024c92
ORD003122,2026-05-25 13:07:15,S02,Hamza,T13,dine_in,AMR,Americano,Coffee,1,480,480.0,0.0,0,0,0,closed,cash,552.0,0.15,C9cf1e0da55
ORD003123,2026-05-25 07:47:59,S05,Usman,T6,dine_in,PAS,Pasta,Food,1,1650,1650.0,0.0,0,0,0,closed,cash,1897.0,0.15,
ORD003124,2026-05-25 10:48:39,S04,Sara,,takeaway,ICL,Iced Latte,Coffee,1,640,640.0,0.0,0,0,0,closed,cash,1711.0,0.15,
ORD003124,2026-05-25 10:48:39,S04,Sara,,takeaway,MAT,Matcha Latte,Coffee,1,720,720.0,0.0,0,0,0,closed,cash,1711.0,0.15,
ORD003124,2026-05-25 10:48:39,S04,Sara,,takeaway,WTR,Bottled Water,Other,1,150,128.0,22.0,0,0,0,closed,cash,1711.0,0.15,
ORD003125,2026-05-25 21:20:17,S01,Ayesha,T9,dine_in,CLB,Cold Brew,Coffee,1,680,680.0,0.0,0,0,0,closed,qr,1932.0,0.05,Ca376152b0e
ORD003125,2026-05-25 21:20:17,S01,Ayesha,T9,dine_in,FLW,Flat White,Coffee,1,600,600.0,0.0,0,0,0,closed,qr,1932.0,0.05,Ca376152b0e
ORD003125,2026-05-25 21:20:17,S01,Ayesha,T9,dine_in,CAP,Cappuccino,Coffee,1,560,560.0,0.0,0,0,0,closed,qr,1932.0,0.05,Ca376152b0e
ORD003126,2026-05-25 13:40:25,S04,Sara,,takeaway,CAP,Cappuccino,Coffee,1,560,560.0,0.0,0,0,0,closed,cash,644.0,0.15,
ORD003127,2026-05-25 22:18:12,S07,Daniyal,T17,dine_in,CLB,Cold Brew,Coffee,1,680,680.0,0.0,0,0,0,closed,cash,1472.0,0.15,
ORD003127,2026-05-25 22:18:12,S07,Daniyal,T17,dine_in,PNC,Pain au Chocolat,Bakery,1,600,600.0,0.0,0,0,0,closed,cash,1472.0,0.15,
ORD003128,2026-05-26 07:44:14,S04,Sara,T16,dine_in,CKE,Slice of Cake,Bakery,1,780,0.0,0.0,1,0,0,partial_void,cash,552.0,0.15,
ORD003128,2026-05-26 07:44:14,S04,Sara,T16,dine_in,IMP,Imported Soda,Other,1,480,480.0,0.0,0,0,0,partial_void,cash,552.0,0.15,
ORD003129,2026-05-26 14:18:54,S05,Usman,,takeaway,FLW,Flat White,Coffee,1,600,600.0,0.0,0,0,0,closed,wallet,1134.0,0.05,Ca2c33b664c
ORD003129,2026-05-26 14:18:54,S05,Usman,,takeaway,IMP,Imported Soda,Other,1,480,480.0,0.0,0,0,0,closed,wallet,1134.0,0.05,Ca2c33b664c
ORD003130,2026-05-26 20:01:52,S07,Daniyal,T6,dine_in,CKE,Slice of Cake,Bakery,1,780,780.0,0.0,0,0,0,closed,wallet,1323.0,0.05,Ca609a1dbd2
ORD003130,2026-05-26 20:01:52,S07,Daniyal,T6,dine_in,AMR,Americano,Coffee,1,480,480.0,0.0,0,0,0,closed,wallet,1323.0,0.05,Ca609a1dbd2
ORD003131,2026-05-26 16:56:12,S03,Bilal,,takeaway,MAT,Matcha Latte,Coffee,1,720,720.0,0.0,0,0,0,closed,qr,756.0,0.05,Ca5c0a2cc4b
ORD003132,2026-05-26 07:52:45,S04,Sara,T16,dine_in,CKE2,Cheesecake,Bakery,1,880,880.0,0.0,0,0,0,closed,cash,2116.0,0.15,
ORD003132,2026-05-26 07:52:45,S04,Sara,T16,dine_in,AMR,Americano,Coffee,1,480,480.0,0.0,0,0,0,closed,cash,2116.0,0.15,
ORD003132,2026-05-26 07:52:45,S04,Sara,T16,dine_in,AMR,Americano,Coffee,1,480,480.0,0.0,0,0,0,closed,cash,2116.0,0.15,
ORD003133,2026-05-26 11:44:43,S03,Bilal,T5,dine_in,AMR,Americano,Coffee,1,480,480.0,0.0,0,0,0,closed,qr,504.0,0.05,Cadc75d3967
ORD003134,2026-05-26 09:04:06,S02,Hamza,,takeaway,AVT,Avocado Toast,Food,1,1450,1450.0,0.0,0,0,0,closed,cash,2404.0,0.15,
ORD003134,2026-05-26 09:04:06,S02,Hamza,,takeaway,ICL,Iced Latte,Coffee,1,640,640.0,0.0,0,0,0,closed,cash,2404.0,0.15,
ORD003135,2026-05-26 13:52:10,S04,Sara,T18,dine_in,AVT,Avocado Toast,Food,1,1450,1450.0,0.0,0,0,0,closed,cash,3220.0,0.15,Cd32984532a
ORD003135,2026-05-26 13:52:10,S04,Sara,T18,dine_in,SAN,Chicken Sandwich,Food,1,1350,1350.0,0.0,0,0,0,closed,cash,3220.0,0.15,Cd32984532a
ORD003136,2026-05-26 07:24:33,S02,Hamza,T18,dine_in,CAP,Cappuccino,Coffee,1,560,560.0,0.0,0,0,0,closed,cash,644.0,0.15,
ORD003136,2026-05-26 07:24:33,S02,Hamza,T18,dine_in,ICL,Iced Latte,Coffee,1,640,0.0,0.0,1,1,0,partial_void,cash,644.0,0.15,
ORD003137,2026-05-26 08:37:07,S05,Usman,,takeaway,AMR,Americano,Coffee,1,480,480.0,0.0,0,0,0,closed,cash,1021.0,0.15,
ORD003137,2026-05-26 08:37:07,S05,Usman,,takeaway,IMP,Imported Soda,Other,1,480,408.0,72.0,0,0,0,closed,cash,1021.0,0.15,
ORD003138,2026-05-26 19:36:21,S01,Ayesha,,takeaway,BFP,Big Breakfast,Food,1,1850,1850.0,0.0,0,0,0,closed,card,1942.0,0.05,Cf11bccb60d
ORD003139,2026-05-26 09:41:16,S02,Hamza,,takeaway,WTR,Bottled Water,Other,1,150,150.0,0.0,0,0,0,closed,cash,724.0,0.15,
ORD003139,2026-05-26 09:41:16,S02,Hamza,,takeaway,IMP,Imported Soda,Other,1,480,480.0,0.0,0,0,0,closed,cash,724.0,0.15,
ORD003140,2026-05-26 10:14:08,S04,Sara,T7,dine_in,ICL,Iced Latte,Coffee,1,640,640.0,0.0,0,0,0,closed,cash,1426.0,0.15,
ORD003140,2026-05-26 10:14:08,S04,Sara,T7,dine_in,PNC,Pain au Chocolat,Bakery,1,600,600.0,0.0,0,0,0,closed,cash,1426.0,0.15,
ORD003141,2026-05-26 14:45:20,S03,Bilal,T18,dine_in,FLW,Flat White,Coffee,1,600,600.0,0.0,0,0,0,closed,card,630.0,0.05,C74caaa80b4
ORD003142,2026-05-26 09:45:27,S07,Daniyal,,takeaway,CKE,Slice of Cake,Bakery,1,780,780.0,0.0,0,0,0,closed,card,819.0,0.05,C482e4b19c6
ORD003143,2026-05-26 08:53:38,S02,Hamza,,takeaway,SAN,Chicken Sandwich,Food,1,1350,1350.0,0.0,0,0,0,closed,cash,2450.0,0.15,
ORD003143,2026-05-26 08:53:38,S02,Hamza,,takeaway,CKE,Slice of Cake,Bakery,1,780,780.0,0.0,0,0,0,closed,cash,2450.0,0.15,
ORD003144,2026-05-26 08:49:47,S06,Zainab,T11,dine_in,CAP,Cappuccino,Coffee,1,560,560.0,0.0,0,0,0,closed,cash,644.0,0.15,
ORD003145,2026-05-26 07:54:08,S04,Sara,T8,dine_in,AMR,Americano,Coffee,1,480,480.0,0.0,0,0,0,closed,wallet,504.0,0.05,C482e4b19c6
ORD003146,2026-05-26 13:35:35,S05,Usman,,takeaway,CAP,Cappuccino,Coffee,1,560,560.0,0.0,0,0,0,closed,cash,644.0,0.15,
ORD003147,2026-05-26 15:31:42,S08,Mahnoor,,takeaway,LAT,Cafe Latte,Coffee,1,580,464.0,116.0,0,0,0,closed,cash,1201.0,0.15,Cb0d3f4350d
ORD003147,2026-05-26 15:31:42,S08,Mahnoor,,takeaway,LAT,Cafe Latte,Coffee,1,580,580.0,0.0,0,0,0,closed,cash,1201.0,0.15,Cb0d3f4350d
ORD003148,2026-05-26 19:53:32,S03,Bilal,T3,dine_in,AVT,Avocado Toast,Food,1,1450,1450.0,0.0,0,0,0,closed,wallet,1522.0,0.05,C651e9754b8
ORD003149,2026-05-26 09:36:26,S04,Sara,T1,dine_in,MAT,Matcha Latte,Coffee,1,720,720.0,0.0,0,0,0,closed,wallet,756.0,0.05,C4bed3bfa69
ORD003150,2026-05-26 09:06:39,S06,Zainab,T3,dine_in,MOC,Mocha,Coffee,1,650,650.0,0.0,0,0,0,closed,card,682.0,0.05,Cf4895fd9dd
ORD003151,2026-05-26 22:43:46,S07,Daniyal,T9,dine_in,SAL,Garden Salad,Food,1,1250,1250.0,0.0,0,0,0,closed,wallet,1312.0,0.05,C280fc1bab1
ORD003152,2026-05-26 09:49:33,S02,Hamza,T18,dine_in,AVT,Avocado Toast,Food,1,1450,1450.0,0.0,0,0,0,closed,cash,1667.0,0.15,
ORD003153,2026-05-26 19:31:48,S08,Mahnoor,T8,dine_in,CLB,Cold Brew,Coffee,1,680,0.0,0.0,1,0,0,partial_void,wallet,441.0,0.05,C6694a28353
ORD003153,2026-05-26 19:31:48,S08,Mahnoor,T8,dine_in,ESP,Espresso,Coffee,1,420,420.0,0.0,0,0,0,partial_void,wallet,441.0,0.05,C6694a28353
ORD003154,2026-05-26 08:55:12,S02,Hamza,,takeaway,CLB,Cold Brew,Coffee,1,680,680.0,0.0,0,0,0,closed,card,2656.0,0.05,C280fc1bab1
ORD003154,2026-05-26 08:55:12,S02,Hamza,,takeaway,BFP,Big Breakfast,Food,1,1850,1850.0,0.0,0,0,0,closed,card,2656.0,0.05,C280fc1bab1
ORD003155,2026-05-26 09:32:16,S01,Ayesha,,takeaway,AMR,Americano,Coffee,1,480,480.0,0.0,0,0,0,closed,card,2236.0,0.05,C6dfb2713f9
ORD003155,2026-05-26 09:32:16,S01,Ayesha,,takeaway,PAS,Pasta,Food,1,1650,1650.0,0.0,0,0,0,closed,card,2236.0,0.05,C6dfb2713f9
ORD003156,2026-05-26 12:24:26,S08,Mahnoor,T15,dine_in,CAP,Cappuccino,Coffee,1,560,448.0,112.0,0,0,0,closed,wallet,1783.0,0.05,C691583ac34
ORD003156,2026-05-26 12:24:26,S08,Mahnoor,T15,dine_in,SAL,Garden Salad,Food,1,1250,1250.0,0.0,0,0,0,closed,wallet,1783.0,0.05,C691583ac34
ORD003157,2026-05-26 15:40:37,S03,Bilal,,takeaway,CAP,Cappuccino,Coffee,1,560,504.0,56.0,0,0,0,closed,wallet,1201.0,0.05,Cbcf52aba85
ORD003157,2026-05-26 15:40:37,S03,Bilal,,takeaway,ICL,Iced Latte,Coffee,1,640,640.0,0.0,0,0,0,closed,wallet,1201.0,0.05,Cbcf52aba85
ORD003158,2026-05-26 19:34:03,S07,Daniyal,T14,dine_in,CKE2,Cheesecake,Bakery,1,880,748.0,132.0,0,0,0,closed,cash,1527.0,0.15,
ORD003158,2026-05-26 19:34:03,S07,Daniyal,T14,dine_in,LAT,Cafe Latte,Coffee,1,580,580.0,0.0,0,0,0,closed,cash,1527.0,0.15,
ORD003159,2026-05-26 12:13:08,S02,Hamza,,takeaway,MAT,Matcha Latte,Coffee,1,720,648.0,72.0,0,0,0,closed,card,3064.0,0.05,C06bdd13f9e
ORD003159,2026-05-26 12:13:08,S02,Hamza,,takeaway,BFP,Big Breakfast,Food,1,1850,1850.0,0.0,0,0,0,closed,card,3064.0,0.05,C06bdd13f9e
ORD003159,2026-05-26 12:13:08,S02,Hamza,,takeaway,ESP,Espresso,Coffee,1,420,420.0,0.0,0,0,0,closed,card,3064.0,0.05,C06bdd13f9e
ORD003160,2026-05-26 09:02:56,S06,Zainab,T1,dine_in,PNC,Pain au Chocolat,Bakery,1,600,600.0,0.0,0,0,0,closed,card,630.0,0.05,C19d751a040
ORD003161,2026-05-26 14:43:58,S08,Mahnoor,,takeaway,CRO,Butter Croissant,Bakery,1,520,520.0,0.0,0,0,0,closed,cash,598.0,0.15,
ORD003162,2026-05-26 08:49:33,S07,Daniyal,,takeaway,CLB,Cold Brew,Coffee,1,680,680.0,0.0,0,0,0,closed,cash,782.0,0.15,
ORD003163,2026-05-26 10:42:30,S02,Hamza,T15,dine_in,HOT,Hot Chocolate,Coffee,1,560,560.0,0.0,0,0,0,closed,card,1848.0,0.05,Cc84a993a25
ORD003163,2026-05-26 10:42:30,S02,Hamza,T15,dine_in,FLW,Flat White,Coffee,1,600,600.0,0.0,0,0,0,closed,card,1848.0,0.05,Cc84a993a25
ORD003163,2026-05-26 10:42:30,S02,Hamza,T15,dine_in,PNC,Pain au Chocolat,Bakery,1,600,600.0,0.0,0,0,0,closed,card,1848.0,0.05,Cc84a993a25
ORD003164,2026-05-26 19:06:44,S03,Bilal,T6,dine_in,AMR,Americano,Coffee,1,480,480.0,0.0,0,0,0,closed,wallet,504.0,0.05,C66acd6d650
ORD003165,2026-05-26 12:27:10,S05,Usman,T18,dine_in,SAN,Chicken Sandwich,Food,1,1350,1350.0,0.0,0,0,0,closed,card,1575.0,0.05,C9aa38fbd9a
ORD003165,2026-05-26 12:27:10,S05,Usman,T18,dine_in,WTR,Bottled Water,Other,1,150,150.0,0.0,0,0,0,closed,card,1575.0,0.05,C9aa38fbd9a
ORD003166,2026-05-26 07:58:36,S04,Sara,T2,dine_in,FLW,Flat White,Coffee,1,600,600.0,0.0,0,0,0,closed,cash,1334.0,0.15,
ORD003166,2026-05-26 07:58:36,S04,Sara,T2,dine_in,CAP,Cappuccino,Coffee,1,560,560.0,0.0,0,0,0,closed,cash,1334.0,0.15,
ORD003167,2026-05-26 16:11:34,S02,Hamza,,takeaway,MAT,Matcha Latte,Coffee,1,720,720.0,0.0,0,0,0,closed,card,756.0,0.05,Cb616ef25f5
ORD003168,2026-05-26 11:13:26,S03,Bilal,T8,dine_in,FLW,Flat White,Coffee,1,600,600.0,0.0,0,0,0,closed,card,630.0,0.05,C6a2e726cff
ORD003169,2026-05-26 08:48:11,S02,Hamza,,takeaway,IMP,Imported Soda,Other,1,480,480.0,0.0,0,0,0,closed,qr,504.0,0.05,Ca5c0a2cc4b
ORD003170,2026-05-26 18:03:50,S08,Mahnoor,T1,dine_in,SAL,Garden Salad,Food,1,1250,1250.0,0.0,0,0,0,closed,cash,2035.0,0.15,C17fbee70bc
ORD003170,2026-05-26 18:03:50,S08,Mahnoor,T1,dine_in,CRO,Butter Croissant,Bakery,1,520,520.0,0.0,0,0,0,closed,cash,2035.0,0.15,C17fbee70bc
ORD003171,2026-05-26 13:36:23,S02,Hamza,T2,dine_in,CAP,Cappuccino,Coffee,1,560,560.0,0.0,0,0,0,closed,card,1260.0,0.05,Caf83b2ba0f
ORD003171,2026-05-26 13:36:23,S02,Hamza,T2,dine_in,ICL,Iced Latte,Coffee,1,640,640.0,0.0,0,0,0,closed,card,1260.0,0.05,Caf83b2ba0f
ORD003172,2026-05-26 10:48:58,S06,Zainab,T1,dine_in,FLW,Flat White,Coffee,1,600,600.0,0.0,0,0,0,closed,wallet,630.0,0.05,Ca1e8edbdac
ORD003173,2026-05-26 09:46:28,S03,Bilal,T14,dine_in,CAP,Cappuccino,Coffee,1,560,560.0,0.0,0,0,0,closed,card,588.0,0.05,C7584730941
ORD003174,2026-05-26 16:44:01,S06,Zainab,T1,dine_in,CKE,Slice of Cake,Bakery,1,780,0.0,0.0,1,0,0,partial_void,card,441.0,0.05,Cd1e93a6d3b
ORD003174,2026-05-26 16:44:01,S06,Zainab,T1,dine_in,ESP,Espresso,Coffee,1,420,420.0,0.0,0,0,0,partial_void,card,441.0,0.05,Cd1e93a6d3b
ORD003175,2026-05-26 14:14:41,S08,Mahnoor,,takeaway,CRO,Butter Croissant,Bakery,1,520,520.0,0.0,0,0,0,closed,cash,598.0,0.15,
ORD003176,2026-05-26 11:17:07,S05,Usman,T5,dine_in,WTR,Bottled Water,Other,1,150,150.0,0.0,0,0,0,closed,cash,1184.0,0.15,
ORD003176,2026-05-26 11:17:07,S05,Usman,T5,dine_in,CKE2,Cheesecake,Bakery,1,880,880.0,0.0,0,0,0,closed,cash,1184.0,0.15,
ORD003177,2026-05-26 16:47:28,S06,Zainab,T10,dine_in,FLW,Flat White,Coffee,1,600,600.0,0.0,0,0,0,closed,cash,1472.0,0.15,
ORD003177,2026-05-26 16:47:28,S06,Zainab,T10,dine_in,CLB,Cold Brew,Coffee,1,680,680.0,0.0,0,0,0,closed,cash,1472.0,0.15,
ORD003178,2026-05-26 12:22:09,S03,Bilal,,takeaway,AMR,Americano,Coffee,1,480,480.0,0.0,0,0,0,closed,cash,552.0,0.15,
ORD003179,2026-05-26 21:17:18,S08,Mahnoor,,takeaway,LAT,Cafe Latte,Coffee,1,580,580.0,0.0,0,0,0,closed,cash,667.0,0.15,
ORD003180,2026-05-26 21:04:33,S08,Mahnoor,,takeaway,SAN,Chicken Sandwich,Food,2,1350,2700.0,0.0,0,0,0,closed,qr,2835.0,0.05,C32eabe022f
ORD003181,2026-05-26 16:42:24,S08,Mahnoor,,takeaway,FLW,Flat White,Coffee,1,600,600.0,0.0,0,0,0,closed,wallet,2079.0,0.05,C1dfc0aff25
ORD003181,2026-05-26 16:42:24,S08,Mahnoor,,takeaway,CKE,Slice of Cake,Bakery,1,780,780.0,0.0,0,0,0,closed,wallet,2079.0,0.05,C1dfc0aff25
ORD003181,2026-05-26 16:42:24,S08,Mahnoor,,takeaway,PNC,Pain au Chocolat,Bakery,1,600,600.0,0.0,0,0,0,closed,wallet,2079.0,0.05,C1dfc0aff25
ORD003182,2026-05-26 15:54:20,S02,Hamza,T3,dine_in,LAT,Cafe Latte,Coffee,1,580,580.0,0.0,0,0,0,closed,card,1365.0,0.05,Ccb8af0dea2
ORD003182,2026-05-26 15:54:20,S02,Hamza,T3,dine_in,MAT,Matcha Latte,Coffee,1,720,720.0,0.0,0,0,0,closed,card,1365.0,0.05,Ccb8af0dea2
ORD003183,2026-05-26 13:27:20,S02,Hamza,,takeaway,CAP,Cappuccino,Coffee,1,560,560.0,0.0,0,0,0,closed,card,1029.0,0.05,Cf28b83a0ba
ORD003183,2026-05-26 13:27:20,S02,Hamza,,takeaway,ESP,Espresso,Coffee,1,420,420.0,0.0,0,0,0,closed,card,1029.0,0.05,Cf28b83a0ba
ORD003184,2026-05-26 19:23:44,S03,Bilal,T10,dine_in,MOC,Mocha,Coffee,1,650,650.0,0.0,0,0,0,closed,card,1900.0,0.05,C0b90585403
ORD003184,2026-05-26 19:23:44,S03,Bilal,T10,dine_in,CAP,Cappuccino,Coffee,1,560,560.0,0.0,0,0,0,closed,card,1900.0,0.05,C0b90585403
ORD003184,2026-05-26 19:23:44,S03,Bilal,T10,dine_in,PNC,Pain au Chocolat,Bakery,1,600,600.0,0.0,0,0,0,closed,card,1900.0,0.05,C0b90585403
ORD003185,2026-05-26 08:10:51,S08,Mahnoor,,takeaway,CAP,Cappuccino,Coffee,1,560,560.0,0.0,0,0,0,closed,card,588.0,0.05,C7fbe3398f9
ORD003186,2026-05-26 19:28:43,S06,Zainab,,takeaway,CKE,Slice of Cake,Bakery,1,780,780.0,0.0,0,0,0,closed,card,819.0,0.05,C96285ec529
ORD003187,2026-05-26 14:08:42,S02,Hamza,T8,dine_in,LAT,Cafe Latte,Coffee,1,580,0.0,0.0,1,1,0,partial_void,cash,736.0,0.15,
ORD003187,2026-05-26 14:08:42,S02,Hamza,T8,dine_in,ICL,Iced Latte,Coffee,1,640,640.0,0.0,0,0,0,partial_void,cash,736.0,0.15,
ORD003188,2026-05-26 10:57:20,S05,Usman,,takeaway,LAT,Cafe Latte,Coffee,1,580,580.0,0.0,0,0,0,closed,cash,1863.0,0.15,
ORD003188,2026-05-26 10:57:20,S05,Usman,,takeaway,AMR,Americano,Coffee,1,480,480.0,0.0,0,0,0,closed,cash,1863.0,0.15,
ORD003188,2026-05-26 10:57:20,S05,Usman,,takeaway,CAP,Cappuccino,Coffee,1,560,560.0,0.0,0,0,0,closed,cash,1863.0,0.15,
ORD003189,2026-05-26 21:36:19,S08,Mahnoor,T2,dine_in,CLB,Cold Brew,Coffee,1,680,680.0,0.0,0,0,0,closed,wallet,714.0,0.05,C6b051e9554
ORD003190,2026-05-26 16:31:11,S05,Usman,T10,dine_in,CAP,Cappuccino,Coffee,1,560,560.0,0.0,0,0,0,closed,cash,644.0,0.15,
ORD003191,2026-05-26 21:29:19,S04,Sara,,takeaway,CAP,Cappuccino,Coffee,1,560,560.0,0.0,0,0,0,closed,wallet,1092.0,0.05,Cd11bd6beb2
ORD003191,2026-05-26 21:29:19,S04,Sara,,takeaway,AMR,Americano,Coffee,1,480,480.0,0.0,0,0,0,closed,wallet,1092.0,0.05,Cd11bd6beb2
ORD003192,2026-05-26 10:32:17,S01,Ayesha,T4,dine_in,LAT,Cafe Latte,Coffee,1,580,464.0,116.0,0,0,0,closed,cash,534.0,0.15,
ORD003193,2026-05-26 11:39:03,S01,Ayesha,T6,dine_in,AVT,Avocado Toast,Food,1,1450,1450.0,0.0,0,0,0,closed,qr,1522.0,0.05,Cd1e93a6d3b
ORD003194,2026-05-26 22:27:17,S04,Sara,T2,dine_in,LAT,Cafe Latte,Coffee,1,580,580.0,0.0,0,0,0,closed,wallet,609.0,0.05,C15e6b8d87c
ORD003195,2026-05-26 10:56:30,S04,Sara,T12,dine_in,CLB,Cold Brew,Coffee,1,680,680.0,0.0,0,0,0,closed,cash,782.0,0.15,
ORD003196,2026-05-26 16:09:08,S05,Usman,T5,dine_in,IMP,Imported Soda,Other,1,480,480.0,0.0,0,0,0,closed,cash,552.0,0.15,
ORD003197,2026-05-26 08:44:13,S01,Ayesha,T4,dine_in,ICL,Iced Latte,Coffee,1,640,640.0,0.0,0,0,0,closed,card,1302.0,0.05,Cdf0bd6d485
ORD003197,2026-05-26 08:44:13,S01,Ayesha,T4,dine_in,PNC,Pain au Chocolat,Bakery,1,600,600.0,0.0,0,0,0,closed,card,1302.0,0.05,Cdf0bd6d485
ORD003198,2026-05-26 18:53:53,S05,Usman,T11,dine_in,CRO,Butter Croissant,Bakery,1,520,520.0,0.0,0,0,0,closed,card,546.0,0.05,C711f4eedd5
ORD003199,2026-05-26 13:26:51,S08,Mahnoor,T2,dine_in,CRO,Butter Croissant,Bakery,1,520,520.0,0.0,0,0,0,closed,card,546.0,0.05,C74caaa80b4
ORD003200,2026-05-26 10:33:18,S06,Zainab,T4,dine_in,FLW,Flat White,Coffee,1,600,600.0,0.0,0,0,0,closed,wallet,630.0,0.05,C77c36ba861
ORD003201,2026-05-26 13:11:44,S08,Mahnoor,T6,dine_in,CKE2,Cheesecake,Bakery,1,880,880.0,0.0,0,0,0,closed,cash,1012.0,0.15,Ca2c33b664c
ORD003202,2026-05-26 07:31:15,S07,Daniyal,,takeaway,HOT,Hot Chocolate,Coffee,1,560,560.0,0.0,0,0,0,closed,qr,588.0,0.05,C66ac2cce39
ORD003202,2026-05-26 07:31:15,S07,Daniyal,,takeaway,ICL,Iced Latte,Coffee,1,640,0.0,0.0,0,0,1,closed,qr,588.0,0.05,C66ac2cce39
ORD003203,2026-05-26 17:36:52,S07,Daniyal,,takeaway,LAT,Cafe Latte,Coffee,1,580,580.0,0.0,0,0,0,closed,wallet,1323.0,0.05,Cbac72cb73a
ORD003203,2026-05-26 17:36:52,S07,Daniyal,,takeaway,CLB,Cold Brew,Coffee,1,680,680.0,0.0,0,0,0,closed,wallet,1323.0,0.05,Cbac72cb73a
ORD003203,2026-05-26 17:36:52,S07,Daniyal,,takeaway,LAT,Cafe Latte,Coffee,1,580,0.0,0.0,0,0,1,closed,wallet,1323.0,0.05,Cbac72cb73a
ORD003204,2026-05-26 07:02:34,S03,Bilal,T2,dine_in,HOT,Hot Chocolate,Coffee,1,560,0.0,0.0,0,0,1,closed,cash,0.0,0.15,C27c059f294
ORD003204,2026-05-26 07:02:34,S03,Bilal,T2,dine_in,MOC,Mocha,Coffee,1,650,0.0,0.0,0,0,1,closed,cash,0.0,0.15,C27c059f294
ORD003205,2026-05-26 11:54:28,S02,Hamza,,takeaway,LAT,Cafe Latte,Coffee,1,580,580.0,0.0,0,0,0,closed,card,2552.0,0.05,Cd1e93a6d3b
ORD003205,2026-05-26 11:54:28,S02,Hamza,,takeaway,BFP,Big Breakfast,Food,1,1850,1850.0,0.0,0,0,0,closed,card,2552.0,0.05,Cd1e93a6d3b
ORD003206,2026-05-26 20:20:03,S07,Daniyal,T17,dine_in,LAT,Cafe Latte,Coffee,1,580,580.0,0.0,0,0,0,closed,cash,1219.0,0.15,
ORD003206,2026-05-26 20:20:03,S07,Daniyal,T17,dine_in,IMP,Imported Soda,Other,1,480,480.0,0.0,0,0,0,closed,cash,1219.0,0.15,
ORD003207,2026-05-26 19:00:25,S04,Sara,T15,dine_in,FLW,Flat White,Coffee,1,600,600.0,0.0,0,0,0,closed,wallet,2048.0,0.05,Cc0f50e9364
ORD003207,2026-05-26 19:00:25,S04,Sara,T15,dine_in,SAN,Chicken Sandwich,Food,1,1350,1350.0,0.0,0,0,0,closed,wallet,2048.0,0.05,Cc0f50e9364
ORD003208,2026-05-26 12:24:34,S07,Daniyal,T13,dine_in,CLB,Cold Brew,Coffee,1,680,680.0,0.0,0,0,0,closed,wallet,1990.0,0.05,C6437727a62
ORD003208,2026-05-26 12:24:34,S07,Daniyal,T13,dine_in,SAN,Chicken Sandwich,Food,1,1350,1215.0,135.0,0,0,0,closed,wallet,1990.0,0.05,C6437727a62
ORD003209,2026-05-26 20:16:12,S08,Mahnoor,T16,dine_in,LAT,Cafe Latte,Coffee,1,580,580.0,0.0,0,0,0,closed,cash,1334.0,0.15,C48db1936bb
ORD003209,2026-05-26 20:16:12,S08,Mahnoor,T16,dine_in,LAT,Cafe Latte,Coffee,1,580,580.0,0.0,0,0,0,closed,cash,1334.0,0.15,C48db1936bb
ORD003210,2026-05-26 18:41:46,S03,Bilal,,takeaway,FLW,Flat White,Coffee,1,600,510.0,90.0,0,0,0,closed,card,536.0,0.05,Cf7a6863213
ORD003211,2026-05-26 22:05:02,S01,Ayesha,T12,dine_in,PAS,Pasta,Food,1,1650,1650.0,0.0,0,0,0,closed,cash,1897.0,0.15,
ORD003212,2026-05-26 18:19:32,S02,Hamza,T5,dine_in,IMP,Imported Soda,Other,1,480,480.0,0.0,0,0,0,closed,cash,2450.0,0.15,
ORD003212,2026-05-26 18:19:32,S02,Hamza,T5,dine_in,PAS,Pasta,Food,1,1650,1650.0,0.0,0,0,0,closed,cash,2450.0,0.15,
ORD003213,2026-05-26 12:49:21,S08,Mahnoor,T7,dine_in,MAT,Matcha Latte,Coffee,1,720,720.0,0.0,0,0,0,closed,card,1260.0,0.05,C6398aca019
ORD003213,2026-05-26 12:49:21,S08,Mahnoor,T7,dine_in,IMP,Imported Soda,Other,1,480,480.0,0.0,0,0,0,closed,card,1260.0,0.05,C6398aca019
ORD003214,2026-05-26 11:42:12,S02,Hamza,T12,dine_in,CAP,Cappuccino,Coffee,1,560,560.0,0.0,0,0,0,closed,cash,644.0,0.15,
ORD003215,2026-05-26 22:20:29,S01,Ayesha,T15,dine_in,AMR,Americano,Coffee,1,480,480.0,0.0,0,0,0,closed,card,1218.0,0.05,Cbb84a1b069
ORD003215,2026-05-26 22:20:29,S01,Ayesha,T15,dine_in,CLB,Cold Brew,Coffee,1,680,680.0,0.0,0,0,0,closed,card,1218.0,0.05,Cbb84a1b069
ORD003216,2026-05-26 11:05:40,S01,Ayesha,T13,dine_in,SAN,Chicken Sandwich,Food,2,1350,2700.0,0.0,0,0,0,closed,card,2835.0,0.05,C591116544b
ORD003217,2026-05-26 11:19:07,S07,Daniyal,T13,dine_in,SAN,Chicken Sandwich,Food,1,1350,1350.0,0.0,0,0,0,closed,card,1418.0,0.05,C02a32aee50
ORD003218,2026-05-26 07:45:01,S08,Mahnoor,T14,dine_in,CRO,Butter Croissant,Bakery,1,520,520.0,0.0,0,0,0,closed,card,546.0,0.05,C74caaa80b4
ORD003219,2026-05-26 09:37:55,S03,Bilal,T14,dine_in,PNC,Pain au Chocolat,Bakery,1,600,600.0,0.0,0,0,0,closed,qr,630.0,0.05,Ccdae6010f7
ORD003220,2026-05-26 09:42:17,S07,Daniyal,,takeaway,HOT,Hot Chocolate,Coffee,1,560,560.0,0.0,0,0,0,closed,cash,2145.0,0.15,C74caaa80b4
ORD003220,2026-05-26 09:42:17,S07,Daniyal,,takeaway,AVT,Avocado Toast,Food,1,1450,1305.0,145.0,0,0,0,closed,cash,2145.0,0.15,C74caaa80b4
ORD003221,2026-05-26 10:23:25,S04,Sara,T10,dine_in,ICL,Iced Latte,Coffee,1,640,640.0,0.0,0,0,0,closed,cash,1426.0,0.15,
ORD003221,2026-05-26 10:23:25,S04,Sara,T10,dine_in,FLW,Flat White,Coffee,1,600,600.0,0.0,0,0,0,closed,cash,1426.0,0.15,
ORD003222,2026-05-26 18:28:46,S03,Bilal,,takeaway,LAT,Cafe Latte,Coffee,1,580,464.0,116.0,0,0,0,closed,wallet,487.0,0.05,C398aefc8de
ORD003223,2026-05-26 07:35:05,S07,Daniyal,,takeaway,CAP,Cappuccino,Coffee,1,560,504.0,56.0,0,0,0,closed,card,1138.0,0.05,Cd65b8affac
ORD003223,2026-05-26 07:35:05,S07,Daniyal,,takeaway,LAT,Cafe Latte,Coffee,1,580,580.0,0.0,0,0,0,closed,card,1138.0,0.05,Cd65b8affac
ORD003224,2026-05-27 07:32:17,S01,Ayesha,T2,dine_in,LAT,Cafe Latte,Coffee,1,580,580.0,0.0,0,0,0,closed,card,609.0,0.05,C482e4b19c6
ORD003225,2026-05-27 07:16:58,S01,Ayesha,T8,dine_in,FLW,Flat White,Coffee,1,600,600.0,0.0,0,0,0,closed,wallet,630.0,0.05,C73389a1c70
ORD003226,2026-05-27 15:49:31,S03,Bilal,T8,dine_in,FLW,Flat White,Coffee,1,600,600.0,0.0,0,0,0,closed,cash,2254.0,0.15,
ORD003226,2026-05-27 15:49:31,S03,Bilal,T8,dine_in,AMR,Americano,Coffee,1,480,480.0,0.0,0,0,0,closed,cash,2254.0,0.15,
ORD003226,2026-05-27 15:49:31,S03,Bilal,T8,dine_in,CKE2,Cheesecake,Bakery,1,880,880.0,0.0,0,0,0,closed,cash,2254.0,0.15,
ORD003227,2026-05-27 22:39:48,S08,Mahnoor,T2,dine_in,ICL,Iced Latte,Coffee,1,640,640.0,0.0,0,0,0,closed,qr,672.0,0.05,C16e43ce1cc
ORD003228,2026-05-27 17:55:32,S04,Sara,T17,dine_in,CAP,Cappuccino,Coffee,1,560,560.0,0.0,0,0,0,closed,wallet,588.0,0.05,Cba34fe0fbe
ORD003229,2026-05-27 11:08:24,S07,Daniyal,T4,dine_in,SAN,Chicken Sandwich,Food,2,1350,2700.0,0.0,0,0,0,closed,cash,4117.0,0.15,
ORD003229,2026-05-27 11:08:24,S07,Daniyal,T4,dine_in,CKE2,Cheesecake,Bakery,1,880,880.0,0.0,0,0,0,closed,cash,4117.0,0.15,
ORD003230,2026-05-27 12:58:57,S05,Usman,,takeaway,CLB,Cold Brew,Coffee,1,680,680.0,0.0,0,0,0,closed,cash,1334.0,0.15,
ORD003230,2026-05-27 12:58:57,S05,Usman,,takeaway,IMP,Imported Soda,Other,1,480,480.0,0.0,0,0,0,closed,cash,1334.0,0.15,
ORD003231,2026-05-27 17:02:57,S08,Mahnoor,T14,dine_in,SAN,Chicken Sandwich,Food,1,1350,1350.0,0.0,0,0,0,closed,cash,1552.0,0.15,C92c8f0f06b
ORD003232,2026-05-27 08:27:31,S07,Daniyal,,takeaway,MAT,Matcha Latte,Coffee,1,720,720.0,0.0,0,0,0,closed,cash,1380.0,0.15,
ORD003232,2026-05-27 08:27:31,S07,Daniyal,,takeaway,IMP,Imported Soda,Other,1,480,480.0,0.0,0,0,0,closed,cash,1380.0,0.15,
ORD003233,2026-05-27 21:08:04,S04,Sara,T11,dine_in,CAP,Cappuccino,Coffee,1,560,560.0,0.0,0,0,0,closed,cash,1242.0,0.15,
ORD003233,2026-05-27 21:08:04,S04,Sara,T11,dine_in,CRO,Butter Croissant,Bakery,1,520,520.0,0.0,0,0,0,closed,cash,1242.0,0.15,
ORD003234,2026-05-27 19:21:49,S08,Mahnoor,T7,dine_in,CKE,Slice of Cake,Bakery,1,780,780.0,0.0,0,0,0,closed,card,819.0,0.05,C1173024c92
ORD003235,2026-05-27 17:26:08,S04,Sara,,takeaway,AVT,Avocado Toast,Food,1,1450,1450.0,0.0,0,0,0,closed,cash,1667.0,0.15,
ORD003236,2026-05-27 17:40:34,S05,Usman,T13,dine_in,CRO,Butter Croissant,Bakery,1,520,520.0,0.0,0,0,0,closed,cash,598.0,0.15,Cdf0bd6d485
ORD003237,2026-05-27 10:23:53,S01,Ayesha,,takeaway,AVT,Avocado Toast,Food,2,1450,2900.0,0.0,0,0,0,closed,card,4568.0,0.05,Cadc75d3967
ORD003237,2026-05-27 10:23:53,S01,Ayesha,,takeaway,AVT,Avocado Toast,Food,1,1450,1450.0,0.0,0,0,0,closed,card,4568.0,0.05,Cadc75d3967
ORD003238,2026-05-27 07:23:55,S07,Daniyal,T2,dine_in,CAP,Cappuccino,Coffee,1,560,560.0,0.0,0,0,0,closed,card,588.0,0.05,Ce51a67188d
ORD003239,2026-05-27 16:10:45,S01,Ayesha,T3,dine_in,WTR,Bottled Water,Other,1,150,150.0,0.0,0,0,0,closed,qr,1191.0,0.05,Cfb4f94f84b
ORD003239,2026-05-27 16:10:45,S01,Ayesha,T3,dine_in,CAP,Cappuccino,Coffee,1,560,504.0,56.0,0,0,0,closed,qr,1191.0,0.05,Cfb4f94f84b
ORD003239,2026-05-27 16:10:45,S01,Ayesha,T3,dine_in,AMR,Americano,Coffee,1,480,480.0,0.0,0,0,0,closed,qr,1191.0,0.05,Cfb4f94f84b
ORD003240,2026-05-27 07:30:57,S05,Usman,,takeaway,FLW,Flat White,Coffee,1,600,600.0,0.0,0,0,0,closed,card,630.0,0.05,C4030d220fb
ORD003241,2026-05-27 09:23:37,S02,Hamza,T10,dine_in,LAT,Cafe Latte,Coffee,1,580,580.0,0.0,0,0,0,closed,wallet,609.0,0.05,C23c60fd394
ORD003242,2026-05-27 12:32:25,S06,Zainab,T15,dine_in,BFP,Big Breakfast,Food,1,1850,1480.0,370.0,0,0,0,closed,qr,1554.0,0.05,C4d4f7e93b0
ORD003243,2026-05-27 12:01:51,S07,Daniyal,,takeaway,CKE,Slice of Cake,Bakery,1,780,780.0,0.0,0,0,0,closed,cash,1633.0,0.15,
ORD003243,2026-05-27 12:01:51,S07,Daniyal,,takeaway,ICL,Iced Latte,Coffee,1,640,640.0,0.0,0,0,0,closed,cash,1633.0,0.15,
ORD003244,2026-05-27 22:35:59,S07,Daniyal,T3,dine_in,ESP,Espresso,Coffee,1,420,357.0,63.0,0,0,0,closed,cash,411.0,0.15,
ORD003245,2026-05-27 19:02:56,S07,Daniyal,,takeaway,CKE2,Cheesecake,Bakery,1,880,880.0,0.0,0,0,0,closed,cash,1012.0,0.15,
ORD003246,2026-05-27 21:03:02,S05,Usman,T4,dine_in,AVT,Avocado Toast,Food,2,1450,2900.0,0.0,0,0,0,closed,wallet,3045.0,0.05,Cdf0bd6d485
ORD003247,2026-05-27 14:36:51,S03,Bilal,,takeaway,MOC,Mocha,Coffee,1,650,650.0,0.0,0,0,0,closed,cash,747.0,0.15,
ORD003248,2026-05-27 08:52:51,S07,Daniyal,T8,dine_in,AVT,Avocado Toast,Food,1,1450,1450.0,0.0,0,0,0,closed,card,1522.0,0.05,C641da9029c
ORD003249,2026-05-27 07:08:32,S04,Sara,T1,dine_in,CAP,Cappuccino,Coffee,1,560,560.0,0.0,0,0,0,closed,cash,1311.0,0.15,
ORD003249,2026-05-27 07:08:32,S04,Sara,T1,dine_in,LAT,Cafe Latte,Coffee,1,580,580.0,0.0,0,0,0,closed,cash,1311.0,0.15,
ORD003250,2026-05-27 12:07:43,S07,Daniyal,T3,dine_in,IMP,Imported Soda,Other,1,480,480.0,0.0,0,0,0,closed,card,504.0,0.05,Cadc75d3967
ORD003251,2026-05-27 08:05:57,S06,Zainab,T14,dine_in,CAP,Cappuccino,Coffee,1,560,560.0,0.0,0,0,0,closed,card,588.0,0.05,C6915c3ba71
ORD003252,2026-05-27 09:45:59,S01,Ayesha,T4,dine_in,SAN,Chicken Sandwich,Food,1,1350,1350.0,0.0,0,0,0,closed,card,1418.0,0.05,C96285ec529
ORD003253,2026-05-27 14:18:18,S07,Daniyal,T4,dine_in,ESP,Espresso,Coffee,1,420,420.0,0.0,0,0,0,closed,cash,1311.0,0.15,
ORD003253,2026-05-27 14:18:18,S07,Daniyal,T4,dine_in,MAT,Matcha Latte,Coffee,1,720,720.0,0.0,0,0,0,closed,cash,1311.0,0.15,
ORD003254,2026-05-27 11:09:45,S03,Bilal,T5,dine_in,CLB,Cold Brew,Coffee,1,680,680.0,0.0,0,0,0,closed,qr,714.0,0.05,C6b051e9554
ORD003255,2026-05-27 18:21:16,S02,Hamza,T5,dine_in,ICL,Iced Latte,Coffee,1,640,640.0,0.0,0,0,0,closed,qr,672.0,0.05,C6268c7e38c
ORD003256,2026-05-27 20:27:19,S04,Sara,T3,dine_in,ESP,Espresso,Coffee,1,420,420.0,0.0,0,0,0,closed,card,1260.0,0.05,Ca2c33b664c
ORD003256,2026-05-27 20:27:19,S04,Sara,T3,dine_in,CKE,Slice of Cake,Bakery,1,780,780.0,0.0,0,0,0,closed,card,1260.0,0.05,Ca2c33b664c
ORD003257,2026-05-27 08:17:46,S06,Zainab,T12,dine_in,CRO,Butter Croissant,Bakery,1,520,520.0,0.0,0,0,0,closed,card,1218.0,0.05,C19d751a040
ORD003257,2026-05-27 08:17:46,S06,Zainab,T12,dine_in,ICL,Iced Latte,Coffee,1,640,640.0,0.0,0,0,0,closed,card,1218.0,0.05,C19d751a040
ORD003258,2026-05-27 12:27:11,S06,Zainab,,takeaway,FLW,Flat White,Coffee,1,600,600.0,0.0,0,0,0,closed,card,630.0,0.05,C1dfc0aff25
ORD003259,2026-05-27 09:35:59,S08,Mahnoor,T17,dine_in,CAP,Cappuccino,Coffee,1,560,560.0,0.0,0,0,0,closed,card,588.0,0.05,Cf08b9f3bb3
ORD003260,2026-05-27 09:48:27,S03,Bilal,,takeaway,ESP,Espresso,Coffee,1,420,0.0,0.0,1,0,0,partial_void,wallet,0.0,0.05,Cf2fde5c7b5
ORD003261,2026-05-27 18:02:37,S03,Bilal,T4,dine_in,CAP,Cappuccino,Coffee,1,560,560.0,0.0,0,0,0,closed,card,588.0,0.05,C16e43ce1cc
ORD003262,2026-05-27 07:46:10,S08,Mahnoor,,takeaway,ESP,Espresso,Coffee,1,420,420.0,0.0,0,0,0,closed,cash,1656.0,0.15,
ORD003262,2026-05-27 07:46:10,S08,Mahnoor,,takeaway,FLW,Flat White,Coffee,1,600,600.0,0.0,0,0,0,closed,cash,1656.0,0.15,
ORD003262,2026-05-27 07:46:10,S08,Mahnoor,,takeaway,ESP,Espresso,Coffee,1,420,420.0,0.0,0,0,0,closed,cash,1656.0,0.15,
ORD003263,2026-05-27 16:57:33,S04,Sara,T9,dine_in,CAP,Cappuccino,Coffee,1,560,0.0,0.0,1,0,0,partial_void,qr,0.0,0.05,C5d90c0fdc3
ORD003264,2026-05-27 11:00:14,S08,Mahnoor,,takeaway,MOC,Mocha,Coffee,1,650,650.0,0.0,0,0,0,closed,card,682.0,0.05,Cc8157a5ef0
ORD003265,2026-05-27 16:50:37,S06,Zainab,,takeaway,IMP,Imported Soda,Other,1,480,480.0,0.0,0,0,0,closed,card,504.0,0.05,C49db3f79ef
ORD003266,2026-05-27 15:02:01,S08,Mahnoor,,takeaway,CLB,Cold Brew,Coffee,1,680,680.0,0.0,0,0,0,closed,card,714.0,0.05,Ccc55e927ed
ORD003267,2026-05-27 13:46:31,S04,Sara,T12,dine_in,AVT,Avocado Toast,Food,1,1450,1450.0,0.0,0,0,0,closed,cash,2312.0,0.15,
ORD003267,2026-05-27 13:46:31,S04,Sara,T12,dine_in,CAP,Cappuccino,Coffee,1,560,560.0,0.0,0,0,0,closed,cash,2312.0,0.15,
ORD003268,2026-05-27 16:44:28,S07,Daniyal,,takeaway,BFP,Big Breakfast,Food,1,1850,1850.0,0.0,0,0,0,closed,card,2866.0,0.05,Cbac72cb73a
ORD003268,2026-05-27 16:44:28,S07,Daniyal,,takeaway,CKE2,Cheesecake,Bakery,1,880,880.0,0.0,0,0,0,closed,card,2866.0,0.05,Cbac72cb73a
ORD003269,2026-05-27 13:19:28,S08,Mahnoor,T15,dine_in,CKE,Slice of Cake,Bakery,1,780,780.0,0.0,0,0,0,closed,qr,2132.0,0.05,C71c383a2d1
ORD003269,2026-05-27 13:19:28,S08,Mahnoor,T15,dine_in,SAL,Garden Salad,Food,1,1250,1250.0,0.0,0,0,0,closed,qr,2132.0,0.05,C71c383a2d1
ORD003270,2026-05-27 11:17:00,S06,Zainab,,takeaway,PNC,Pain au Chocolat,Bakery,1,600,600.0,0.0,0,0,0,closed,card,1953.0,0.05,Cbcf52aba85
ORD003270,2026-05-27 11:17:00,S06,Zainab,,takeaway,CLB,Cold Brew,Coffee,1,680,680.0,0.0,0,0,0,closed,card,1953.0,0.05,Cbcf52aba85
ORD003270,2026-05-27 11:17:00,S06,Zainab,,takeaway,LAT,Cafe Latte,Coffee,1,580,580.0,0.0,0,0,0,closed,card,1953.0,0.05,Cbcf52aba85
ORD003271,2026-05-27 21:07:54,S06,Zainab,T4,dine_in,PNC,Pain au Chocolat,Bakery,1,600,600.0,0.0,0,0,0,closed,cash,690.0,0.15,
ORD003272,2026-05-27 20:19:35,S02,Hamza,T3,dine_in,AVT,Avocado Toast,Food,1,1450,1450.0,0.0,0,0,0,closed,card,1522.0,0.05,C17a403a366
ORD003273,2026-05-27 17:57:26,S04,Sara,T6,dine_in,AVT,Avocado Toast,Food,2,1450,2900.0,0.0,0,0,0,closed,card,3045.0,0.05,Cadc987ad2c
ORD003274,2026-05-27 16:42:32,S02,Hamza,,takeaway,FLW,Flat White,Coffee,1,600,600.0,0.0,0,0,0,closed,cash,690.0,0.15,
ORD003275,2026-05-27 20:37:35,S01,Ayesha,,takeaway,MAT,Matcha Latte,Coffee,1,720,612.0,108.0,0,0,0,closed,wallet,643.0,0.05,Ca5c0a2cc4b
ORD003275,2026-05-27 20:37:35,S01,Ayesha,,takeaway,CRO,Butter Croissant,Bakery,1,520,0.0,52.0,1,0,0,partial_void,wallet,643.0,0.05,Ca5c0a2cc4b
ORD003276,2026-05-27 13:05:38,S04,Sara,T7,dine_in,BFP,Big Breakfast,Food,1,1850,1850.0,0.0,0,0,0,closed,card,1942.0,0.05,C47c5e28c85
ORD003277,2026-05-27 09:00:21,S01,Ayesha,,takeaway,AMR,Americano,Coffee,1,480,480.0,0.0,0,0,0,closed,cash,552.0,0.15,C0b90585403
ORD003278,2026-05-27 09:38:10,S01,Ayesha,T11,dine_in,CKE,Slice of Cake,Bakery,1,780,780.0,0.0,0,0,0,closed,card,819.0,0.05,C3baae6f192
ORD003279,2026-05-27 16:27:24,S06,Zainab,T8,dine_in,CAP,Cappuccino,Coffee,1,560,560.0,0.0,0,0,0,closed,card,588.0,0.05,C48db1936bb
ORD003280,2026-05-27 10:40:59,S07,Daniyal,,takeaway,AMR,Americano,Coffee,1,480,480.0,0.0,0,0,0,closed,cash,552.0,0.15,
ORD003281,2026-05-28 13:07:29,S07,Daniyal,T6,dine_in,PNC,Pain au Chocolat,Bakery,1,600,600.0,0.0,0,0,0,closed,card,630.0,0.05,C113877e731
ORD003282,2026-05-28 20:26:06,S06,Zainab,,takeaway,LAT,Cafe Latte,Coffee,1,580,580.0,0.0,0,0,0,closed,cash,667.0,0.15,
ORD003283,2026-05-28 17:03:16,S03,Bilal,,takeaway,ICL,Iced Latte,Coffee,1,640,640.0,0.0,0,0,0,closed,cash,736.0,0.15,
ORD003284,2026-05-28 15:36:42,S06,Zainab,T13,dine_in,SAN,Chicken Sandwich,Food,2,1350,2700.0,0.0,0,0,0,closed,card,2835.0,0.05,C63037e2fcf
ORD003285,2026-05-28 14:21:19,S05,Usman,T14,dine_in,CAP,Cappuccino,Coffee,1,560,560.0,0.0,0,0,0,closed,card,588.0,0.05,C90c1284994
ORD003286,2026-05-28 13:13:50,S01,Ayesha,T13,dine_in,CAP,Cappuccino,Coffee,1,560,560.0,0.0,0,0,0,closed,cash,644.0,0.15,
ORD003287,2026-05-28 17:53:49,S06,Zainab,T16,dine_in,AMR,Americano,Coffee,1,480,480.0,0.0,0,0,0,closed,card,662.0,0.05,C460e587674
ORD003287,2026-05-28 17:53:49,S06,Zainab,T16,dine_in,WTR,Bottled Water,Other,1,150,150.0,0.0,0,0,0,closed,card,662.0,0.05,C460e587674
ORD003288,2026-05-28 10:47:32,S01,Ayesha,,takeaway,AVT,Avocado Toast,Food,1,1450,1450.0,0.0,0,0,0,closed,cash,1667.0,0.15,
ORD003289,2026-05-28 08:57:26,S01,Ayesha,T15,dine_in,SAN,Chicken Sandwich,Food,1,1350,1350.0,0.0,0,0,0,closed,card,1418.0,0.05,Cf7a6863213
ORD003290,2026-05-28 19:08:52,S08,Mahnoor,,takeaway,LAT,Cafe Latte,Coffee,1,580,580.0,0.0,0,0,0,closed,wallet,1144.0,0.05,C033079de2c
ORD003290,2026-05-28 19:08:52,S08,Mahnoor,,takeaway,PNC,Pain au Chocolat,Bakery,1,600,510.0,90.0,0,0,0,closed,wallet,1144.0,0.05,C033079de2c
ORD003291,2026-05-28 10:30:46,S05,Usman,T15,dine_in,LAT,Cafe Latte,Coffee,1,580,580.0,0.0,0,0,0,closed,card,1197.0,0.05,C692a0e4176
ORD003291,2026-05-28 10:30:46,S05,Usman,T15,dine_in,CAP,Cappuccino,Coffee,1,560,560.0,0.0,0,0,0,closed,card,1197.0,0.05,C692a0e4176
ORD003292,2026-05-28 20:21:12,S02,Hamza,,takeaway,FLW,Flat White,Coffee,1,600,600.0,0.0,0,0,0,closed,card,630.0,0.05,C6263d5d482
ORD003293,2026-05-28 20:16:23,S08,Mahnoor,,takeaway,WTR,Bottled Water,Other,1,150,150.0,0.0,0,0,0,closed,cash,172.0,0.15,Cc84a993a25
ORD003294,2026-05-28 17:29:00,S02,Hamza,T3,dine_in,LAT,Cafe Latte,Coffee,1,580,580.0,0.0,0,0,0,closed,wallet,609.0,0.05,Cfa9fe68ce1
ORD003295,2026-05-28 22:06:11,S02,Hamza,T7,dine_in,PNC,Pain au Chocolat,Bakery,1,600,600.0,0.0,0,0,0,closed,qr,630.0,0.05,Ca4dcc15132
ORD003296,2026-05-28 13:45:21,S06,Zainab,,takeaway,MOC,Mocha,Coffee,1,650,650.0,0.0,0,0,0,closed,wallet,1312.0,0.05,C91542f6ecc
ORD003296,2026-05-28 13:45:21,S06,Zainab,,takeaway,FLW,Flat White,Coffee,1,600,600.0,0.0,0,0,0,closed,wallet,1312.0,0.05,C91542f6ecc
ORD003297,2026-05-28 22:44:17,S02,Hamza,,takeaway,BFP,Big Breakfast,Food,2,1850,3330.0,370.0,0,0,0,closed,qr,4904.0,0.05,Cc8157a5ef0
ORD003297,2026-05-28 22:44:17,S02,Hamza,,takeaway,CKE,Slice of Cake,Bakery,1,780,780.0,0.0,0,0,0,closed,qr,4904.0,0.05,Cc8157a5ef0
ORD003297,2026-05-28 22:44:17,S02,Hamza,,takeaway,CAP,Cappuccino,Coffee,1,560,560.0,0.0,0,0,0,closed,qr,4904.0,0.05,Cc8157a5ef0
ORD003298,2026-05-28 08:47:51,S06,Zainab,,takeaway,CAP,Cappuccino,Coffee,1,560,560.0,0.0,0,0,0,closed,wallet,588.0,0.05,Cf89dc40fba
ORD003298,2026-05-28 08:47:51,S06,Zainab,,takeaway,AMR,Americano,Coffee,1,480,0.0,0.0,1,0,0,partial_void,wallet,588.0,0.05,Cf89dc40fba
ORD003299,2026-05-28 16:37:13,S01,Ayesha,T16,dine_in,IMP,Imported Soda,Other,1,480,480.0,0.0,0,0,0,closed,cash,552.0,0.15,
ORD003300,2026-05-28 13:55:15,S02,Hamza,T2,dine_in,AMR,Americano,Coffee,1,480,480.0,0.0,0,0,0,closed,cash,552.0,0.15,C6a9cdb8200
ORD003301,2026-05-28 12:52:24,S07,Daniyal,T13,dine_in,LAT,Cafe Latte,Coffee,1,580,580.0,0.0,0,0,0,closed,cash,1564.0,0.15,C033079de2c
ORD003301,2026-05-28 12:52:24,S07,Daniyal,T13,dine_in,CKE,Slice of Cake,Bakery,1,780,780.0,0.0,0,0,0,closed,cash,1564.0,0.15,C033079de2c
ORD003302,2026-05-28 17:10:21,S04,Sara,T9,dine_in,ICL,Iced Latte,Coffee,1,640,640.0,0.0,0,0,0,closed,cash,1506.0,0.15,
ORD003302,2026-05-28 17:10:21,S04,Sara,T9,dine_in,WTR,Bottled Water,Other,1,150,150.0,0.0,0,0,0,closed,cash,1506.0,0.15,
ORD003302,2026-05-28 17:10:21,S04,Sara,T9,dine_in,CRO,Butter Croissant,Bakery,1,520,520.0,0.0,0,0,0,closed,cash,1506.0,0.15,
ORD003303,2026-05-28 15:27:15,S02,Hamza,T10,dine_in,WTR,Bottled Water,Other,1,150,150.0,0.0,0,0,0,closed,cash,1725.0,0.15,C3baae6f192
ORD003303,2026-05-28 15:27:15,S02,Hamza,T10,dine_in,SAN,Chicken Sandwich,Food,1,1350,1350.0,0.0,0,0,0,closed,cash,1725.0,0.15,C3baae6f192
ORD003304,2026-05-28 14:10:13,S05,Usman,,takeaway,AVT,Avocado Toast,Food,1,1450,1450.0,0.0,0,0,0,closed,cash,1667.0,0.15,
ORD003305,2026-05-28 19:19:21,S02,Hamza,,takeaway,CKE2,Cheesecake,Bakery,1,880,880.0,0.0,0,0,0,closed,card,924.0,0.05,C29e9878076
ORD003306,2026-05-28 11:12:50,S02,Hamza,T18,dine_in,CAP,Cappuccino,Coffee,1,560,560.0,0.0,0,0,0,closed,card,2110.0,0.05,Cdf99103aeb
ORD003306,2026-05-28 11:12:50,S02,Hamza,T18,dine_in,AVT,Avocado Toast,Food,1,1450,1450.0,0.0,0,0,0,closed,card,2110.0,0.05,Cdf99103aeb
ORD003307,2026-05-28 13:49:07,S04,Sara,T1,dine_in,PNC,Pain au Chocolat,Bakery,1,600,600.0,0.0,0,0,0,closed,wallet,1134.0,0.05,C4b879f1310
ORD003307,2026-05-28 13:49:07,S04,Sara,T1,dine_in,AMR,Americano,Coffee,1,480,480.0,0.0,0,0,0,closed,wallet,1134.0,0.05,C4b879f1310
ORD003308,2026-05-28 10:10:03,S08,Mahnoor,T7,dine_in,PNC,Pain au Chocolat,Bakery,1,600,600.0,0.0,0,0,0,closed,cash,690.0,0.15,
ORD003309,2026-05-28 07:32:53,S04,Sara,,takeaway,CRO,Butter Croissant,Bakery,1,520,520.0,0.0,0,0,0,closed,cash,598.0,0.15,C48db1936bb
ORD003310,2026-05-28 15:06:43,S02,Hamza,T5,dine_in,WTR,Bottled Water,Other,1,150,150.0,0.0,0,0,0,closed,cash,172.0,0.15,
ORD003311,2026-05-28 20:59:10,S08,Mahnoor,,takeaway,IMP,Imported Soda,Other,1,480,480.0,0.0,0,0,0,closed,card,1134.0,0.05,C48db1936bb
ORD003311,2026-05-28 20:59:10,S08,Mahnoor,,takeaway,FLW,Flat White,Coffee,1,600,600.0,0.0,0,0,0,closed,card,1134.0,0.05,C48db1936bb
ORD003312,2026-05-28 15:21:13,S01,Ayesha,T9,dine_in,FLW,Flat White,Coffee,1,600,540.0,60.0,0,0,0,closed,cash,621.0,0.15,C4d4f7e93b0
ORD003313,2026-05-28 22:35:06,S04,Sara,T2,dine_in,HOT,Hot Chocolate,Coffee,1,560,560.0,0.0,0,0,0,closed,qr,588.0,0.05,C59d132966a
ORD003314,2026-05-28 18:09:45,S01,Ayesha,T10,dine_in,AVT,Avocado Toast,Food,1,1450,1450.0,0.0,0,0,0,closed,wallet,1522.0,0.05,Ccc5a2972a9
ORD003315,2026-05-28 18:44:35,S03,Bilal,T13,dine_in,SAL,Garden Salad,Food,1,1250,1250.0,0.0,0,0,0,closed,cash,1438.0,0.15,
ORD003316,2026-05-28 09:37:42,S07,Daniyal,T12,dine_in,LAT,Cafe Latte,Coffee,1,580,580.0,0.0,0,0,0,closed,cash,667.0,0.15,
ORD003317,2026-05-28 12:43:12,S07,Daniyal,,takeaway,CLB,Cold Brew,Coffee,1,680,680.0,0.0,0,0,0,closed,cash,782.0,0.15,
ORD003318,2026-05-28 07:17:32,S03,Bilal,T3,dine_in,IMP,Imported Soda,Other,1,480,0.0,0.0,0,0,1,closed,cash,3335.0,0.15,
ORD003318,2026-05-28 07:17:32,S03,Bilal,T3,dine_in,AVT,Avocado Toast,Food,2,1450,2900.0,0.0,0,0,0,closed,cash,3335.0,0.15,
ORD003319,2026-05-28 13:47:41,S06,Zainab,,takeaway,MOC,Mocha,Coffee,1,650,650.0,0.0,0,0,0,closed,cash,747.0,0.15,Ca5c0a2cc4b
ORD003320,2026-05-28 12:10:09,S05,Usman,,takeaway,AVT,Avocado Toast,Food,1,1450,1450.0,0.0,0,0,0,closed,cash,3795.0,0.15,
ORD003320,2026-05-28 12:10:09,S05,Usman,,takeaway,BFP,Big Breakfast,Food,1,1850,1850.0,0.0,0,0,0,closed,cash,3795.0,0.15,
ORD003321,2026-05-28 19:49:56,S03,Bilal,T10,dine_in,PNC,Pain au Chocolat,Bakery,1,600,600.0,0.0,0,0,0,closed,qr,630.0,0.05,Cb9b1b808c7
ORD003322,2026-05-28 17:27:53,S04,Sara,,takeaway,CKE,Slice of Cake,Bakery,1,780,780.0,0.0,0,0,0,closed,card,2980.0,0.05,Cb605dd63c7
ORD003322,2026-05-28 17:27:53,S04,Sara,,takeaway,PAS,Pasta,Food,1,1650,1650.0,0.0,0,0,0,closed,card,2980.0,0.05,Cb605dd63c7
ORD003322,2026-05-28 17:27:53,S04,Sara,,takeaway,AMR,Americano,Coffee,1,480,408.0,72.0,0,0,0,closed,card,2980.0,0.05,Cb605dd63c7
ORD003323,2026-05-28 15:30:46,S02,Hamza,T9,dine_in,AVT,Avocado Toast,Food,1,1450,1450.0,0.0,0,0,0,closed,cash,2898.0,0.15,
ORD003323,2026-05-28 15:30:46,S02,Hamza,T9,dine_in,ESP,Espresso,Coffee,1,420,420.0,0.0,0,0,0,closed,cash,2898.0,0.15,
ORD003323,2026-05-28 15:30:46,S02,Hamza,T9,dine_in,MOC,Mocha,Coffee,1,650,650.0,0.0,0,0,0,closed,cash,2898.0,0.15,
ORD003324,2026-05-28 10:31:52,S06,Zainab,,takeaway,BFP,Big Breakfast,Food,1,1850,1850.0,0.0,0,0,0,closed,card,2472.0,0.05,Cc7556343c1
ORD003324,2026-05-28 10:31:52,S06,Zainab,,takeaway,CAP,Cappuccino,Coffee,1,560,504.0,56.0,0,0,0,closed,card,2472.0,0.05,Cc7556343c1
ORD003325,2026-05-28 19:44:30,S07,Daniyal,,takeaway,CRO,Butter Croissant,Bakery,1,520,520.0,0.0,0,0,0,closed,card,1764.0,0.05,C5b78c4def6
ORD003325,2026-05-28 19:44:30,S07,Daniyal,,takeaway,ICL,Iced Latte,Coffee,1,640,640.0,0.0,0,0,0,closed,card,1764.0,0.05,C5b78c4def6
ORD003325,2026-05-28 19:44:30,S07,Daniyal,,takeaway,CRO,Butter Croissant,Bakery,1,520,520.0,0.0,0,0,0,closed,card,1764.0,0.05,C5b78c4def6
ORD003326,2026-05-28 22:31:52,S08,Mahnoor,T14,dine_in,CKE2,Cheesecake,Bakery,1,880,880.0,0.0,0,0,0,closed,card,3160.0,0.05,C768fb97f01
ORD003326,2026-05-28 22:31:52,S08,Mahnoor,T14,dine_in,AVT,Avocado Toast,Food,1,1450,1450.0,0.0,0,0,0,closed,card,3160.0,0.05,C768fb97f01
ORD003326,2026-05-28 22:31:52,S08,Mahnoor,T14,dine_in,CLB,Cold Brew,Coffee,1,680,680.0,0.0,0,0,0,closed,card,3160.0,0.05,C768fb97f01
ORD003327,2026-05-28 16:51:23,S03,Bilal,T16,dine_in,CAP,Cappuccino,Coffee,1,560,560.0,0.0,0,0,0,closed,card,588.0,0.05,Ca2c33b664c
ORD003328,2026-05-28 09:05:00,S02,Hamza,,takeaway,MAT,Matcha Latte,Coffee,1,720,720.0,0.0,0,0,0,closed,card,3016.0,0.05,C383e47d64d
ORD003328,2026-05-28 09:05:00,S02,Hamza,,takeaway,CKE,Slice of Cake,Bakery,1,780,702.0,78.0,0,0,0,closed,card,3016.0,0.05,C383e47d64d
ORD003328,2026-05-28 09:05:00,S02,Hamza,,takeaway,AVT,Avocado Toast,Food,1,1450,1450.0,0.0,0,0,0,closed,card,3016.0,0.05,C383e47d64d
ORD003329,2026-05-28 15:43:30,S07,Daniyal,T9,dine_in,CKE2,Cheesecake,Bakery,1,880,880.0,0.0,0,0,0,closed,wallet,924.0,0.05,C48db1936bb
ORD003330,2026-05-28 10:47:00,S01,Ayesha,,takeaway,MOC,Mocha,Coffee,1,650,650.0,0.0,0,0,0,closed,card,1292.0,0.05,C48bfa448ba
ORD003330,2026-05-28 10:47:00,S01,Ayesha,,takeaway,LAT,Cafe Latte,Coffee,1,580,580.0,0.0,0,0,0,closed,card,1292.0,0.05,C48bfa448ba
ORD003331,2026-05-28 08:24:39,S02,Hamza,,takeaway,CRO,Butter Croissant,Bakery,1,520,520.0,0.0,0,0,0,closed,wallet,546.0,0.05,Cc7556343c1
ORD003332,2026-05-28 20:09:08,S04,Sara,,takeaway,ESP,Espresso,Coffee,1,420,420.0,0.0,0,0,0,closed,cash,483.0,0.15,
ORD003333,2026-05-28 19:48:46,S05,Usman,T15,dine_in,HOT,Hot Chocolate,Coffee,1,560,560.0,0.0,0,0,0,closed,qr,588.0,0.05,C30f35abc42
ORD003334,2026-05-28 19:24:44,S01,Ayesha,,takeaway,CAP,Cappuccino,Coffee,1,560,560.0,0.0,0,0,0,closed,cash,2162.0,0.15,
ORD003334,2026-05-28 19:24:44,S01,Ayesha,,takeaway,ICL,Iced Latte,Coffee,1,640,640.0,0.0,0,0,0,closed,cash,2162.0,0.15,
ORD003334,2026-05-28 19:24:44,S01,Ayesha,,takeaway,CLB,Cold Brew,Coffee,1,680,680.0,0.0,0,0,0,closed,cash,2162.0,0.15,
ORD003335,2026-05-28 20:38:03,S05,Usman,T11,dine_in,CAP,Cappuccino,Coffee,1,560,476.0,84.0,0,0,0,closed,card,2232.0,0.05,C96285ec529
ORD003335,2026-05-28 20:38:03,S05,Usman,T11,dine_in,PAS,Pasta,Food,1,1650,1650.0,0.0,0,0,0,closed,card,2232.0,0.05,C96285ec529
ORD003336,2026-05-28 21:00:43,S03,Bilal,T18,dine_in,CAP,Cappuccino,Coffee,1,560,0.0,0.0,1,1,0,partial_void,card,609.0,0.05,C3acdc810ed
ORD003336,2026-05-28 21:00:43,S03,Bilal,T18,dine_in,LAT,Cafe Latte,Coffee,1,580,580.0,0.0,0,0,0,partial_void,card,609.0,0.05,C3acdc810ed
ORD003337,2026-05-28 15:39:01,S04,Sara,,takeaway,PAS,Pasta,Food,1,1650,1650.0,0.0,0,0,0,closed,card,2552.0,0.05,C1173024c92
ORD003337,2026-05-28 15:39:01,S04,Sara,,takeaway,CKE,Slice of Cake,Bakery,1,780,780.0,0.0,0,0,0,closed,card,2552.0,0.05,C1173024c92
ORD003338,2026-05-28 11:33:13,S02,Hamza,T18,dine_in,PNC,Pain au Chocolat,Bakery,1,600,600.0,0.0,0,0,0,closed,cash,690.0,0.15,
ORD003339,2026-05-28 08:32:46,S05,Usman,T13,dine_in,ICL,Iced Latte,Coffee,1,640,640.0,0.0,0,0,0,closed,card,672.0,0.05,C7f61360942
ORD003340,2026-05-28 21:15:41,S04,Sara,T11,dine_in,AVT,Avocado Toast,Food,1,1450,1450.0,0.0,0,0,0,closed,cash,1667.0,0.15,
ORD003341,2026-05-28 07:45:03,S05,Usman,,takeaway,ICL,Iced Latte,Coffee,1,640,640.0,0.0,0,0,0,closed,qr,1281.0,0.05,C9e95134d57
ORD003341,2026-05-28 07:45:03,S05,Usman,,takeaway,LAT,Cafe Latte,Coffee,1,580,580.0,0.0,0,0,0,closed,qr,1281.0,0.05,C9e95134d57
ORD003342,2026-05-28 09:32:55,S06,Zainab,,takeaway,LAT,Cafe Latte,Coffee,1,580,580.0,0.0,0,0,0,closed,cash,667.0,0.15,
ORD003343,2026-05-28 17:25:42,S01,Ayesha,,takeaway,ICL,Iced Latte,Coffee,1,640,640.0,0.0,0,0,0,closed,wallet,2100.0,0.05,Cf75f1d84fe
ORD003343,2026-05-28 17:25:42,S01,Ayesha,,takeaway,IMP,Imported Soda,Other,1,480,480.0,0.0,0,0,0,closed,wallet,2100.0,0.05,Cf75f1d84fe
ORD003343,2026-05-28 17:25:42,S01,Ayesha,,takeaway,CKE2,Cheesecake,Bakery,1,880,880.0,0.0,0,0,0,closed,wallet,2100.0,0.05,Cf75f1d84fe
ORD003344,2026-05-28 11:14:14,S06,Zainab,,takeaway,WTR,Bottled Water,Other,1,150,150.0,0.0,0,0,0,closed,cash,1667.0,0.15,
ORD003344,2026-05-28 11:14:14,S06,Zainab,,takeaway,LAT,Cafe Latte,Coffee,1,580,580.0,0.0,0,0,0,closed,cash,1667.0,0.15,
ORD003344,2026-05-28 11:14:14,S06,Zainab,,takeaway,MAT,Matcha Latte,Coffee,1,720,720.0,0.0,0,0,0,closed,cash,1667.0,0.15,
ORD003345,2026-05-28 11:39:10,S08,Mahnoor,,takeaway,AMR,Americano,Coffee,1,480,480.0,0.0,0,0,0,closed,wallet,1050.0,0.05,C52cc78336b
ORD003345,2026-05-28 11:39:10,S08,Mahnoor,,takeaway,CRO,Butter Croissant,Bakery,1,520,520.0,0.0,0,0,0,closed,wallet,1050.0,0.05,C52cc78336b
ORD003346,2026-05-28 08:48:29,S06,Zainab,T15,dine_in,AMR,Americano,Coffee,1,480,480.0,0.0,0,0,0,closed,cash,552.0,0.15,
ORD003347,2026-05-28 07:28:20,S06,Zainab,T13,dine_in,MOC,Mocha,Coffee,1,650,552.0,98.0,0,0,0,closed,cash,635.0,0.15,
ORD003348,2026-05-28 07:50:45,S08,Mahnoor,,takeaway,PAS,Pasta,Food,1,1650,1650.0,0.0,0,0,0,closed,cash,1897.0,0.15,
ORD003349,2026-05-28 21:14:43,S01,Ayesha,,takeaway,MAT,Matcha Latte,Coffee,1,720,720.0,0.0,0,0,0,closed,card,756.0,0.05,Ca2c33b664c
ORD003350,2026-05-28 13:01:51,S04,Sara,T7,dine_in,SAL,Garden Salad,Food,1,1250,1250.0,0.0,0,0,0,closed,card,2604.0,0.05,Ce521e2b7f3
ORD003350,2026-05-28 13:01:51,S04,Sara,T7,dine_in,LAT,Cafe Latte,Coffee,1,580,580.0,0.0,0,0,0,closed,card,2604.0,0.05,Ce521e2b7f3
ORD003350,2026-05-28 13:01:51,S04,Sara,T7,dine_in,MOC,Mocha,Coffee,1,650,650.0,0.0,0,0,0,closed,card,2604.0,0.05,Ce521e2b7f3
ORD003351,2026-05-28 16:40:54,S02,Hamza,,takeaway,WTR,Bottled Water,Other,1,150,150.0,0.0,0,0,0,closed,cash,908.0,0.15,
ORD003351,2026-05-28 16:40:54,S02,Hamza,,takeaway,ICL,Iced Latte,Coffee,1,640,640.0,0.0,0,0,0,closed,cash,908.0,0.15,
ORD003352,2026-05-28 16:15:56,S07,Daniyal,T4,dine_in,IMP,Imported Soda,Other,1,480,480.0,0.0,0,0,0,closed,cash,552.0,0.15,
ORD003353,2026-05-28 21:34:04,S07,Daniyal,T9,dine_in,MOC,Mocha,Coffee,1,650,650.0,0.0,0,0,0,closed,cash,747.0,0.15,
ORD003354,2026-05-28 19:17:52,S05,Usman,T4,dine_in,CLB,Cold Brew,Coffee,1,680,680.0,0.0,0,0,0,closed,cash,954.0,0.15,C17a403a366
ORD003354,2026-05-28 19:17:52,S05,Usman,T4,dine_in,WTR,Bottled Water,Other,1,150,150.0,0.0,0,0,0,closed,cash,954.0,0.15,C17a403a366
ORD003355,2026-05-28 14:21:32,S05,Usman,T8,dine_in,WTR,Bottled Water,Other,1,150,150.0,0.0,0,0,0,closed,card,158.0,0.05,Cbcf52aba85
ORD003356,2026-05-28 11:43:22,S03,Bilal,T5,dine_in,FLW,Flat White,Coffee,1,600,600.0,0.0,0,0,0,closed,card,630.0,0.05,Cfb5043ec0c
ORD003357,2026-05-28 15:29:28,S06,Zainab,,takeaway,PNC,Pain au Chocolat,Bakery,1,600,600.0,0.0,0,0,0,closed,cash,690.0,0.15,
ORD003358,2026-05-28 09:25:58,S06,Zainab,,takeaway,CRO,Butter Croissant,Bakery,1,520,520.0,0.0,0,0,0,closed,cash,2266.0,0.15,
ORD003358,2026-05-28 09:25:58,S06,Zainab,,takeaway,AVT,Avocado Toast,Food,1,1450,1450.0,0.0,0,0,0,closed,cash,2266.0,0.15,
ORD003359,2026-05-28 20:50:10,S03,Bilal,T16,dine_in,BFP,Big Breakfast,Food,1,1850,0.0,0.0,1,1,0,partial_void,cash,0.0,0.15,C98aca05acf
ORD003360,2026-05-28 17:02:30,S08,Mahnoor,T4,dine_in,LAT,Cafe Latte,Coffee,1,580,580.0,0.0,0,0,0,closed,qr,1100.0,0.05,Cadc987ad2c
ORD003360,2026-05-28 17:02:30,S08,Mahnoor,T4,dine_in,CRO,Butter Croissant,Bakery,1,520,468.0,52.0,0,0,0,closed,qr,1100.0,0.05,Cadc987ad2c
ORD003361,2026-05-28 16:12:14,S03,Bilal,T9,dine_in,CKE,Slice of Cake,Bakery,1,780,780.0,0.0,0,0,0,closed,cash,897.0,0.15,
ORD003362,2026-05-28 11:28:33,S08,Mahnoor,,takeaway,PNC,Pain au Chocolat,Bakery,1,600,600.0,0.0,0,0,0,closed,wallet,630.0,0.05,C74caaa80b4
ORD003363,2026-05-28 12:59:25,S07,Daniyal,T9,dine_in,LAT,Cafe Latte,Coffee,1,580,580.0,0.0,0,0,0,closed,card,609.0,0.05,Cdf0bd6d485
ORD003364,2026-05-28 10:05:52,S03,Bilal,T7,dine_in,ICL,Iced Latte,Coffee,1,640,512.0,128.0,0,0,0,closed,qr,934.0,0.05,C48bfa448ba
ORD003364,2026-05-28 10:05:52,S03,Bilal,T7,dine_in,ESP,Espresso,Coffee,1,420,378.0,42.0,0,0,0,closed,qr,934.0,0.05,C48bfa448ba
ORD003365,2026-05-28 17:23:27,S08,Mahnoor,T6,dine_in,AVT,Avocado Toast,Food,1,1450,1450.0,0.0,0,0,0,closed,qr,2446.0,0.05,Cadc987ad2c
ORD003365,2026-05-28 17:23:27,S08,Mahnoor,T6,dine_in,CKE2,Cheesecake,Bakery,1,880,880.0,0.0,0,0,0,closed,qr,2446.0,0.05,Cadc987ad2c
ORD003366,2026-05-28 11:51:34,S03,Bilal,,takeaway,CKE,Slice of Cake,Bakery,1,780,0.0,117.0,1,1,0,partial_void,cash,0.0,0.15,C472f86cf4f
ORD003367,2026-05-28 21:32:48,S02,Hamza,T16,dine_in,BFP,Big Breakfast,Food,1,1850,1850.0,0.0,0,0,0,closed,qr,1942.0,0.05,Cfc5da82ed6
ORD003368,2026-05-28 09:03:39,S04,Sara,,takeaway,BFP,Big Breakfast,Food,1,1850,1850.0,0.0,0,0,0,closed,cash,2128.0,0.15,Ccdae6010f7
ORD003369,2026-05-28 20:36:39,S02,Hamza,T11,dine_in,LAT,Cafe Latte,Coffee,1,580,580.0,0.0,0,0,0,closed,card,1155.0,0.05,C48db1936bb
ORD003369,2026-05-28 20:36:39,S02,Hamza,T11,dine_in,CRO,Butter Croissant,Bakery,1,520,520.0,0.0,0,0,0,closed,card,1155.0,0.05,C48db1936bb
ORD003370,2026-05-28 22:48:43,S06,Zainab,,takeaway,SAL,Garden Salad,Food,1,1250,1250.0,0.0,0,0,0,closed,qr,1312.0,0.05,Cc56f049c11
ORD003371,2026-05-28 13:39:30,S03,Bilal,T11,dine_in,AMR,Americano,Coffee,1,480,480.0,0.0,0,0,0,closed,cash,2450.0,0.15,
ORD003371,2026-05-28 13:39:30,S03,Bilal,T11,dine_in,PAS,Pasta,Food,1,1650,1650.0,0.0,0,0,0,closed,cash,2450.0,0.15,
ORD003372,2026-05-28 09:56:18,S06,Zainab,,takeaway,CAP,Cappuccino,Coffee,1,560,560.0,0.0,0,0,0,closed,cash,644.0,0.15,C6a2e726cff
ORD003373,2026-05-28 10:28:42,S08,Mahnoor,T1,dine_in,MAT,Matcha Latte,Coffee,1,720,720.0,0.0,0,0,0,closed,qr,756.0,0.05,C1771e35d2c
ORD003374,2026-05-28 19:00:38,S01,Ayesha,T15,dine_in,LAT,Cafe Latte,Coffee,1,580,493.0,87.0,0,0,0,closed,cash,567.0,0.15,C265b1b1461
ORD003375,2026-05-28 19:16:01,S03,Bilal,T12,dine_in,HOT,Hot Chocolate,Coffee,1,560,448.0,112.0,0,0,0,closed,cash,515.0,0.15,C9a52e0f582
ORD003376,2026-05-28 08:53:20,S07,Daniyal,T5,dine_in,AMR,Americano,Coffee,1,480,480.0,0.0,0,0,0,closed,card,1680.0,0.05,Cb6d515d5b1
ORD003376,2026-05-28 08:53:20,S07,Daniyal,T5,dine_in,ICL,Iced Latte,Coffee,1,640,640.0,0.0,0,0,0,closed,card,1680.0,0.05,Cb6d515d5b1
ORD003376,2026-05-28 08:53:20,S07,Daniyal,T5,dine_in,FLW,Flat White,Coffee,1,600,480.0,120.0,0,0,0,closed,card,1680.0,0.05,Cb6d515d5b1
ORD003377,2026-05-28 13:50:54,S05,Usman,T4,dine_in,CAP,Cappuccino,Coffee,1,560,560.0,0.0,0,0,0,closed,cash,644.0,0.15,
ORD003378,2026-05-28 15:20:25,S04,Sara,,takeaway,WTR,Bottled Water,Other,1,150,150.0,0.0,0,0,0,closed,card,746.0,0.05,C0442555d10
ORD003378,2026-05-28 15:20:25,S04,Sara,,takeaway,CAP,Cappuccino,Coffee,1,560,560.0,0.0,0,0,0,closed,card,746.0,0.05,C0442555d10
ORD003379,2026-05-28 12:12:56,S08,Mahnoor,T16,dine_in,CLB,Cold Brew,Coffee,1,680,680.0,0.0,0,0,0,closed,qr,714.0,0.05,C976a8bae2a
ORD003380,2026-05-28 10:18:41,S05,Usman,,takeaway,WTR,Bottled Water,Other,1,150,150.0,0.0,0,0,0,closed,card,3202.0,0.05,Cd1e93a6d3b
ORD003380,2026-05-28 10:18:41,S05,Usman,,takeaway,AVT,Avocado Toast,Food,2,1450,2900.0,0.0,0,0,0,closed,card,3202.0,0.05,Cd1e93a6d3b
ORD003381,2026-05-28 19:47:21,S04,Sara,T12,dine_in,CAP,Cappuccino,Coffee,1,560,560.0,0.0,0,0,0,closed,wallet,588.0,0.05,Cbcf52aba85
ORD003382,2026-05-29 12:09:30,S08,Mahnoor,T3,dine_in,MOC,Mocha,Coffee,1,650,650.0,0.0,0,0,0,closed,qr,682.0,0.05,C0b90585403
ORD003383,2026-05-29 09:08:28,S03,Bilal,T18,dine_in,CKE,Slice of Cake,Bakery,1,780,780.0,0.0,0,0,0,closed,card,819.0,0.05,C482e4b19c6
ORD003384,2026-05-29 10:40:19,S04,Sara,,takeaway,LAT,Cafe Latte,Coffee,1,580,580.0,0.0,0,0,0,closed,card,1365.0,0.05,C280fc1bab1
ORD003384,2026-05-29 10:40:19,S04,Sara,,takeaway,MAT,Matcha Latte,Coffee,1,720,720.0,0.0,0,0,0,closed,card,1365.0,0.05,C280fc1bab1
ORD003385,2026-05-29 19:59:36,S03,Bilal,T6,dine_in,FLW,Flat White,Coffee,1,600,600.0,0.0,0,0,0,closed,wallet,630.0,0.05,C79868cf055
ORD003386,2026-05-29 17:36:01,S01,Ayesha,T18,dine_in,CAP,Cappuccino,Coffee,1,560,560.0,0.0,0,0,0,closed,qr,588.0,0.05,Cf4895fd9dd
ORD003387,2026-05-29 16:45:32,S07,Daniyal,,takeaway,AMR,Americano,Coffee,1,480,480.0,0.0,0,0,0,closed,card,504.0,0.05,C3ac4264808
ORD003387,2026-05-29 16:45:32,S07,Daniyal,,takeaway,WTR,Bottled Water,Other,1,150,0.0,0.0,0,0,1,closed,card,504.0,0.05,C3ac4264808
ORD003388,2026-05-29 19:59:48,S03,Bilal,T3,dine_in,IMP,Imported Soda,Other,1,480,480.0,0.0,0,0,0,closed,card,504.0,0.05,C9f4d368aff
ORD003389,2026-05-29 21:30:04,S08,Mahnoor,,takeaway,CAP,Cappuccino,Coffee,1,560,560.0,0.0,0,0,0,closed,wallet,588.0,0.05,Cba34fe0fbe
ORD003390,2026-05-29 07:48:48,S08,Mahnoor,,takeaway,FLW,Flat White,Coffee,1,600,600.0,0.0,0,0,0,closed,card,2068.0,0.05,C47c5e28c85
ORD003390,2026-05-29 07:48:48,S08,Mahnoor,,takeaway,MOC,Mocha,Coffee,1,650,650.0,0.0,0,0,0,closed,card,2068.0,0.05,C47c5e28c85
ORD003390,2026-05-29 07:48:48,S08,Mahnoor,,takeaway,MAT,Matcha Latte,Coffee,1,720,720.0,0.0,0,0,0,closed,card,2068.0,0.05,C47c5e28c85
ORD003391,2026-05-29 08:13:14,S02,Hamza,,takeaway,CAP,Cappuccino,Coffee,1,560,560.0,0.0,0,0,0,closed,wallet,588.0,0.05,Ca5c0a2cc4b
ORD003392,2026-05-29 18:28:22,S02,Hamza,T13,dine_in,MAT,Matcha Latte,Coffee,1,720,720.0,0.0,0,0,0,closed,card,1344.0,0.05,C55f6b5c15e
ORD003392,2026-05-29 18:28:22,S02,Hamza,T13,dine_in,HOT,Hot Chocolate,Coffee,1,560,560.0,0.0,0,0,0,closed,card,1344.0,0.05,C55f6b5c15e
ORD003393,2026-05-29 20:33:25,S01,Ayesha,T17,dine_in,CLB,Cold Brew,Coffee,1,680,680.0,0.0,0,0,0,closed,card,2446.0,0.05,Cc07b88420a
ORD003393,2026-05-29 20:33:25,S01,Ayesha,T17,dine_in,PAS,Pasta,Food,1,1650,1650.0,0.0,0,0,0,closed,card,2446.0,0.05,Cc07b88420a
ORD003394,2026-05-29 14:16:59,S06,Zainab,T7,dine_in,ESP,Espresso,Coffee,1,420,420.0,0.0,0,0,0,closed,wallet,441.0,0.05,C6dfb2713f9
ORD003395,2026-05-29 17:21:50,S05,Usman,,takeaway,LAT,Cafe Latte,Coffee,1,580,0.0,0.0,0,0,1,closed,cash,580.0,0.15,
ORD003395,2026-05-29 17:21:50,S05,Usman,,takeaway,CAP,Cappuccino,Coffee,1,560,504.0,56.0,0,0,0,closed,cash,580.0,0.15,
ORD003396,2026-05-29 10:04:15,S07,Daniyal,T10,dine_in,ESP,Espresso,Coffee,1,420,420.0,0.0,0,0,0,closed,qr,1071.0,0.05,Ca4c85907e3
ORD003396,2026-05-29 10:04:15,S07,Daniyal,T10,dine_in,FLW,Flat White,Coffee,1,600,600.0,0.0,0,0,0,closed,qr,1071.0,0.05,Ca4c85907e3
ORD003397,2026-05-29 15:19:11,S06,Zainab,,takeaway,BFP,Big Breakfast,Food,1,1850,1850.0,0.0,0,0,0,closed,card,1942.0,0.05,C7bfa0588ba
ORD003398,2026-05-29 19:51:06,S08,Mahnoor,T12,dine_in,CAP,Cappuccino,Coffee,1,560,560.0,0.0,0,0,0,closed,qr,588.0,0.05,C1173024c92
ORD003398,2026-05-29 19:51:06,S08,Mahnoor,T12,dine_in,LAT,Cafe Latte,Coffee,1,580,0.0,0.0,1,1,0,partial_void,qr,588.0,0.05,C1173024c92
ORD003399,2026-05-29 20:09:45,S04,Sara,T17,dine_in,IMP,Imported Soda,Other,1,480,480.0,0.0,0,0,0,closed,qr,1050.0,0.05,Cf821f97400
ORD003399,2026-05-29 20:09:45,S04,Sara,T17,dine_in,CRO,Butter Croissant,Bakery,1,520,520.0,0.0,0,0,0,closed,qr,1050.0,0.05,Cf821f97400
ORD003400,2026-05-29 10:30:01,S01,Ayesha,T7,dine_in,CAP,Cappuccino,Coffee,1,560,560.0,0.0,0,0,0,closed,cash,644.0,0.15,
ORD003401,2026-05-29 08:29:53,S05,Usman,T8,dine_in,SAN,Chicken Sandwich,Food,1,1350,1350.0,0.0,0,0,0,closed,card,2048.0,0.05,Cc091a432e4
ORD003401,2026-05-29 08:29:53,S05,Usman,T8,dine_in,FLW,Flat White,Coffee,1,600,600.0,0.0,0,0,0,closed,card,2048.0,0.05,Cc091a432e4
ORD003402,2026-05-29 18:54:00,S02,Hamza,T14,dine_in,LAT,Cafe Latte,Coffee,1,580,580.0,0.0,0,0,0,closed,card,1659.0,0.05,Cdf0bd6d485
ORD003402,2026-05-29 18:54:00,S02,Hamza,T14,dine_in,AMR,Americano,Coffee,1,480,480.0,0.0,0,0,0,closed,card,1659.0,0.05,Cdf0bd6d485
ORD003402,2026-05-29 18:54:00,S02,Hamza,T14,dine_in,CRO,Butter Croissant,Bakery,1,520,520.0,0.0,0,0,0,closed,card,1659.0,0.05,Cdf0bd6d485
ORD003403,2026-05-29 21:17:48,S05,Usman,T2,dine_in,PAS,Pasta,Food,1,1650,1650.0,0.0,0,0,0,closed,cash,2431.0,0.15,C482e4b19c6
ORD003403,2026-05-29 21:17:48,S05,Usman,T2,dine_in,LAT,Cafe Latte,Coffee,1,580,464.0,116.0,0,0,0,closed,cash,2431.0,0.15,C482e4b19c6
ORD003404,2026-05-29 12:42:33,S07,Daniyal,T17,dine_in,MOC,Mocha,Coffee,1,650,650.0,0.0,0,0,0,closed,cash,747.0,0.15,C6b051e9554
ORD003405,2026-05-29 19:19:09,S03,Bilal,T11,dine_in,CAP,Cappuccino,Coffee,1,560,560.0,0.0,0,0,0,closed,card,1302.0,0.05,C5e84ae37df
ORD003405,2026-05-29 19:19:09,S03,Bilal,T11,dine_in,CLB,Cold Brew,Coffee,1,680,680.0,0.0,0,0,0,closed,card,1302.0,0.05,C5e84ae37df
ORD003406,2026-05-29 13:57:22,S03,Bilal,T4,dine_in,FLW,Flat White,Coffee,1,600,600.0,0.0,0,0,0,closed,qr,630.0,0.05,Cf89dc40fba
ORD003407,2026-05-29 20:56:31,S08,Mahnoor,,takeaway,ICL,Iced Latte,Coffee,1,640,640.0,0.0,0,0,0,closed,card,1491.0,0.05,Cdf99103aeb
ORD003407,2026-05-29 20:56:31,S08,Mahnoor,,takeaway,CKE,Slice of Cake,Bakery,1,780,780.0,0.0,0,0,0,closed,card,1491.0,0.05,Cdf99103aeb
ORD003408,2026-05-29 10:12:40,S05,Usman,,takeaway,AVT,Avocado Toast,Food,2,1450,2900.0,0.0,0,0,0,closed,qr,3045.0,0.05,C47ab0dca2b
ORD003409,2026-05-29 12:22:19,S07,Daniyal,,takeaway,CRO,Butter Croissant,Bakery,1,520,520.0,0.0,0,0,0,closed,qr,546.0,0.05,Ceeb466a4a4
ORD003410,2026-05-29 20:48:32,S06,Zainab,,takeaway,CKE,Slice of Cake,Bakery,1,780,780.0,0.0,0,0,0,closed,qr,1365.0,0.05,Cd3471fbdc8
ORD003410,2026-05-29 20:48:32,S06,Zainab,,takeaway,CRO,Butter Croissant,Bakery,1,520,520.0,0.0,0,0,0,closed,qr,1365.0,0.05,Cd3471fbdc8
ORD003411,2026-05-29 13:01:29,S06,Zainab,T13,dine_in,FLW,Flat White,Coffee,1,600,600.0,0.0,0,0,0,closed,card,3076.0,0.05,C460e587674
ORD003411,2026-05-29 13:01:29,S06,Zainab,T13,dine_in,BFP,Big Breakfast,Food,1,1850,1850.0,0.0,0,0,0,closed,card,3076.0,0.05,C460e587674
ORD003411,2026-05-29 13:01:29,S06,Zainab,T13,dine_in,AMR,Americano,Coffee,1,480,480.0,0.0,0,0,0,closed,card,3076.0,0.05,C460e587674
ORD003412,2026-05-29 14:04:31,S02,Hamza,,takeaway,CKE2,Cheesecake,Bakery,1,880,880.0,0.0,0,0,0,closed,cash,2910.0,0.15,Ca376152b0e
ORD003412,2026-05-29 14:04:31,S02,Hamza,,takeaway,PAS,Pasta,Food,1,1650,1650.0,0.0,0,0,0,closed,cash,2910.0,0.15,Ca376152b0e
ORD003413,2026-05-29 07:49:06,S07,Daniyal,,takeaway,LAT,Cafe Latte,Coffee,1,580,580.0,0.0,0,0,0,closed,qr,609.0,0.05,Ca376152b0e
ORD003414,2026-05-29 17:38:52,S05,Usman,,takeaway,LAT,Cafe Latte,Coffee,1,580,580.0,0.0,0,0,0,closed,card,609.0,0.05,C7852720fbd
ORD003415,2026-05-29 18:08:21,S08,Mahnoor,T5,dine_in,WTR,Bottled Water,Other,1,150,150.0,0.0,0,0,0,closed,card,158.0,0.05,C74caaa80b4
ORD003416,2026-05-29 17:20:26,S05,Usman,,takeaway,AVT,Avocado Toast,Food,1,1450,1160.0,290.0,0,0,0,closed,card,1218.0,0.05,C976a8bae2a
ORD003417,2026-05-29 07:50:04,S07,Daniyal,,takeaway,HOT,Hot Chocolate,Coffee,1,560,560.0,0.0,0,0,0,closed,cash,1380.0,0.15,
ORD003417,2026-05-29 07:50:04,S07,Daniyal,,takeaway,ICL,Iced Latte,Coffee,1,640,640.0,0.0,0,0,0,closed,cash,1380.0,0.15,
ORD003418,2026-05-29 07:14:06,S03,Bilal,T15,dine_in,LAT,Cafe Latte,Coffee,1,580,493.0,87.0,0,0,0,closed,card,518.0,0.05,Cc4193a4bd3
ORD003419,2026-05-29 22:44:00,S08,Mahnoor,,takeaway,PNC,Pain au Chocolat,Bakery,1,600,600.0,0.0,0,0,0,closed,cash,690.0,0.15,
ORD003420,2026-05-29 14:26:35,S02,Hamza,T10,dine_in,FLW,Flat White,Coffee,1,600,600.0,0.0,0,0,0,closed,wallet,1260.0,0.05,C0633867ad1
ORD003420,2026-05-29 14:26:35,S02,Hamza,T10,dine_in,PNC,Pain au Chocolat,Bakery,1,600,600.0,0.0,0,0,0,closed,wallet,1260.0,0.05,C0633867ad1
ORD003421,2026-05-29 09:42:33,S05,Usman,T10,dine_in,WTR,Bottled Water,Other,1,150,150.0,0.0,0,0,0,closed,card,976.0,0.05,C58cf770e72
ORD003421,2026-05-29 09:42:33,S05,Usman,T10,dine_in,CKE,Slice of Cake,Bakery,1,780,780.0,0.0,0,0,0,closed,card,976.0,0.05,C58cf770e72
ORD003422,2026-05-29 08:48:46,S05,Usman,T9,dine_in,CRO,Butter Croissant,Bakery,1,520,520.0,0.0,0,0,0,closed,cash,1380.0,0.15,
ORD003422,2026-05-29 08:48:46,S05,Usman,T9,dine_in,CLB,Cold Brew,Coffee,1,680,680.0,0.0,0,0,0,closed,cash,1380.0,0.15,
ORD003423,2026-05-29 10:13:46,S05,Usman,T16,dine_in,FLW,Flat White,Coffee,1,600,600.0,0.0,0,0,0,closed,card,630.0,0.05,Caf351da373
ORD003424,2026-05-29 08:29:15,S06,Zainab,T9,dine_in,WTR,Bottled Water,Other,1,150,150.0,0.0,0,0,0,closed,cash,1552.0,0.15,
ORD003424,2026-05-29 08:29:15,S06,Zainab,T9,dine_in,CLB,Cold Brew,Coffee,1,680,680.0,0.0,0,0,0,closed,cash,1552.0,0.15,
ORD003424,2026-05-29 08:29:15,S06,Zainab,T9,dine_in,CRO,Butter Croissant,Bakery,1,520,520.0,0.0,0,0,0,closed,cash,1552.0,0.15,
ORD003425,2026-05-29 11:11:28,S08,Mahnoor,T13,dine_in,CAP,Cappuccino,Coffee,1,560,560.0,0.0,0,0,0,closed,cash,644.0,0.15,C17a403a366
ORD003426,2026-05-29 20:46:21,S03,Bilal,T3,dine_in,CKE2,Cheesecake,Bakery,1,880,704.0,176.0,0,0,0,closed,wallet,739.0,0.05,Cc1979a2da5
ORD003427,2026-05-29 09:08:59,S01,Ayesha,T18,dine_in,MOC,Mocha,Coffee,1,650,585.0,65.0,0,0,0,closed,cash,1156.0,0.15,Cdf0bd6d485
ORD003427,2026-05-29 09:08:59,S01,Ayesha,T18,dine_in,ESP,Espresso,Coffee,1,420,420.0,0.0,0,0,0,closed,cash,1156.0,0.15,Cdf0bd6d485
ORD003428,2026-05-29 16:48:12,S07,Daniyal,,takeaway,CRO,Butter Croissant,Bakery,1,520,520.0,0.0,0,0,0,closed,cash,1932.0,0.15,
ORD003428,2026-05-29 16:48:12,S07,Daniyal,,takeaway,CRO,Butter Croissant,Bakery,1,520,520.0,0.0,0,0,0,closed,cash,1932.0,0.15,
ORD003428,2026-05-29 16:48:12,S07,Daniyal,,takeaway,ICL,Iced Latte,Coffee,1,640,640.0,0.0,0,0,0,closed,cash,1932.0,0.15,
ORD003429,2026-05-29 20:31:31,S04,Sara,T11,dine_in,LAT,Cafe Latte,Coffee,1,580,580.0,0.0,0,0,0,closed,cash,667.0,0.15,
ORD003430,2026-05-29 10:25:14,S04,Sara,,takeaway,CAP,Cappuccino,Coffee,1,560,560.0,0.0,0,0,0,closed,card,1197.0,0.05,Ca77d93ef85
ORD003430,2026-05-29 10:25:14,S04,Sara,,takeaway,LAT,Cafe Latte,Coffee,1,580,580.0,0.0,0,0,0,closed,card,1197.0,0.05,Ca77d93ef85
ORD003431,2026-05-29 19:42:36,S02,Hamza,T9,dine_in,LAT,Cafe Latte,Coffee,1,580,580.0,0.0,0,0,0,closed,wallet,609.0,0.05,C07c00a7dd7
ORD003432,2026-05-29 22:30:43,S05,Usman,,takeaway,CAP,Cappuccino,Coffee,1,560,560.0,0.0,0,0,0,closed,wallet,588.0,0.05,C74caaa80b4
ORD003433,2026-05-29 08:14:19,S06,Zainab,T11,dine_in,IMP,Imported Soda,Other,1,480,480.0,0.0,0,0,0,closed,card,504.0,0.05,Cb671d7d25f
ORD003434,2026-05-29 10:02:21,S07,Daniyal,T12,dine_in,HOT,Hot Chocolate,Coffee,1,560,560.0,0.0,0,0,0,closed,cash,644.0,0.15,
ORD003435,2026-05-29 07:19:24,S08,Mahnoor,,takeaway,ICL,Iced Latte,Coffee,1,640,640.0,0.0,0,0,0,closed,wallet,1260.0,0.05,C4cdda00be6
ORD003435,2026-05-29 07:19:24,S08,Mahnoor,,takeaway,CAP,Cappuccino,Coffee,1,560,560.0,0.0,0,0,0,closed,wallet,1260.0,0.05,C4cdda00be6
ORD003436,2026-05-29 22:40:41,S03,Bilal,T17,dine_in,MOC,Mocha,Coffee,1,650,650.0,0.0,0,0,0,closed,qr,682.0,0.05,Cbcf52aba85
ORD003437,2026-05-29 19:49:52,S08,Mahnoor,T14,dine_in,ICL,Iced Latte,Coffee,1,640,640.0,0.0,0,0,0,closed,wallet,672.0,0.05,C243a759cbf
ORD003438,2026-05-29 07:42:35,S03,Bilal,T16,dine_in,ICL,Iced Latte,Coffee,1,640,576.0,64.0,0,0,0,closed,qr,605.0,0.05,C0f8251e144
ORD003438,2026-05-29 07:42:35,S03,Bilal,T16,dine_in,AMR,Americano,Coffee,1,480,0.0,0.0,1,0,0,partial_void,qr,605.0,0.05,C0f8251e144
ORD003439,2026-05-29 07:37:51,S05,Usman,,takeaway,AVT,Avocado Toast,Food,1,1450,1450.0,0.0,0,0,0,closed,cash,1667.0,0.15,
ORD003440,2026-05-29 11:57:28,S05,Usman,T12,dine_in,FLW,Flat White,Coffee,1,600,600.0,0.0,0,0,0,closed,card,630.0,0.05,Cadc987ad2c
ORD003441,2026-05-29 18:41:29,S01,Ayesha,T2,dine_in,PAS,Pasta,Food,1,1650,1650.0,0.0,0,0,0,closed,wallet,1732.0,0.05,Ccdae6010f7
ORD003442,2026-05-29 18:16:25,S01,Ayesha,,takeaway,MOC,Mocha,Coffee,1,650,650.0,0.0,0,0,0,closed,card,682.0,0.05,Cc1d00eebe7
ORD003443,2026-05-29 22:57:11,S07,Daniyal,,takeaway,ESP,Espresso,Coffee,1,420,420.0,0.0,0,0,0,closed,card,441.0,0.05,C862b14839d
ORD003444,2026-05-29 21:47:37,S06,Zainab,,takeaway,BFP,Big Breakfast,Food,1,1850,1850.0,0.0,0,0,0,closed,cash,2875.0,0.15,C49e1d6c4d1
ORD003444,2026-05-29 21:47:37,S06,Zainab,,takeaway,MOC,Mocha,Coffee,1,650,650.0,0.0,0,0,0,closed,cash,2875.0,0.15,C49e1d6c4d1
ORD003445,2026-05-29 15:25:39,S02,Hamza,T14,dine_in,FLW,Flat White,Coffee,1,600,600.0,0.0,0,0,0,closed,card,756.0,0.05,Caf351da373
ORD003445,2026-05-29 15:25:39,S02,Hamza,T14,dine_in,WTR,Bottled Water,Other,1,150,120.0,30.0,0,0,0,closed,card,756.0,0.05,Caf351da373
ORD003446,2026-05-29 13:25:09,S08,Mahnoor,T11,dine_in,AMR,Americano,Coffee,1,480,480.0,0.0,0,0,0,closed,card,504.0,0.05,C5d90c0fdc3
ORD003447,2026-05-29 20:03:45,S06,Zainab,T14,dine_in,MOC,Mocha,Coffee,1,650,650.0,0.0,0,0,0,closed,card,682.0,0.05,C768fb97f01
ORD003448,2026-05-29 20:16:26,S02,Hamza,T9,dine_in,SAN,Chicken Sandwich,Food,1,1350,1148.0,202.0,0,0,0,closed,cash,1918.0,0.15,
ORD003448,2026-05-29 20:16:26,S02,Hamza,T9,dine_in,CRO,Butter Croissant,Bakery,1,520,520.0,0.0,0,0,0,closed,cash,1918.0,0.15,
ORD003449,2026-05-29 19:14:46,S03,Bilal,T15,dine_in,LAT,Cafe Latte,Coffee,1,580,580.0,0.0,0,0,0,closed,wallet,609.0,0.05,C197075b935
ORD003450,2026-05-29 14:24:46,S01,Ayesha,T18,dine_in,CRO,Butter Croissant,Bakery,1,520,520.0,0.0,0,0,0,closed,qr,1365.0,0.05,C153064c6a0
ORD003450,2026-05-29 14:24:46,S01,Ayesha,T18,dine_in,CKE,Slice of Cake,Bakery,1,780,780.0,0.0,0,0,0,closed,qr,1365.0,0.05,C153064c6a0
ORD003450,2026-05-29 14:24:46,S01,Ayesha,T18,dine_in,PAS,Pasta,Food,1,1650,0.0,0.0,1,1,0,partial_void,qr,1365.0,0.05,C153064c6a0
ORD003451,2026-05-29 07:35:27,S06,Zainab,T18,dine_in,CKE,Slice of Cake,Bakery,1,780,780.0,0.0,0,0,0,closed,card,1323.0,0.05,Cbf1fa8f7c6
ORD003451,2026-05-29 07:35:27,S06,Zainab,T18,dine_in,AMR,Americano,Coffee,1,480,480.0,0.0,0,0,0,closed,card,1323.0,0.05,Cbf1fa8f7c6
ORD003452,2026-05-29 18:25:12,S02,Hamza,T5,dine_in,AMR,Americano,Coffee,1,480,480.0,0.0,0,0,0,closed,wallet,504.0,0.05,C200e9ac2ad
ORD003453,2026-05-29 08:57:01,S05,Usman,,takeaway,ICL,Iced Latte,Coffee,1,640,640.0,0.0,0,0,0,closed,cash,1288.0,0.15,
ORD003453,2026-05-29 08:57:01,S05,Usman,,takeaway,AMR,Americano,Coffee,1,480,480.0,0.0,0,0,0,closed,cash,1288.0,0.15,
ORD003454,2026-05-29 21:47:31,S08,Mahnoor,,takeaway,CKE,Slice of Cake,Bakery,1,780,780.0,0.0,0,0,0,closed,cash,1541.0,0.15,C77ae45bf0e
ORD003454,2026-05-29 21:47:31,S08,Mahnoor,,takeaway,CAP,Cappuccino,Coffee,1,560,560.0,0.0,0,0,0,closed,cash,1541.0,0.15,C77ae45bf0e
ORD003455,2026-05-29 12:45:00,S06,Zainab,T16,dine_in,WTR,Bottled Water,Other,1,150,150.0,0.0,0,0,0,closed,cash,172.0,0.15,
ORD003456,2026-05-29 10:37:27,S05,Usman,,takeaway,MAT,Matcha Latte,Coffee,1,720,720.0,0.0,0,0,0,closed,cash,828.0,0.15,C651e9754b8
ORD003457,2026-05-29 08:53:15,S07,Daniyal,,takeaway,CLB,Cold Brew,Coffee,1,680,680.0,0.0,0,0,0,closed,wallet,1848.0,0.05,C1519ff9d51
ORD003457,2026-05-29 08:53:15,S07,Daniyal,,takeaway,FLW,Flat White,Coffee,1,600,600.0,0.0,0,0,0,closed,wallet,1848.0,0.05,C1519ff9d51
ORD003457,2026-05-29 08:53:15,S07,Daniyal,,takeaway,IMP,Imported Soda,Other,1,480,480.0,0.0,0,0,0,closed,wallet,1848.0,0.05,C1519ff9d51
ORD003458,2026-05-29 07:41:04,S01,Ayesha,T10,dine_in,SAL,Garden Salad,Food,1,1250,1250.0,0.0,0,0,0,closed,cash,1438.0,0.15,Cd5e2cbe7ca
ORD003459,2026-05-29 22:45:43,S04,Sara,,takeaway,CKE,Slice of Cake,Bakery,1,780,780.0,0.0,0,0,0,closed,card,819.0,0.05,C5d90c0fdc3
ORD003460,2026-05-29 08:14:09,S03,Bilal,,takeaway,WTR,Bottled Water,Other,1,150,0.0,0.0,1,0,0,partial_void,wallet,0.0,0.05,C678022e345
ORD003461,2026-05-29 19:07:00,S04,Sara,T9,dine_in,LAT,Cafe Latte,Coffee,1,580,580.0,0.0,0,0,0,closed,card,609.0,0.05,C96285ec529
ORD003462,2026-05-29 12:30:47,S08,Mahnoor,T7,dine_in,AMR,Americano,Coffee,1,480,480.0,0.0,0,0,0,closed,cash,1150.0,0.15,
ORD003462,2026-05-29 12:30:47,S08,Mahnoor,T7,dine_in,CRO,Butter Croissant,Bakery,1,520,520.0,0.0,0,0,0,closed,cash,1150.0,0.15,
ORD003463,2026-05-29 16:45:51,S03,Bilal,,takeaway,CKE2,Cheesecake,Bakery,1,880,880.0,0.0,0,0,0,closed,card,924.0,0.05,C1771e35d2c
ORD003464,2026-05-29 10:13:06,S01,Ayesha,,takeaway,PAS,Pasta,Food,2,1650,3300.0,0.0,0,0,0,closed,wallet,3465.0,0.05,C19d751a040
ORD003465,2026-05-29 20:05:44,S08,Mahnoor,,takeaway,IMP,Imported Soda,Other,1,480,480.0,0.0,0,0,0,closed,cash,552.0,0.15,
ORD003466,2026-05-29 20:23:50,S02,Hamza,T3,dine_in,CKE,Slice of Cake,Bakery,1,780,780.0,0.0,0,0,0,closed,cash,897.0,0.15,
ORD003467,2026-05-29 14:13:03,S07,Daniyal,T4,dine_in,FLW,Flat White,Coffee,1,600,600.0,0.0,0,0,0,closed,cash,1334.0,0.15,
ORD003467,2026-05-29 14:13:03,S07,Daniyal,T4,dine_in,CAP,Cappuccino,Coffee,1,560,560.0,0.0,0,0,0,closed,cash,1334.0,0.15,
ORD003468,2026-05-29 21:52:23,S05,Usman,T1,dine_in,FLW,Flat White,Coffee,1,600,600.0,0.0,0,0,0,closed,cash,862.0,0.15,C23c60fd394
ORD003468,2026-05-29 21:52:23,S05,Usman,T1,dine_in,WTR,Bottled Water,Other,1,150,150.0,0.0,0,0,0,closed,cash,862.0,0.15,C23c60fd394
ORD003469,2026-05-29 07:56:33,S08,Mahnoor,T15,dine_in,SAN,Chicken Sandwich,Food,1,1350,1350.0,0.0,0,0,0,closed,card,1418.0,0.05,C651e9754b8
ORD003470,2026-05-29 07:55:11,S02,Hamza,T16,dine_in,LAT,Cafe Latte,Coffee,1,580,580.0,0.0,0,0,0,closed,wallet,609.0,0.05,Cadc75d3967
ORD003471,2026-05-29 20:11:29,S05,Usman,,takeaway,AMR,Americano,Coffee,1,480,480.0,0.0,0,0,0,closed,wallet,504.0,0.05,C11bb8c3a8a
ORD003472,2026-05-29 10:54:02,S05,Usman,T4,dine_in,CKE,Slice of Cake,Bakery,1,780,780.0,0.0,0,0,0,closed,card,819.0,0.05,C49e1d6c4d1
ORD003473,2026-05-29 18:53:19,S06,Zainab,,takeaway,FLW,Flat White,Coffee,1,600,600.0,0.0,0,0,0,closed,cash,690.0,0.15,
ORD003474,2026-05-29 18:57:56,S01,Ayesha,,takeaway,ICL,Iced Latte,Coffee,1,640,640.0,0.0,0,0,0,closed,wallet,1354.0,0.05,C04b8757a8c
ORD003474,2026-05-29 18:57:56,S01,Ayesha,,takeaway,MOC,Mocha,Coffee,1,650,650.0,0.0,0,0,0,closed,wallet,1354.0,0.05,C04b8757a8c
ORD003475,2026-05-29 13:42:02,S05,Usman,T9,dine_in,AMR,Americano,Coffee,1,480,480.0,0.0,0,0,0,closed,wallet,504.0,0.05,C6694a28353
ORD003476,2026-05-29 20:47:55,S06,Zainab,T18,dine_in,PAS,Pasta,Food,1,1650,1650.0,0.0,0,0,0,closed,cash,2380.0,0.15,
ORD003476,2026-05-29 20:47:55,S06,Zainab,T18,dine_in,ESP,Espresso,Coffee,1,420,420.0,0.0,0,0,0,closed,cash,2380.0,0.15,
ORD003477,2026-05-29 18:28:38,S06,Zainab,T6,dine_in,MAT,Matcha Latte,Coffee,1,720,720.0,0.0,0,0,0,closed,qr,756.0,0.05,C153064c6a0
ORD003478,2026-05-29 07:40:10,S01,Ayesha,T9,dine_in,LAT,Cafe Latte,Coffee,1,580,580.0,0.0,0,0,0,closed,card,2992.0,0.05,C48db1936bb
ORD003478,2026-05-29 07:40:10,S01,Ayesha,T9,dine_in,ESP,Espresso,Coffee,1,420,420.0,0.0,0,0,0,closed,card,2992.0,0.05,C48db1936bb
ORD003478,2026-05-29 07:40:10,S01,Ayesha,T9,dine_in,BFP,Big Breakfast,Food,1,1850,1850.0,0.0,0,0,0,closed,card,2992.0,0.05,C48db1936bb
ORD003479,2026-05-29 11:19:53,S07,Daniyal,T4,dine_in,ICL,Iced Latte,Coffee,1,640,640.0,0.0,0,0,0,closed,cash,2174.0,0.15,Cfb242cf811
ORD003479,2026-05-29 11:19:53,S07,Daniyal,T4,dine_in,SAL,Garden Salad,Food,1,1250,1250.0,0.0,0,0,0,closed,cash,2174.0,0.15,Cfb242cf811
ORD003480,2026-05-29 08:16:01,S01,Ayesha,T11,dine_in,SAN,Chicken Sandwich,Food,1,1350,1215.0,135.0,0,0,0,closed,cash,1949.0,0.15,
ORD003480,2026-05-29 08:16:01,S01,Ayesha,T11,dine_in,AMR,Americano,Coffee,1,480,480.0,0.0,0,0,0,closed,cash,1949.0,0.15,
ORD003481,2026-05-29 15:23:41,S08,Mahnoor,,takeaway,LAT,Cafe Latte,Coffee,1,580,580.0,0.0,0,0,0,closed,cash,667.0,0.15,
ORD003482,2026-05-29 18:51:27,S05,Usman,T10,dine_in,FLW,Flat White,Coffee,1,600,600.0,0.0,0,0,0,closed,cash,1438.0,0.15,
ORD003482,2026-05-29 18:51:27,S05,Usman,T10,dine_in,MOC,Mocha,Coffee,1,650,650.0,0.0,0,0,0,closed,cash,1438.0,0.15,
ORD003483,2026-05-29 10:39:50,S04,Sara,T5,dine_in,BFP,Big Breakfast,Food,1,1850,1850.0,0.0,0,0,0,closed,card,1942.0,0.05,C1771e35d2c
ORD003483,2026-05-29 10:39:50,S04,Sara,T5,dine_in,CKE2,Cheesecake,Bakery,1,880,0.0,0.0,1,1,0,partial_void,card,1942.0,0.05,C1771e35d2c
ORD003484,2026-05-29 17:23:57,S03,Bilal,,takeaway,PNC,Pain au Chocolat,Bakery,1,600,600.0,0.0,0,0,0,closed,cash,690.0,0.15,
ORD003485,2026-05-29 17:09:38,S01,Ayesha,T1,dine_in,LAT,Cafe Latte,Coffee,1,580,580.0,0.0,0,0,0,closed,card,1197.0,0.05,Ccdae6010f7
ORD003485,2026-05-29 17:09:38,S01,Ayesha,T1,dine_in,CAP,Cappuccino,Coffee,1,560,560.0,0.0,0,0,0,closed,card,1197.0,0.05,Ccdae6010f7
ORD003486,2026-05-29 11:54:26,S04,Sara,T10,dine_in,AMR,Americano,Coffee,1,480,480.0,0.0,0,0,0,closed,cash,552.0,0.15,
ORD003487,2026-05-29 20:21:57,S06,Zainab,T17,dine_in,MAT,Matcha Latte,Coffee,1,720,720.0,0.0,0,0,0,closed,card,756.0,0.05,Cadc75d3967
ORD003488,2026-05-29 11:37:56,S06,Zainab,,takeaway,AVT,Avocado Toast,Food,1,1450,1450.0,0.0,0,0,0,closed,cash,1667.0,0.15,
ORD003489,2026-05-29 12:09:34,S05,Usman,T17,dine_in,AVT,Avocado Toast,Food,1,1450,1450.0,0.0,0,0,0,closed,wallet,2278.0,0.05,Cf75f1d84fe
ORD003489,2026-05-29 12:09:34,S05,Usman,T17,dine_in,MAT,Matcha Latte,Coffee,1,720,720.0,0.0,0,0,0,closed,wallet,2278.0,0.05,Cf75f1d84fe
ORD003490,2026-05-29 09:15:56,S03,Bilal,T10,dine_in,CRO,Butter Croissant,Bakery,1,520,0.0,0.0,1,1,0,partial_void,card,0.0,0.05,Cf7a6863213
ORD003491,2026-05-30 17:01:32,S02,Hamza,T9,dine_in,CKE2,Cheesecake,Bakery,1,880,880.0,0.0,0,0,0,closed,cash,2680.0,0.15,
ORD003491,2026-05-30 17:01:32,S02,Hamza,T9,dine_in,AVT,Avocado Toast,Food,1,1450,1450.0,0.0,0,0,0,closed,cash,2680.0,0.15,
ORD003492,2026-05-30 21:37:36,S05,Usman,,takeaway,IMP,Imported Soda,Other,1,480,480.0,0.0,0,0,0,closed,cash,1049.0,0.15,Cc7df2748bb
ORD003492,2026-05-30 21:37:36,S05,Usman,,takeaway,AMR,Americano,Coffee,1,480,432.0,48.0,0,0,0,closed,cash,1049.0,0.15,Cc7df2748bb
ORD003493,2026-05-30 21:14:13,S06,Zainab,T7,dine_in,AVT,Avocado Toast,Food,1,1450,1450.0,0.0,0,0,0,closed,wallet,1522.0,0.05,Cd923cf20c8
ORD003494,2026-05-30 07:57:16,S02,Hamza,,takeaway,CAP,Cappuccino,Coffee,1,560,560.0,0.0,0,0,0,closed,cash,644.0,0.15,
ORD003495,2026-05-30 14:48:42,S04,Sara,T14,dine_in,LAT,Cafe Latte,Coffee,1,580,580.0,0.0,0,0,0,closed,cash,667.0,0.15,C3a7a2f7c00
ORD003496,2026-05-30 10:17:20,S08,Mahnoor,T14,dine_in,CRO,Butter Croissant,Bakery,1,520,442.0,78.0,0,0,0,closed,cash,681.0,0.15,
ORD003496,2026-05-30 10:17:20,S08,Mahnoor,T14,dine_in,WTR,Bottled Water,Other,1,150,150.0,0.0,0,0,0,closed,cash,681.0,0.15,
ORD003497,2026-05-30 08:23:48,S04,Sara,T6,dine_in,PNC,Pain au Chocolat,Bakery,1,600,510.0,90.0,0,0,0,closed,card,536.0,0.05,Cd923cf20c8
ORD003498,2026-05-30 10:13:09,S04,Sara,T6,dine_in,ICL,Iced Latte,Coffee,1,640,640.0,0.0,0,0,0,closed,cash,2369.0,0.15,
ORD003498,2026-05-30 10:13:09,S04,Sara,T6,dine_in,ICL,Iced Latte,Coffee,1,640,640.0,0.0,0,0,0,closed,cash,2369.0,0.15,
ORD003498,2026-05-30 10:13:09,S04,Sara,T6,dine_in,CKE,Slice of Cake,Bakery,1,780,780.0,0.0,0,0,0,closed,cash,2369.0,0.15,
ORD003499,2026-05-30 20:51:17,S01,Ayesha,T7,dine_in,MOC,Mocha,Coffee,1,650,650.0,0.0,0,0,0,closed,card,1354.0,0.05,Cc0f50e9364
ORD003499,2026-05-30 20:51:17,S01,Ayesha,T7,dine_in,ICL,Iced Latte,Coffee,1,640,640.0,0.0,0,0,0,closed,card,1354.0,0.05,Cc0f50e9364
ORD003500,2026-05-30 11:47:20,S05,Usman,T14,dine_in,MAT,Matcha Latte,Coffee,1,720,720.0,0.0,0,0,0,closed,card,756.0,0.05,C6b051e9554
ORD003501,2026-05-30 12:03:05,S04,Sara,T3,dine_in,CAP,Cappuccino,Coffee,1,560,560.0,0.0,0,0,0,closed,cash,644.0,0.15,
ORD003502,2026-05-30 22:37:17,S02,Hamza,T16,dine_in,LAT,Cafe Latte,Coffee,1,580,580.0,0.0,0,0,0,closed,cash,667.0,0.15,Cfde3905dc5
ORD003503,2026-05-30 20:38:06,S07,Daniyal,T13,dine_in,PNC,Pain au Chocolat,Bakery,1,600,600.0,0.0,0,0,0,closed,card,1134.0,0.05,C59d132966a
ORD003503,2026-05-30 20:38:06,S07,Daniyal,T13,dine_in,AMR,Americano,Coffee,1,480,480.0,0.0,0,0,0,closed,card,1134.0,0.05,C59d132966a
ORD003504,2026-05-30 17:30:32,S08,Mahnoor,,takeaway,CRO,Butter Croissant,Bakery,1,520,520.0,0.0,0,0,0,closed,cash,598.0,0.15,
ORD003505,2026-05-30 17:47:24,S03,Bilal,T17,dine_in,FLW,Flat White,Coffee,1,600,600.0,0.0,0,0,0,closed,cash,3714.0,0.15,C2737bf1092
ORD003505,2026-05-30 17:47:24,S03,Bilal,T17,dine_in,CKE,Slice of Cake,Bakery,1,780,780.0,0.0,0,0,0,closed,cash,3714.0,0.15,C2737bf1092
ORD003505,2026-05-30 17:47:24,S03,Bilal,T17,dine_in,BFP,Big Breakfast,Food,1,1850,1850.0,0.0,0,0,0,closed,cash,3714.0,0.15,C2737bf1092
ORD003506,2026-05-30 13:48:55,S03,Bilal,T13,dine_in,SAN,Chicken Sandwich,Food,2,1350,2700.0,0.0,0,0,0,closed,wallet,2835.0,0.05,Cd5c4159bef
ORD003507,2026-05-30 10:36:56,S03,Bilal,T18,dine_in,CLB,Cold Brew,Coffee,1,680,680.0,0.0,0,0,0,closed,qr,1638.0,0.05,C23c60fd394
ORD003507,2026-05-30 10:36:56,S03,Bilal,T18,dine_in,CKE2,Cheesecake,Bakery,1,880,880.0,0.0,0,0,0,closed,qr,1638.0,0.05,C23c60fd394
ORD003508,2026-05-30 07:01:50,S08,Mahnoor,T1,dine_in,LAT,Cafe Latte,Coffee,1,580,580.0,0.0,0,0,0,closed,card,609.0,0.05,C8ce57845d3
ORD003509,2026-05-30 10:20:58,S03,Bilal,,takeaway,ESP,Espresso,Coffee,1,420,420.0,0.0,0,0,0,closed,cash,483.0,0.15,C26cc1e0f9a
ORD003510,2026-05-30 20:07:58,S03,Bilal,T3,dine_in,MAT,Matcha Latte,Coffee,1,720,720.0,0.0,0,0,0,closed,cash,3208.0,0.15,
ORD003510,2026-05-30 20:07:58,S03,Bilal,T3,dine_in,ESP,Espresso,Coffee,1,420,420.0,0.0,0,0,0,closed,cash,3208.0,0.15,
ORD003510,2026-05-30 20:07:58,S03,Bilal,T3,dine_in,PAS,Pasta,Food,1,1650,1650.0,0.0,0,0,0,closed,cash,3208.0,0.15,
ORD003511,2026-05-30 19:35:27,S07,Daniyal,T6,dine_in,FLW,Flat White,Coffee,1,600,600.0,0.0,0,0,0,closed,wallet,1239.0,0.05,C96285ec529
ORD003511,2026-05-30 19:35:27,S07,Daniyal,T6,dine_in,LAT,Cafe Latte,Coffee,1,580,580.0,0.0,0,0,0,closed,wallet,1239.0,0.05,C96285ec529
ORD003512,2026-05-30 14:39:36,S02,Hamza,T13,dine_in,HOT,Hot Chocolate,Coffee,1,560,560.0,0.0,0,0,0,closed,wallet,1270.0,0.05,Cbf1fa8f7c6
ORD003512,2026-05-30 14:39:36,S02,Hamza,T13,dine_in,MOC,Mocha,Coffee,1,650,650.0,0.0,0,0,0,closed,wallet,1270.0,0.05,Cbf1fa8f7c6
ORD003513,2026-05-30 07:43:43,S08,Mahnoor,T11,dine_in,CLB,Cold Brew,Coffee,1,680,680.0,0.0,0,0,0,closed,card,3549.0,0.05,C47c5e28c85
ORD003513,2026-05-30 07:43:43,S08,Mahnoor,T11,dine_in,SAN,Chicken Sandwich,Food,2,1350,2700.0,0.0,0,0,0,closed,card,3549.0,0.05,C47c5e28c85
ORD003514,2026-05-30 13:38:53,S02,Hamza,,takeaway,IMP,Imported Soda,Other,1,480,432.0,48.0,0,0,0,closed,cash,497.0,0.15,C7bfa0588ba
ORD003515,2026-05-30 12:42:02,S01,Ayesha,T1,dine_in,FLW,Flat White,Coffee,1,600,600.0,0.0,0,0,0,closed,card,1218.0,0.05,Cf262a93cac
ORD003515,2026-05-30 12:42:02,S01,Ayesha,T1,dine_in,CAP,Cappuccino,Coffee,1,560,560.0,0.0,0,0,0,closed,card,1218.0,0.05,Cf262a93cac
ORD003516,2026-05-30 09:21:41,S07,Daniyal,T4,dine_in,LAT,Cafe Latte,Coffee,1,580,580.0,0.0,0,0,0,closed,card,609.0,0.05,C93a52581e4
ORD003517,2026-05-30 08:36:50,S07,Daniyal,T12,dine_in,MOC,Mocha,Coffee,1,650,650.0,0.0,0,0,0,closed,card,682.0,0.05,C6db89d7c57
ORD003518,2026-05-30 13:20:01,S03,Bilal,T17,dine_in,ICL,Iced Latte,Coffee,1,640,640.0,0.0,0,0,0,closed,qr,672.0,0.05,Cd99c3dfb4b
ORD003518,2026-05-30 13:20:01,S03,Bilal,T17,dine_in,AMR,Americano,Coffee,1,480,0.0,96.0,1,1,0,partial_void,qr,672.0,0.05,Cd99c3dfb4b
ORD003519,2026-05-30 08:32:32,S06,Zainab,,takeaway,PNC,Pain au Chocolat,Bakery,1,600,600.0,0.0,0,0,0,closed,cash,690.0,0.15,
ORD003520,2026-05-30 17:35:36,S03,Bilal,T16,dine_in,CAP,Cappuccino,Coffee,1,560,448.0,112.0,0,0,0,closed,card,470.0,0.05,C3baae6f192
ORD003521,2026-05-30 21:56:24,S08,Mahnoor,T18,dine_in,BFP,Big Breakfast,Food,1,1850,1850.0,0.0,0,0,0,closed,qr,1942.0,0.05,Ca4c85907e3
ORD003522,2026-05-30 22:21:04,S06,Zainab,T9,dine_in,IMP,Imported Soda,Other,1,480,480.0,0.0,0,0,0,closed,qr,504.0,0.05,Ce179065508
ORD003523,2026-05-30 20:12:14,S01,Ayesha,,takeaway,LAT,Cafe Latte,Coffee,1,580,580.0,0.0,0,0,0,closed,card,2972.0,0.05,Cbac72cb73a
ORD003523,2026-05-30 20:12:14,S01,Ayesha,,takeaway,PNC,Pain au Chocolat,Bakery,1,600,600.0,0.0,0,0,0,closed,card,2972.0,0.05,Cbac72cb73a
ORD003523,2026-05-30 20:12:14,S01,Ayesha,,takeaway,PAS,Pasta,Food,1,1650,1650.0,0.0,0,0,0,closed,card,2972.0,0.05,Cbac72cb73a
ORD003524,2026-05-30 17:02:57,S07,Daniyal,T13,dine_in,LAT,Cafe Latte,Coffee,1,580,580.0,0.0,0,0,0,closed,card,1785.0,0.05,C2983abc331
ORD003524,2026-05-30 17:02:57,S07,Daniyal,T13,dine_in,ICL,Iced Latte,Coffee,1,640,640.0,0.0,0,0,0,closed,card,1785.0,0.05,C2983abc331
ORD003524,2026-05-30 17:02:57,S07,Daniyal,T13,dine_in,AMR,Americano,Coffee,1,480,480.0,0.0,0,0,0,closed,card,1785.0,0.05,C2983abc331
ORD003525,2026-05-30 09:05:45,S05,Usman,T14,dine_in,LAT,Cafe Latte,Coffee,1,580,580.0,0.0,0,0,0,closed,card,609.0,0.05,C6effcd9afd
ORD003526,2026-05-30 10:51:44,S07,Daniyal,,takeaway,AMR,Americano,Coffee,1,480,480.0,0.0,0,0,0,closed,cash,552.0,0.15,C7bfa0588ba
ORD003527,2026-05-30 10:09:31,S04,Sara,T13,dine_in,LAT,Cafe Latte,Coffee,1,580,580.0,0.0,0,0,0,closed,cash,1201.0,0.15,
ORD003527,2026-05-30 10:09:31,S04,Sara,T13,dine_in,LAT,Cafe Latte,Coffee,1,580,464.0,116.0,0,0,0,closed,cash,1201.0,0.15,
ORD003528,2026-05-30 17:58:35,S03,Bilal,T17,dine_in,LAT,Cafe Latte,Coffee,1,580,0.0,0.0,0,0,1,closed,card,0.0,0.05,C5e84ae37df
ORD003529,2026-05-30 17:13:41,S07,Daniyal,,takeaway,CLB,Cold Brew,Coffee,1,680,680.0,0.0,0,0,0,closed,cash,782.0,0.15,
ORD003530,2026-05-30 09:52:07,S08,Mahnoor,,takeaway,MOC,Mocha,Coffee,1,650,650.0,0.0,0,0,0,closed,qr,682.0,0.05,Cf7a6863213
ORD003531,2026-05-30 18:30:32,S07,Daniyal,T10,dine_in,PAS,Pasta,Food,1,1650,1650.0,0.0,0,0,0,closed,cash,1897.0,0.15,
ORD003532,2026-05-30 20:38:53,S06,Zainab,,takeaway,CKE,Slice of Cake,Bakery,1,780,780.0,0.0,0,0,0,closed,wallet,819.0,0.05,Ccc55e927ed
ORD003533,2026-05-30 19:24:51,S07,Daniyal,T18,dine_in,LAT,Cafe Latte,Coffee,1,580,580.0,0.0,0,0,0,closed,cash,1219.0,0.15,
ORD003533,2026-05-30 19:24:51,S07,Daniyal,T18,dine_in,AMR,Americano,Coffee,1,480,480.0,0.0,0,0,0,closed,cash,1219.0,0.15,
ORD003534,2026-05-30 08:54:13,S06,Zainab,,takeaway,MOC,Mocha,Coffee,1,650,520.0,130.0,0,0,0,closed,card,704.0,0.05,Ccc008e38de
ORD003534,2026-05-30 08:54:13,S06,Zainab,,takeaway,WTR,Bottled Water,Other,1,150,150.0,0.0,0,0,0,closed,card,704.0,0.05,Ccc008e38de
ORD003535,2026-05-30 17:24:36,S01,Ayesha,T18,dine_in,HOT,Hot Chocolate,Coffee,1,560,560.0,0.0,0,0,0,closed,cash,1932.0,0.15,
ORD003535,2026-05-30 17:24:36,S01,Ayesha,T18,dine_in,FLW,Flat White,Coffee,1,600,600.0,0.0,0,0,0,closed,cash,1932.0,0.15,
ORD003535,2026-05-30 17:24:36,S01,Ayesha,T18,dine_in,CRO,Butter Croissant,Bakery,1,520,520.0,0.0,0,0,0,closed,cash,1932.0,0.15,
ORD003536,2026-05-30 19:03:22,S03,Bilal,T17,dine_in,ICL,Iced Latte,Coffee,1,640,512.0,128.0,0,0,0,closed,cash,589.0,0.15,Ccda4bdf4c8
ORD003537,2026-05-30 08:13:12,S07,Daniyal,,takeaway,FLW,Flat White,Coffee,1,600,600.0,0.0,0,0,0,closed,cash,1518.0,0.15,C96285ec529
ORD003537,2026-05-30 08:13:12,S07,Daniyal,,takeaway,MAT,Matcha Latte,Coffee,1,720,720.0,0.0,0,0,0,closed,cash,1518.0,0.15,C96285ec529
ORD003538,2026-05-30 09:14:58,S04,Sara,T12,dine_in,AVT,Avocado Toast,Food,1,1450,1450.0,0.0,0,0,0,closed,cash,3335.0,0.15,
ORD003538,2026-05-30 09:14:58,S04,Sara,T12,dine_in,AVT,Avocado Toast,Food,1,1450,1450.0,0.0,0,0,0,closed,cash,3335.0,0.15,
ORD003539,2026-05-30 09:19:41,S05,Usman,T17,dine_in,CLB,Cold Brew,Coffee,1,680,680.0,0.0,0,0,0,closed,wallet,714.0,0.05,Ccdae6010f7
ORD003540,2026-05-30 17:56:00,S08,Mahnoor,T16,dine_in,LAT,Cafe Latte,Coffee,1,580,580.0,0.0,0,0,0,closed,cash,1219.0,0.15,
ORD003540,2026-05-30 17:56:00,S08,Mahnoor,T16,dine_in,IMP,Imported Soda,Other,1,480,480.0,0.0,0,0,0,closed,cash,1219.0,0.15,
ORD003541,2026-05-30 12:11:03,S05,Usman,T6,dine_in,SAL,Garden Salad,Food,1,1250,1250.0,0.0,0,0,0,closed,qr,1312.0,0.05,C069af065e0
ORD003542,2026-05-30 21:57:41,S05,Usman,T3,dine_in,CRO,Butter Croissant,Bakery,1,520,520.0,0.0,0,0,0,closed,card,546.0,0.05,Ca77d93ef85
ORD003543,2026-05-30 22:27:29,S08,Mahnoor,T10,dine_in,ICL,Iced Latte,Coffee,1,640,640.0,0.0,0,0,0,closed,cash,1322.0,0.15,
ORD003543,2026-05-30 22:27:29,S08,Mahnoor,T10,dine_in,PNC,Pain au Chocolat,Bakery,1,600,510.0,90.0,0,0,0,closed,cash,1322.0,0.15,
ORD003544,2026-05-30 15:12:05,S01,Ayesha,,takeaway,AVT,Avocado Toast,Food,1,1450,1450.0,0.0,0,0,0,closed,cash,1667.0,0.15,
ORD003545,2026-05-30 18:30:44,S04,Sara,,takeaway,LAT,Cafe Latte,Coffee,1,580,580.0,0.0,0,0,0,closed,card,609.0,0.05,Ca70d6785c9
ORD003546,2026-05-30 07:32:51,S03,Bilal,T9,dine_in,CLB,Cold Brew,Coffee,1,680,680.0,0.0,0,0,0,closed,cash,1380.0,0.15,
ORD003546,2026-05-30 07:32:51,S03,Bilal,T9,dine_in,CRO,Butter Croissant,Bakery,1,520,520.0,0.0,0,0,0,closed,cash,1380.0,0.15,
ORD003547,2026-05-30 12:55:56,S03,Bilal,T3,dine_in,AMR,Americano,Coffee,1,480,0.0,0.0,0,0,1,closed,card,714.0,0.05,Ca376152b0e
ORD003547,2026-05-30 12:55:56,S03,Bilal,T3,dine_in,CLB,Cold Brew,Coffee,1,680,680.0,0.0,0,0,0,closed,card,714.0,0.05,Ca376152b0e
ORD003547,2026-05-30 12:55:56,S03,Bilal,T3,dine_in,CRO,Butter Croissant,Bakery,1,520,0.0,0.0,1,1,0,partial_void,card,714.0,0.05,Ca376152b0e
ORD003548,2026-05-30 19:42:33,S03,Bilal,T14,dine_in,MAT,Matcha Latte,Coffee,1,720,720.0,0.0,0,0,0,closed,cash,2496.0,0.15,C651e9754b8
ORD003548,2026-05-30 19:42:33,S03,Bilal,T14,dine_in,AVT,Avocado Toast,Food,1,1450,1450.0,0.0,0,0,0,closed,cash,2496.0,0.15,C651e9754b8
ORD003549,2026-05-30 10:03:19,S05,Usman,T5,dine_in,FLW,Flat White,Coffee,1,600,600.0,0.0,0,0,0,closed,card,1218.0,0.05,C280fc1bab1
ORD003549,2026-05-30 10:03:19,S05,Usman,T5,dine_in,CAP,Cappuccino,Coffee,1,560,560.0,0.0,0,0,0,closed,card,1218.0,0.05,C280fc1bab1
ORD003550,2026-05-30 12:29:57,S07,Daniyal,,takeaway,LAT,Cafe Latte,Coffee,1,580,580.0,0.0,0,0,0,closed,qr,2026.0,0.05,Cc8157a5ef0
ORD003550,2026-05-30 12:29:57,S07,Daniyal,,takeaway,SAN,Chicken Sandwich,Food,1,1350,1350.0,0.0,0,0,0,closed,qr,2026.0,0.05,Cc8157a5ef0
ORD003551,2026-05-30 20:30:46,S08,Mahnoor,,takeaway,CAP,Cappuccino,Coffee,1,560,560.0,0.0,0,0,0,closed,card,2782.0,0.05,C58be9f19f5
ORD003551,2026-05-30 20:30:46,S08,Mahnoor,,takeaway,ICL,Iced Latte,Coffee,1,640,640.0,0.0,0,0,0,closed,card,2782.0,0.05,C58be9f19f5
ORD003551,2026-05-30 20:30:46,S08,Mahnoor,,takeaway,AVT,Avocado Toast,Food,1,1450,1450.0,0.0,0,0,0,closed,card,2782.0,0.05,C58be9f19f5
ORD003552,2026-05-30 09:53:45,S08,Mahnoor,T10,dine_in,CRO,Butter Croissant,Bakery,1,520,520.0,0.0,0,0,0,closed,cash,598.0,0.15,
ORD003553,2026-05-30 10:22:25,S02,Hamza,,takeaway,WTR,Bottled Water,Other,1,150,150.0,0.0,0,0,0,closed,card,158.0,0.05,C25fde7e354
ORD003554,2026-05-30 15:33:04,S01,Ayesha,T6,dine_in,MOC,Mocha,Coffee,1,650,650.0,0.0,0,0,0,closed,card,682.0,0.05,C0b90585403
ORD003555,2026-05-30 20:57:20,S02,Hamza,,takeaway,ICL,Iced Latte,Coffee,1,640,640.0,0.0,0,0,0,closed,card,672.0,0.05,Cc8157a5ef0
ORD003555,2026-05-30 20:57:20,S02,Hamza,,takeaway,CKE2,Cheesecake,Bakery,1,880,0.0,0.0,0,0,1,closed,card,672.0,0.05,Cc8157a5ef0
ORD003556,2026-05-30 13:24:08,S01,Ayesha,,takeaway,WTR,Bottled Water,Other,1,150,150.0,0.0,0,0,0,closed,card,158.0,0.05,C0b90585403
ORD003557,2026-05-30 10:34:37,S06,Zainab,,takeaway,SAN,Chicken Sandwich,Food,1,1350,1350.0,0.0,0,0,0,closed,cash,1552.0,0.15,
ORD003558,2026-05-30 13:51:36,S07,Daniyal,T18,dine_in,FLW,Flat White,Coffee,1,600,600.0,0.0,0,0,0,closed,cash,690.0,0.15,
ORD003559,2026-05-30 09:50:05,S01,Ayesha,,takeaway,HOT,Hot Chocolate,Coffee,1,560,476.0,84.0,0,0,0,closed,cash,547.0,0.15,
ORD003560,2026-05-30 07:21:33,S04,Sara,T12,dine_in,MAT,Matcha Latte,Coffee,1,720,720.0,0.0,0,0,0,closed,wallet,756.0,0.05,Ccc55e927ed
ORD003561,2026-05-30 08:33:56,S02,Hamza,T17,dine_in,SAN,Chicken Sandwich,Food,1,1350,1350.0,0.0,0,0,0,closed,cash,3703.0,0.15,
ORD003561,2026-05-30 08:33:56,S02,Hamza,T17,dine_in,CRO,Butter Croissant,Bakery,1,520,520.0,0.0,0,0,0,closed,cash,3703.0,0.15,
ORD003561,2026-05-30 08:33:56,S02,Hamza,T17,dine_in,SAN,Chicken Sandwich,Food,1,1350,1350.0,0.0,0,0,0,closed,cash,3703.0,0.15,
ORD003562,2026-05-30 17:20:15,S04,Sara,T13,dine_in,FLW,Flat White,Coffee,1,600,600.0,0.0,0,0,0,closed,cash,1357.0,0.15,
ORD003562,2026-05-30 17:20:15,S04,Sara,T13,dine_in,LAT,Cafe Latte,Coffee,1,580,580.0,0.0,0,0,0,closed,cash,1357.0,0.15,
ORD003563,2026-05-30 13:49:17,S06,Zainab,,takeaway,AVT,Avocado Toast,Food,2,1450,2900.0,0.0,0,0,0,closed,cash,3335.0,0.15,
ORD003564,2026-05-30 22:19:42,S01,Ayesha,T17,dine_in,AVT,Avocado Toast,Food,2,1450,2900.0,0.0,0,0,0,closed,cash,3335.0,0.15,
ORD003565,2026-05-30 17:55:54,S05,Usman,,takeaway,CAP,Cappuccino,Coffee,1,560,560.0,0.0,0,0,0,closed,cash,1242.0,0.15,C27c059f294
ORD003565,2026-05-30 17:55:54,S05,Usman,,takeaway,CRO,Butter Croissant,Bakery,1,520,520.0,0.0,0,0,0,closed,cash,1242.0,0.15,C27c059f294
ORD003566,2026-05-30 16:27:39,S05,Usman,T12,dine_in,SAN,Chicken Sandwich,Food,1,1350,1350.0,0.0,0,0,0,closed,wallet,1418.0,0.05,C0c8278966c
ORD003567,2026-05-30 14:51:35,S07,Daniyal,T10,dine_in,PAS,Pasta,Food,1,1650,1650.0,0.0,0,0,0,closed,wallet,2342.0,0.05,Cfc6808fe6f
ORD003567,2026-05-30 14:51:35,S07,Daniyal,T10,dine_in,LAT,Cafe Latte,Coffee,1,580,580.0,0.0,0,0,0,closed,wallet,2342.0,0.05,Cfc6808fe6f
ORD003568,2026-05-30 20:12:35,S02,Hamza,T14,dine_in,ICL,Iced Latte,Coffee,1,640,640.0,0.0,0,0,0,closed,cash,1380.0,0.15,
ORD003568,2026-05-30 20:12:35,S02,Hamza,T14,dine_in,CAP,Cappuccino,Coffee,1,560,560.0,0.0,0,0,0,closed,cash,1380.0,0.15,
ORD003569,2026-05-30 08:50:30,S07,Daniyal,T3,dine_in,AVT,Avocado Toast,Food,2,1450,2900.0,0.0,0,0,0,closed,cash,4071.0,0.15,
ORD003569,2026-05-30 08:50:30,S07,Daniyal,T3,dine_in,ICL,Iced Latte,Coffee,1,640,640.0,0.0,0,0,0,closed,cash,4071.0,0.15,
ORD003570,2026-05-30 12:06:34,S02,Hamza,,takeaway,CRO,Butter Croissant,Bakery,1,520,520.0,0.0,0,0,0,closed,cash,598.0,0.15,
ORD003571,2026-05-30 16:53:22,S02,Hamza,T16,dine_in,AMR,Americano,Coffee,1,480,480.0,0.0,0,0,0,closed,card,1008.0,0.05,Cea4e5d7d90
ORD003571,2026-05-30 16:53:22,S02,Hamza,T16,dine_in,AMR,Americano,Coffee,1,480,480.0,0.0,0,0,0,closed,card,1008.0,0.05,Cea4e5d7d90
ORD003572,2026-05-30 12:59:30,S03,Bilal,,takeaway,SAN,Chicken Sandwich,Food,1,1350,1350.0,0.0,0,0,0,closed,cash,2220.0,0.15,
ORD003572,2026-05-30 12:59:30,S03,Bilal,,takeaway,LAT,Cafe Latte,Coffee,1,580,580.0,0.0,0,0,0,closed,cash,2220.0,0.15,
ORD003573,2026-05-30 15:12:26,S02,Hamza,,takeaway,CRO,Butter Croissant,Bakery,1,520,520.0,0.0,0,0,0,closed,wallet,1134.0,0.05,Cd1e93a6d3b
ORD003573,2026-05-30 15:12:26,S02,Hamza,,takeaway,CAP,Cappuccino,Coffee,1,560,560.0,0.0,0,0,0,closed,wallet,1134.0,0.05,Cd1e93a6d3b
ORD003574,2026-05-30 11:04:10,S04,Sara,,takeaway,FLW,Flat White,Coffee,1,600,600.0,0.0,0,0,0,closed,wallet,2102.0,0.05,C31253454a7
ORD003574,2026-05-30 11:04:10,S04,Sara,,takeaway,PAS,Pasta,Food,1,1650,1402.0,248.0,0,0,0,closed,wallet,2102.0,0.05,C31253454a7
ORD003575,2026-05-30 11:35:21,S04,Sara,T9,dine_in,MOC,Mocha,Coffee,1,650,650.0,0.0,0,0,0,closed,card,682.0,0.05,C23c60fd394
ORD003576,2026-05-30 08:55:47,S01,Ayesha,T13,dine_in,ICL,Iced Latte,Coffee,1,640,640.0,0.0,0,0,0,closed,qr,672.0,0.05,Ccdae6010f7
ORD003576,2026-05-30 08:55:47,S01,Ayesha,T13,dine_in,CLB,Cold Brew,Coffee,1,680,0.0,136.0,1,0,0,partial_void,qr,672.0,0.05,Ccdae6010f7
ORD003577,2026-05-30 21:45:24,S08,Mahnoor,,takeaway,CKE2,Cheesecake,Bakery,1,880,880.0,0.0,0,0,0,closed,card,924.0,0.05,Cce6e260ba2
ORD003578,2026-05-30 07:51:31,S07,Daniyal,T3,dine_in,LAT,Cafe Latte,Coffee,1,580,580.0,0.0,0,0,0,closed,qr,609.0,0.05,Cadc75d3967
ORD003579,2026-05-30 12:38:38,S01,Ayesha,,takeaway,CLB,Cold Brew,Coffee,1,680,680.0,0.0,0,0,0,closed,cash,782.0,0.15,
ORD003580,2026-05-30 12:44:10,S03,Bilal,,takeaway,SAN,Chicken Sandwich,Food,1,1350,0.0,0.0,1,0,0,partial_void,card,0.0,0.05,C51bd1297a0
ORD003581,2026-05-30 10:53:15,S05,Usman,T7,dine_in,MOC,Mocha,Coffee,1,650,650.0,0.0,0,0,0,closed,wallet,1900.0,0.05,Ccb8af0dea2
ORD003581,2026-05-30 10:53:15,S05,Usman,T7,dine_in,AVT,Avocado Toast,Food,1,1450,1160.0,290.0,0,0,0,closed,wallet,1900.0,0.05,Ccb8af0dea2
ORD003582,2026-05-30 11:19:19,S05,Usman,,takeaway,CLB,Cold Brew,Coffee,1,680,680.0,0.0,0,0,0,closed,cash,782.0,0.15,
ORD003583,2026-05-30 08:10:15,S03,Bilal,,takeaway,MOC,Mocha,Coffee,1,650,585.0,65.0,0,0,0,closed,card,614.0,0.05,C8f13fb3cf5
ORD003584,2026-05-30 13:45:00,S08,Mahnoor,T16,dine_in,AMR,Americano,Coffee,1,480,480.0,0.0,0,0,0,closed,cash,552.0,0.15,
ORD003585,2026-05-30 07:38:01,S05,Usman,T17,dine_in,CRO,Butter Croissant,Bakery,1,520,0.0,0.0,0,0,1,closed,card,504.0,0.05,C66acd6d650
ORD003585,2026-05-30 07:38:01,S05,Usman,T17,dine_in,AMR,Americano,Coffee,1,480,480.0,0.0,0,0,0,closed,card,504.0,0.05,C66acd6d650
ORD003586,2026-05-30 16:03:49,S06,Zainab,T8,dine_in,FLW,Flat White,Coffee,1,600,600.0,0.0,0,0,0,closed,card,1344.0,0.05,Cd62f08e9cf
ORD003586,2026-05-30 16:03:49,S06,Zainab,T8,dine_in,CLB,Cold Brew,Coffee,1,680,680.0,0.0,0,0,0,closed,card,1344.0,0.05,Cd62f08e9cf
ORD003587,2026-05-30 19:07:03,S02,Hamza,,takeaway,CRO,Butter Croissant,Bakery,1,520,520.0,0.0,0,0,0,closed,cash,1495.0,0.15,
ORD003587,2026-05-30 19:07:03,S02,Hamza,,takeaway,CKE,Slice of Cake,Bakery,1,780,780.0,0.0,0,0,0,closed,cash,1495.0,0.15,
ORD003588,2026-05-30 10:27:59,S02,Hamza,,takeaway,ICL,Iced Latte,Coffee,1,640,640.0,0.0,0,0,0,closed,cash,1483.0,0.15,Cd923cf20c8
ORD003588,2026-05-30 10:27:59,S02,Hamza,,takeaway,MOC,Mocha,Coffee,1,650,650.0,0.0,0,0,0,closed,cash,1483.0,0.15,Cd923cf20c8
ORD003589,2026-05-30 12:44:37,S02,Hamza,T6,dine_in,FLW,Flat White,Coffee,1,600,600.0,0.0,0,0,0,closed,wallet,630.0,0.05,C741abfb6ba
ORD003590,2026-05-30 14:33:40,S01,Ayesha,T4,dine_in,ICL,Iced Latte,Coffee,1,640,640.0,0.0,0,0,0,closed,wallet,672.0,0.05,C48db1936bb
ORD003591,2026-05-30 20:55:12,S03,Bilal,,takeaway,ICL,Iced Latte,Coffee,1,640,640.0,0.0,0,0,0,closed,card,2310.0,0.05,C280fc1bab1
ORD003591,2026-05-30 20:55:12,S03,Bilal,,takeaway,CKE2,Cheesecake,Bakery,1,880,880.0,0.0,0,0,0,closed,card,2310.0,0.05,C280fc1bab1
ORD003591,2026-05-30 20:55:12,S03,Bilal,,takeaway,CLB,Cold Brew,Coffee,1,680,680.0,0.0,0,0,0,closed,card,2310.0,0.05,C280fc1bab1
ORD003592,2026-05-30 07:44:16,S07,Daniyal,,takeaway,PAS,Pasta,Food,1,1650,1650.0,0.0,0,0,0,closed,qr,4851.0,0.05,C2d2743bc09
ORD003592,2026-05-30 07:44:16,S07,Daniyal,,takeaway,PAS,Pasta,Food,1,1650,1320.0,330.0,0,0,0,closed,qr,4851.0,0.05,C2d2743bc09
ORD003592,2026-05-30 07:44:16,S07,Daniyal,,takeaway,PAS,Pasta,Food,1,1650,1650.0,0.0,0,0,0,closed,qr,4851.0,0.05,C2d2743bc09
ORD003593,2026-05-30 11:09:46,S05,Usman,T6,dine_in,SAN,Chicken Sandwich,Food,1,1350,1350.0,0.0,0,0,0,closed,cash,1552.0,0.15,Ca376152b0e
ORD003594,2026-05-30 17:53:36,S04,Sara,T9,dine_in,PNC,Pain au Chocolat,Bakery,1,600,600.0,0.0,0,0,0,closed,wallet,2121.0,0.05,C0a75d40971
ORD003594,2026-05-30 17:53:36,S04,Sara,T9,dine_in,CKE,Slice of Cake,Bakery,1,780,780.0,0.0,0,0,0,closed,wallet,2121.0,0.05,C0a75d40971
ORD003594,2026-05-30 17:53:36,S04,Sara,T9,dine_in,ICL,Iced Latte,Coffee,1,640,640.0,0.0,0,0,0,closed,wallet,2121.0,0.05,C0a75d40971
ORD003595,2026-05-30 12:04:13,S01,Ayesha,T8,dine_in,ESP,Espresso,Coffee,1,420,420.0,0.0,0,0,0,closed,cash,483.0,0.15,
ORD003596,2026-05-30 20:39:27,S05,Usman,T15,dine_in,MAT,Matcha Latte,Coffee,1,720,720.0,0.0,0,0,0,closed,wallet,2121.0,0.05,C6ef606ae5e
ORD003596,2026-05-30 20:39:27,S05,Usman,T15,dine_in,MOC,Mocha,Coffee,1,650,650.0,0.0,0,0,0,closed,wallet,2121.0,0.05,C6ef606ae5e
ORD003596,2026-05-30 20:39:27,S05,Usman,T15,dine_in,MOC,Mocha,Coffee,1,650,650.0,0.0,0,0,0,closed,wallet,2121.0,0.05,C6ef606ae5e
ORD003597,2026-05-30 19:16:34,S06,Zainab,,takeaway,CAP,Cappuccino,Coffee,1,560,560.0,0.0,0,0,0,closed,card,588.0,0.05,C6edd6d8816
ORD003598,2026-05-30 13:41:32,S06,Zainab,,takeaway,CRO,Butter Croissant,Bakery,1,520,0.0,0.0,0,0,1,closed,qr,588.0,0.05,C48bfa448ba
ORD003598,2026-05-30 13:41:32,S06,Zainab,,takeaway,CAP,Cappuccino,Coffee,1,560,560.0,0.0,0,0,0,closed,qr,588.0,0.05,C48bfa448ba
ORD003599,2026-05-30 09:38:53,S07,Daniyal,T13,dine_in,CAP,Cappuccino,Coffee,1,560,560.0,0.0,0,0,0,closed,cash,644.0,0.15,
ORD003600,2026-05-30 22:15:32,S02,Hamza,,takeaway,LAT,Cafe Latte,Coffee,1,580,580.0,0.0,0,0,0,closed,wallet,609.0,0.05,C6dfb2713f9
ORD003601,2026-05-30 07:50:27,S03,Bilal,T17,dine_in,WTR,Bottled Water,Other,1,150,150.0,0.0,0,0,0,closed,cash,172.0,0.15,
ORD003602,2026-05-30 13:05:51,S06,Zainab,,takeaway,ESP,Espresso,Coffee,1,420,420.0,0.0,0,0,0,closed,card,945.0,0.05,Ccc55e927ed
ORD003602,2026-05-30 13:05:51,S06,Zainab,,takeaway,AMR,Americano,Coffee,1,480,480.0,0.0,0,0,0,closed,card,945.0,0.05,Ccc55e927ed
ORD003603,2026-05-30 07:24:44,S07,Daniyal,T1,dine_in,WTR,Bottled Water,Other,1,150,150.0,0.0,0,0,0,closed,card,158.0,0.05,Ca42c3dfc62
ORD003604,2026-05-30 10:53:58,S08,Mahnoor,T7,dine_in,BFP,Big Breakfast,Food,1,1850,1850.0,0.0,0,0,0,closed,card,2614.0,0.05,Cbd04c088b9
ORD003604,2026-05-30 10:53:58,S08,Mahnoor,T7,dine_in,ICL,Iced Latte,Coffee,1,640,640.0,0.0,0,0,0,closed,card,2614.0,0.05,Cbd04c088b9
ORD003605,2026-05-30 09:13:21,S06,Zainab,,takeaway,PAS,Pasta,Food,2,1650,3300.0,0.0,0,0,0,closed,qr,3465.0,0.05,C6694a28353
ORD003606,2026-05-30 08:17:26,S04,Sara,T4,dine_in,LAT,Cafe Latte,Coffee,1,580,580.0,0.0,0,0,0,closed,cash,667.0,0.15,
ORD003607,2026-05-30 17:19:14,S08,Mahnoor,,takeaway,ICL,Iced Latte,Coffee,1,640,640.0,0.0,0,0,0,closed,cash,736.0,0.15,
ORD003608,2026-05-30 12:59:22,S06,Zainab,,takeaway,ESP,Espresso,Coffee,1,420,420.0,0.0,0,0,0,closed,wallet,441.0,0.05,Cdcfea31a0f
ORD003609,2026-05-30 15:47:23,S05,Usman,,takeaway,CRO,Butter Croissant,Bakery,1,520,520.0,0.0,0,0,0,closed,card,1680.0,0.05,C48bfa448ba
ORD003609,2026-05-30 15:47:23,S05,Usman,,takeaway,FLW,Flat White,Coffee,1,600,480.0,120.0,0,0,0,closed,card,1680.0,0.05,C48bfa448ba
ORD003609,2026-05-30 15:47:23,S05,Usman,,takeaway,FLW,Flat White,Coffee,1,600,600.0,0.0,0,0,0,closed,card,1680.0,0.05,C48bfa448ba
ORD003610,2026-05-30 08:36:34,S04,Sara,,takeaway,WTR,Bottled Water,Other,1,150,150.0,0.0,0,0,0,closed,qr,704.0,0.05,Cf4895fd9dd
ORD003610,2026-05-30 08:36:34,S04,Sara,,takeaway,CRO,Butter Croissant,Bakery,1,520,520.0,0.0,0,0,0,closed,qr,704.0,0.05,Cf4895fd9dd
ORD003611,2026-05-30 17:34:52,S07,Daniyal,T4,dine_in,SAL,Garden Salad,Food,2,1250,2500.0,0.0,0,0,0,closed,wallet,4148.0,0.05,C482e4b19c6
ORD003611,2026-05-30 17:34:52,S07,Daniyal,T4,dine_in,AVT,Avocado Toast,Food,1,1450,1450.0,0.0,0,0,0,closed,wallet,4148.0,0.05,C482e4b19c6
ORD003612,2026-05-30 11:32:52,S05,Usman,T16,dine_in,CAP,Cappuccino,Coffee,1,560,560.0,0.0,0,0,0,closed,qr,588.0,0.05,Ca77d93ef85
ORD003613,2026-05-30 10:14:11,S03,Bilal,,takeaway,LAT,Cafe Latte,Coffee,1,580,580.0,0.0,0,0,0,closed,card,1323.0,0.05,C651e9754b8
ORD003613,2026-05-30 10:14:11,S03,Bilal,,takeaway,CLB,Cold Brew,Coffee,1,680,680.0,0.0,0,0,0,closed,card,1323.0,0.05,C651e9754b8
ORD003614,2026-05-30 17:31:40,S03,Bilal,,takeaway,HOT,Hot Chocolate,Coffee,1,560,0.0,0.0,0,0,1,closed,card,2260.0,0.05,C441a4398b0
ORD003614,2026-05-30 17:31:40,S03,Bilal,,takeaway,LAT,Cafe Latte,Coffee,1,580,580.0,0.0,0,0,0,closed,card,2260.0,0.05,C441a4398b0
ORD003614,2026-05-30 17:31:40,S03,Bilal,,takeaway,BFP,Big Breakfast,Food,1,1850,1572.0,278.0,0,0,0,closed,card,2260.0,0.05,C441a4398b0
ORD003615,2026-05-30 11:45:21,S07,Daniyal,T7,dine_in,CKE,Slice of Cake,Bakery,1,780,780.0,0.0,0,0,0,closed,card,1533.0,0.05,C6a2e726cff
ORD003615,2026-05-30 11:45:21,S07,Daniyal,T7,dine_in,CLB,Cold Brew,Coffee,1,680,680.0,0.0,0,0,0,closed,card,1533.0,0.05,C6a2e726cff
ORD003616,2026-05-30 19:20:32,S03,Bilal,T9,dine_in,LAT,Cafe Latte,Coffee,1,580,522.0,58.0,0,0,0,closed,cash,600.0,0.15,C52c10a5cf0
ORD003617,2026-05-30 10:51:56,S03,Bilal,T6,dine_in,WTR,Bottled Water,Other,1,150,150.0,0.0,0,0,0,closed,cash,1880.0,0.15,
ORD003617,2026-05-30 10:51:56,S03,Bilal,T6,dine_in,PAS,Pasta,Food,1,1650,1485.0,165.0,0,0,0,closed,cash,1880.0,0.15,
ORD003618,2026-05-30 11:31:42,S02,Hamza,T10,dine_in,PNC,Pain au Chocolat,Bakery,1,600,600.0,0.0,0,0,0,closed,card,1344.0,0.05,Cfc5da82ed6
ORD003618,2026-05-30 11:31:42,S02,Hamza,T10,dine_in,CLB,Cold Brew,Coffee,1,680,680.0,0.0,0,0,0,closed,card,1344.0,0.05,Cfc5da82ed6
ORD003619,2026-05-30 22:05:16,S04,Sara,T8,dine_in,CAP,Cappuccino,Coffee,1,560,560.0,0.0,0,0,0,closed,wallet,588.0,0.05,C17a403a366
ORD003620,2026-05-30 12:24:02,S01,Ayesha,T10,dine_in,IMP,Imported Soda,Other,1,480,480.0,0.0,0,0,0,closed,wallet,504.0,0.05,Ce179065508
ORD003621,2026-05-30 15:35:06,S06,Zainab,T4,dine_in,SAL,Garden Salad,Food,1,1250,1250.0,0.0,0,0,0,closed,cash,1989.0,0.15,
ORD003621,2026-05-30 15:35:06,S06,Zainab,T4,dine_in,AMR,Americano,Coffee,1,480,480.0,0.0,0,0,0,closed,cash,1989.0,0.15,
ORD003622,2026-05-30 13:17:38,S06,Zainab,,takeaway,MOC,Mocha,Coffee,1,650,650.0,0.0,0,0,0,closed,wallet,2869.0,0.05,C963daa52c4
ORD003622,2026-05-30 13:17:38,S06,Zainab,,takeaway,CLB,Cold Brew,Coffee,1,680,680.0,0.0,0,0,0,closed,wallet,2869.0,0.05,C963daa52c4
ORD003622,2026-05-30 13:17:38,S06,Zainab,,takeaway,PAS,Pasta,Food,1,1650,1402.0,248.0,0,0,0,closed,wallet,2869.0,0.05,C963daa52c4
ORD003623,2026-05-30 10:10:37,S05,Usman,T4,dine_in,AMR,Americano,Coffee,1,480,480.0,0.0,0,0,0,closed,card,1134.0,0.05,C77ae45bf0e
ORD003623,2026-05-30 10:10:37,S05,Usman,T4,dine_in,FLW,Flat White,Coffee,1,600,600.0,0.0,0,0,0,closed,card,1134.0,0.05,C77ae45bf0e
ORD003624,2026-05-30 19:29:29,S08,Mahnoor,T4,dine_in,CKE,Slice of Cake,Bakery,1,780,780.0,0.0,0,0,0,closed,cash,897.0,0.15,C1173024c92
ORD003625,2026-05-30 11:32:28,S08,Mahnoor,T16,dine_in,CKE2,Cheesecake,Bakery,1,880,880.0,0.0,0,0,0,closed,cash,1012.0,0.15,
ORD003626,2026-05-30 12:55:15,S06,Zainab,T11,dine_in,SAL,Garden Salad,Food,1,1250,1250.0,0.0,0,0,0,closed,card,1312.0,0.05,Cdf99103aeb
ORD003627,2026-05-30 09:35:48,S07,Daniyal,,takeaway,IMP,Imported Soda,Other,1,480,480.0,0.0,0,0,0,closed,cash,552.0,0.15,
ORD003628,2026-05-30 17:36:55,S07,Daniyal,T8,dine_in,AMR,Americano,Coffee,1,480,480.0,0.0,0,0,0,closed,wallet,1134.0,0.05,C96285ec529
ORD003628,2026-05-30 17:36:55,S07,Daniyal,T8,dine_in,FLW,Flat White,Coffee,1,600,600.0,0.0,0,0,0,closed,wallet,1134.0,0.05,C96285ec529
ORD003629,2026-05-30 09:22:00,S06,Zainab,,takeaway,ICL,Iced Latte,Coffee,1,640,640.0,0.0,0,0,0,closed,cash,736.0,0.15,Cb035ea8acc
ORD003630,2026-05-30 17:38:35,S06,Zainab,,takeaway,MAT,Matcha Latte,Coffee,1,720,720.0,0.0,0,0,0,closed,cash,828.0,0.15,Cc8157a5ef0
ORD003631,2026-05-30 12:40:31,S01,Ayesha,T9,dine_in,CRO,Butter Croissant,Bakery,1,520,520.0,0.0,0,0,0,closed,card,546.0,0.05,Cfa2c5160a4
ORD003632,2026-05-30 08:56:06,S02,Hamza,T12,dine_in,SAN,Chicken Sandwich,Food,1,1350,1148.0,202.0,0,0,0,closed,card,2499.0,0.05,C8720ab27ad
ORD003632,2026-05-30 08:56:06,S02,Hamza,T12,dine_in,AVT,Avocado Toast,Food,1,1450,1232.0,218.0,0,0,0,closed,card,2499.0,0.05,C8720ab27ad
ORD003633,2026-05-31 10:55:03,S06,Zainab,,takeaway,HOT,Hot Chocolate,Coffee,1,560,560.0,0.0,0,0,0,closed,cash,1311.0,0.15,
ORD003633,2026-05-31 10:55:03,S06,Zainab,,takeaway,LAT,Cafe Latte,Coffee,1,580,580.0,0.0,0,0,0,closed,cash,1311.0,0.15,
ORD003634,2026-05-31 21:04:44,S03,Bilal,,takeaway,IMP,Imported Soda,Other,1,480,384.0,96.0,0,0,0,closed,cash,442.0,0.15,
ORD003635,2026-05-31 17:56:02,S08,Mahnoor,,takeaway,CAP,Cappuccino,Coffee,1,560,560.0,0.0,0,0,0,closed,wallet,1088.0,0.05,Ca42c3dfc62
ORD003635,2026-05-31 17:56:02,S08,Mahnoor,,takeaway,HOT,Hot Chocolate,Coffee,1,560,476.0,84.0,0,0,0,closed,wallet,1088.0,0.05,Ca42c3dfc62
ORD003636,2026-05-31 16:19:59,S04,Sara,,takeaway,LAT,Cafe Latte,Coffee,1,580,580.0,0.0,0,0,0,closed,qr,2342.0,0.05,Ca77d93ef85
ORD003636,2026-05-31 16:19:59,S04,Sara,,takeaway,PAS,Pasta,Food,1,1650,1650.0,0.0,0,0,0,closed,qr,2342.0,0.05,Ca77d93ef85
ORD003637,2026-05-31 09:12:38,S04,Sara,T17,dine_in,ICL,Iced Latte,Coffee,1,640,640.0,0.0,0,0,0,closed,cash,1426.0,0.15,
ORD003637,2026-05-31 09:12:38,S04,Sara,T17,dine_in,FLW,Flat White,Coffee,1,600,600.0,0.0,0,0,0,closed,cash,1426.0,0.15,
ORD003638,2026-05-31 09:49:14,S06,Zainab,T14,dine_in,LAT,Cafe Latte,Coffee,1,580,580.0,0.0,0,0,0,closed,card,609.0,0.05,C1173024c92
ORD003639,2026-05-31 10:03:54,S02,Hamza,T17,dine_in,AMR,Americano,Coffee,1,480,480.0,0.0,0,0,0,closed,cash,552.0,0.15,
ORD003640,2026-05-31 22:54:43,S07,Daniyal,,takeaway,FLW,Flat White,Coffee,1,600,600.0,0.0,0,0,0,closed,card,630.0,0.05,C5d90c0fdc3
ORD003641,2026-05-31 09:40:49,S02,Hamza,T17,dine_in,MOC,Mocha,Coffee,1,650,650.0,0.0,0,0,0,closed,card,1292.0,0.05,C58be9f19f5
ORD003641,2026-05-31 09:40:49,S02,Hamza,T17,dine_in,LAT,Cafe Latte,Coffee,1,580,580.0,0.0,0,0,0,closed,card,1292.0,0.05,C58be9f19f5
ORD003642,2026-05-31 15:17:08,S06,Zainab,T11,dine_in,SAL,Garden Salad,Food,1,1250,1250.0,0.0,0,0,0,closed,wallet,1754.0,0.05,C96285ec529
ORD003642,2026-05-31 15:17:08,S06,Zainab,T11,dine_in,ESP,Espresso,Coffee,1,420,420.0,0.0,0,0,0,closed,wallet,1754.0,0.05,C96285ec529
ORD003643,2026-05-31 21:54:19,S02,Hamza,T1,dine_in,CAP,Cappuccino,Coffee,1,560,560.0,0.0,0,0,0,closed,wallet,3801.0,0.05,C33ae64d40e
ORD003643,2026-05-31 21:54:19,S02,Hamza,T1,dine_in,CAP,Cappuccino,Coffee,1,560,560.0,0.0,0,0,0,closed,wallet,3801.0,0.05,C33ae64d40e
ORD003643,2026-05-31 21:54:19,S02,Hamza,T1,dine_in,SAL,Garden Salad,Food,2,1250,2500.0,0.0,0,0,0,closed,wallet,3801.0,0.05,C33ae64d40e
ORD003644,2026-05-31 12:18:19,S02,Hamza,T17,dine_in,CKE2,Cheesecake,Bakery,1,880,880.0,0.0,0,0,0,closed,card,924.0,0.05,C1771e35d2c
ORD003645,2026-05-31 21:04:45,S05,Usman,T10,dine_in,IMP,Imported Soda,Other,1,480,480.0,0.0,0,0,0,closed,qr,1008.0,0.05,Cbcf52aba85
ORD003645,2026-05-31 21:04:45,S05,Usman,T10,dine_in,AMR,Americano,Coffee,1,480,480.0,0.0,0,0,0,closed,qr,1008.0,0.05,Cbcf52aba85
ORD003646,2026-05-31 17:40:09,S07,Daniyal,,takeaway,PAS,Pasta,Food,1,1650,1650.0,0.0,0,0,0,closed,cash,1897.0,0.15,
ORD003647,2026-05-31 10:15:55,S04,Sara,T2,dine_in,SAN,Chicken Sandwich,Food,1,1350,1350.0,0.0,0,0,0,closed,cash,1552.0,0.15,
ORD003648,2026-05-31 16:09:31,S01,Ayesha,T15,dine_in,MOC,Mocha,Coffee,1,650,650.0,0.0,0,0,0,closed,cash,2104.0,0.15,Ca2c33b664c
ORD003648,2026-05-31 16:09:31,S01,Ayesha,T15,dine_in,LAT,Cafe Latte,Coffee,1,580,580.0,0.0,0,0,0,closed,cash,2104.0,0.15,Ca2c33b664c
ORD003648,2026-05-31 16:09:31,S01,Ayesha,T15,dine_in,PNC,Pain au Chocolat,Bakery,1,600,600.0,0.0,0,0,0,closed,cash,2104.0,0.15,Ca2c33b664c
ORD003649,2026-05-31 08:46:04,S02,Hamza,T12,dine_in,BFP,Big Breakfast,Food,1,1850,1850.0,0.0,0,0,0,closed,qr,1942.0,0.05,Cadc987ad2c
ORD003650,2026-05-31 14:14:09,S04,Sara,,takeaway,CAP,Cappuccino,Coffee,1,560,560.0,0.0,0,0,0,closed,card,588.0,0.05,C3baae6f192
ORD003651,2026-05-31 10:01:13,S02,Hamza,T18,dine_in,PNC,Pain au Chocolat,Bakery,1,600,510.0,90.0,0,0,0,closed,cash,2829.0,0.15,C6effcd9afd
ORD003651,2026-05-31 10:01:13,S02,Hamza,T18,dine_in,SAN,Chicken Sandwich,Food,1,1350,1350.0,0.0,0,0,0,closed,cash,2829.0,0.15,C6effcd9afd
ORD003651,2026-05-31 10:01:13,S02,Hamza,T18,dine_in,FLW,Flat White,Coffee,1,600,600.0,0.0,0,0,0,closed,cash,2829.0,0.15,C6effcd9afd
ORD003652,2026-05-31 09:55:41,S02,Hamza,,takeaway,LAT,Cafe Latte,Coffee,1,580,580.0,0.0,0,0,0,closed,cash,1219.0,0.15,
ORD003652,2026-05-31 09:55:41,S02,Hamza,,takeaway,AMR,Americano,Coffee,1,480,480.0,0.0,0,0,0,closed,cash,1219.0,0.15,
ORD003653,2026-05-31 22:47:36,S02,Hamza,T12,dine_in,CAP,Cappuccino,Coffee,1,560,560.0,0.0,0,0,0,closed,card,1117.0,0.05,Cd11bd6beb2
ORD003653,2026-05-31 22:47:36,S02,Hamza,T12,dine_in,HOT,Hot Chocolate,Coffee,1,560,504.0,56.0,0,0,0,closed,card,1117.0,0.05,Cd11bd6beb2
ORD003654,2026-05-31 21:56:11,S03,Bilal,T10,dine_in,BFP,Big Breakfast,Food,1,1850,1850.0,0.0,0,0,0,closed,card,1942.0,0.05,C62ce9fe1a9
ORD003655,2026-05-31 14:50:21,S05,Usman,,takeaway,BFP,Big Breakfast,Food,1,1850,1850.0,0.0,0,0,0,closed,card,1942.0,0.05,C651e9754b8
ORD003656,2026-05-31 20:48:39,S07,Daniyal,,takeaway,CRO,Butter Croissant,Bakery,1,520,520.0,0.0,0,0,0,closed,cash,1196.0,0.15,
ORD003656,2026-05-31 20:48:39,S07,Daniyal,,takeaway,CRO,Butter Croissant,Bakery,1,520,520.0,0.0,0,0,0,closed,cash,1196.0,0.15,
ORD003657,2026-05-31 17:54:42,S08,Mahnoor,T3,dine_in,CKE,Slice of Cake,Bakery,1,780,780.0,0.0,0,0,0,closed,card,1533.0,0.05,Cc56f049c11
ORD003657,2026-05-31 17:54:42,S08,Mahnoor,T3,dine_in,CLB,Cold Brew,Coffee,1,680,680.0,0.0,0,0,0,closed,card,1533.0,0.05,Cc56f049c11
ORD003658,2026-05-31 12:51:53,S06,Zainab,T14,dine_in,ICL,Iced Latte,Coffee,1,640,640.0,0.0,0,0,0,closed,cash,736.0,0.15,Cf2d9e252dc
ORD003659,2026-05-31 19:58:18,S02,Hamza,,takeaway,FLW,Flat White,Coffee,1,600,600.0,0.0,0,0,0,closed,qr,1218.0,0.05,C5d90c0fdc3
ORD003659,2026-05-31 19:58:18,S02,Hamza,,takeaway,CAP,Cappuccino,Coffee,1,560,560.0,0.0,0,0,0,closed,qr,1218.0,0.05,C5d90c0fdc3
ORD003660,2026-05-31 14:17:32,S01,Ayesha,T11,dine_in,CLB,Cold Brew,Coffee,1,680,680.0,0.0,0,0,0,closed,card,1386.0,0.05,Cbf1fa8f7c6
ORD003660,2026-05-31 14:17:32,S01,Ayesha,T11,dine_in,ICL,Iced Latte,Coffee,1,640,640.0,0.0,0,0,0,closed,card,1386.0,0.05,Cbf1fa8f7c6
ORD003661,2026-05-31 18:48:46,S05,Usman,,takeaway,AVT,Avocado Toast,Food,1,1450,1450.0,0.0,0,0,0,closed,cash,2415.0,0.15,
ORD003661,2026-05-31 18:48:46,S05,Usman,,takeaway,MOC,Mocha,Coffee,1,650,650.0,0.0,0,0,0,closed,cash,2415.0,0.15,
ORD003662,2026-05-31 07:27:35,S05,Usman,T5,dine_in,CAP,Cappuccino,Coffee,1,560,560.0,0.0,0,0,0,closed,card,1907.0,0.05,Cf75f1d84fe
ORD003662,2026-05-31 07:27:35,S05,Usman,T5,dine_in,MAT,Matcha Latte,Coffee,1,720,576.0,144.0,0,0,0,closed,card,1907.0,0.05,Cf75f1d84fe
ORD003662,2026-05-31 07:27:35,S05,Usman,T5,dine_in,CLB,Cold Brew,Coffee,1,680,680.0,0.0,0,0,0,closed,card,1907.0,0.05,Cf75f1d84fe
ORD003663,2026-05-31 10:55:44,S03,Bilal,,takeaway,CAP,Cappuccino,Coffee,1,560,560.0,0.0,0,0,0,closed,cash,2955.0,0.15,
ORD003663,2026-05-31 10:55:44,S03,Bilal,,takeaway,AVT,Avocado Toast,Food,1,1450,1450.0,0.0,0,0,0,closed,cash,2955.0,0.15,
ORD003663,2026-05-31 10:55:44,S03,Bilal,,takeaway,HOT,Hot Chocolate,Coffee,1,560,560.0,0.0,0,0,0,closed,cash,2955.0,0.15,
ORD003664,2026-05-31 11:51:02,S07,Daniyal,T12,dine_in,IMP,Imported Soda,Other,1,480,480.0,0.0,0,0,0,closed,qr,504.0,0.05,Cb5414f87f5
ORD003665,2026-05-31 11:30:49,S05,Usman,T2,dine_in,CKE,Slice of Cake,Bakery,1,780,780.0,0.0,0,0,0,closed,qr,819.0,0.05,Caf351da373
ORD003666,2026-05-31 10:59:56,S01,Ayesha,T14,dine_in,CKE,Slice of Cake,Bakery,1,780,780.0,0.0,0,0,0,closed,cash,897.0,0.15,
ORD003667,2026-05-31 11:28:44,S01,Ayesha,T15,dine_in,MAT,Matcha Latte,Coffee,1,720,720.0,0.0,0,0,0,closed,card,756.0,0.05,Cbcf52aba85
ORD003668,2026-05-31 15:00:49,S08,Mahnoor,T3,dine_in,CAP,Cappuccino,Coffee,1,560,560.0,0.0,0,0,0,closed,card,588.0,0.05,C52cc78336b
ORD003669,2026-05-31 21:51:09,S02,Hamza,T7,dine_in,ESP,Espresso,Coffee,1,420,420.0,0.0,0,0,0,closed,qr,441.0,0.05,C6b051e9554
ORD003670,2026-05-31 19:09:31,S01,Ayesha,,takeaway,AMR,Americano,Coffee,1,480,480.0,0.0,0,0,0,closed,cash,2886.0,0.15,C09457c1c0d
ORD003670,2026-05-31 19:09:31,S01,Ayesha,,takeaway,AVT,Avocado Toast,Food,1,1450,1450.0,0.0,0,0,0,closed,cash,2886.0,0.15,C09457c1c0d
ORD003670,2026-05-31 19:09:31,S01,Ayesha,,takeaway,LAT,Cafe Latte,Coffee,1,580,580.0,0.0,0,0,0,closed,cash,2886.0,0.15,C09457c1c0d
ORD003671,2026-05-31 18:59:31,S06,Zainab,,takeaway,MOC,Mocha,Coffee,1,650,650.0,0.0,0,0,0,closed,cash,747.0,0.15,
ORD003672,2026-05-31 16:44:50,S05,Usman,T15,dine_in,AVT,Avocado Toast,Food,1,1450,1450.0,0.0,0,0,0,closed,card,1522.0,0.05,Cf11bccb60d
ORD003673,2026-05-31 12:29:05,S08,Mahnoor,T13,dine_in,BFP,Big Breakfast,Food,2,1850,3700.0,0.0,0,0,0,closed,cash,4255.0,0.15,
ORD003674,2026-05-31 22:22:01,S02,Hamza,T2,dine_in,SAN,Chicken Sandwich,Food,1,1350,1350.0,0.0,0,0,0,closed,wallet,1418.0,0.05,Cf75f1d84fe
ORD003675,2026-05-31 11:47:06,S01,Ayesha,T13,dine_in,CKE2,Cheesecake,Bakery,1,880,880.0,0.0,0,0,0,closed,cash,1012.0,0.15,
ORD003676,2026-05-31 18:03:24,S04,Sara,T10,dine_in,LAT,Cafe Latte,Coffee,1,580,580.0,0.0,0,0,0,closed,card,609.0,0.05,C3baae6f192
ORD003677,2026-05-31 09:51:27,S07,Daniyal,T13,dine_in,FLW,Flat White,Coffee,1,600,600.0,0.0,0,0,0,closed,wallet,630.0,0.05,C9a8479a5d0
ORD003678,2026-05-31 18:04:33,S08,Mahnoor,T2,dine_in,FLW,Flat White,Coffee,1,600,600.0,0.0,0,0,0,closed,card,630.0,0.05,Cf4895fd9dd
ORD003679,2026-05-31 20:43:30,S04,Sara,T5,dine_in,CAP,Cappuccino,Coffee,1,560,560.0,0.0,0,0,0,closed,wallet,1029.0,0.05,Cadc75d3967
ORD003679,2026-05-31 20:43:30,S04,Sara,T5,dine_in,ESP,Espresso,Coffee,1,420,420.0,0.0,0,0,0,closed,wallet,1029.0,0.05,Cadc75d3967
ORD003679,2026-05-31 20:43:30,S04,Sara,T5,dine_in,PNC,Pain au Chocolat,Bakery,1,600,0.0,0.0,0,0,1,closed,wallet,1029.0,0.05,Cadc75d3967
ORD003680,2026-05-31 08:54:36,S05,Usman,T4,dine_in,ICL,Iced Latte,Coffee,1,640,640.0,0.0,0,0,0,closed,wallet,672.0,0.05,C17a403a366
ORD003681,2026-05-31 14:53:08,S06,Zainab,,takeaway,FLW,Flat White,Coffee,1,600,600.0,0.0,0,0,0,closed,wallet,2152.0,0.05,C215557d133
ORD003681,2026-05-31 14:53:08,S06,Zainab,,takeaway,AVT,Avocado Toast,Food,1,1450,1450.0,0.0,0,0,0,closed,wallet,2152.0,0.05,C215557d133
ORD003682,2026-05-31 19:27:19,S07,Daniyal,,takeaway,SAN,Chicken Sandwich,Food,1,1350,1350.0,0.0,0,0,0,closed,card,1418.0,0.05,C482e4b19c6
ORD003683,2026-05-31 22:22:40,S08,Mahnoor,T15,dine_in,MOC,Mocha,Coffee,1,650,650.0,0.0,0,0,0,closed,card,682.0,0.05,Cc8157a5ef0
ORD003684,2026-05-31 17:14:19,S02,Hamza,T9,dine_in,CAP,Cappuccino,Coffee,1,560,560.0,0.0,0,0,0,closed,qr,1302.0,0.05,Ca2c33b664c
ORD003684,2026-05-31 17:14:19,S02,Hamza,T9,dine_in,CLB,Cold Brew,Coffee,1,680,680.0,0.0,0,0,0,closed,qr,1302.0,0.05,Ca2c33b664c
ORD003685,2026-05-31 08:07:19,S07,Daniyal,T1,dine_in,AMR,Americano,Coffee,1,480,480.0,0.0,0,0,0,closed,card,2426.0,0.05,C4d4f7e93b0
ORD003685,2026-05-31 08:07:19,S07,Daniyal,T1,dine_in,AMR,Americano,Coffee,1,480,480.0,0.0,0,0,0,closed,card,2426.0,0.05,C4d4f7e93b0
ORD003685,2026-05-31 08:07:19,S07,Daniyal,T1,dine_in,SAN,Chicken Sandwich,Food,1,1350,1350.0,0.0,0,0,0,closed,card,2426.0,0.05,C4d4f7e93b0
ORD003686,2026-05-31 10:22:13,S08,Mahnoor,T2,dine_in,LAT,Cafe Latte,Coffee,1,580,522.0,58.0,0,0,0,closed,card,548.0,0.05,C27c059f294
ORD003687,2026-05-31 22:03:42,S04,Sara,,takeaway,CLB,Cold Brew,Coffee,1,680,680.0,0.0,0,0,0,closed,card,714.0,0.05,C265b1b1461
ORD003688,2026-05-31 18:46:09,S01,Ayesha,,takeaway,LAT,Cafe Latte,Coffee,1,580,580.0,0.0,0,0,0,closed,cash,667.0,0.15,
ORD003689,2026-05-31 19:21:58,S06,Zainab,T12,dine_in,CAP,Cappuccino,Coffee,1,560,560.0,0.0,0,0,0,closed,cash,1242.0,0.15,Ca5c0a2cc4b
ORD003689,2026-05-31 19:21:58,S06,Zainab,T12,dine_in,MOC,Mocha,Coffee,1,650,520.0,130.0,0,0,0,closed,cash,1242.0,0.15,Ca5c0a2cc4b
ORD003690,2026-05-31 18:08:35,S01,Ayesha,,takeaway,AMR,Americano,Coffee,1,480,480.0,0.0,0,0,0,closed,card,504.0,0.05,C27c059f294
ORD003691,2026-05-31 20:37:09,S02,Hamza,,takeaway,CAP,Cappuccino,Coffee,1,560,560.0,0.0,0,0,0,closed,card,2510.0,0.05,C6b051e9554
ORD003691,2026-05-31 20:37:09,S02,Hamza,,takeaway,AMR,Americano,Coffee,1,480,480.0,0.0,0,0,0,closed,card,2510.0,0.05,C6b051e9554
ORD003691,2026-05-31 20:37:09,S02,Hamza,,takeaway,SAN,Chicken Sandwich,Food,1,1350,1350.0,0.0,0,0,0,closed,card,2510.0,0.05,C6b051e9554
ORD003692,2026-05-31 15:22:02,S04,Sara,T13,dine_in,CAP,Cappuccino,Coffee,1,560,560.0,0.0,0,0,0,closed,qr,1197.0,0.05,C6694a28353
ORD003692,2026-05-31 15:22:02,S04,Sara,T13,dine_in,LAT,Cafe Latte,Coffee,1,580,580.0,0.0,0,0,0,closed,qr,1197.0,0.05,C6694a28353
ORD003693,2026-05-31 20:24:44,S07,Daniyal,T4,dine_in,AMR,Americano,Coffee,1,480,480.0,0.0,0,0,0,closed,qr,1722.0,0.05,Cb5986c9f4e
ORD003693,2026-05-31 20:24:44,S07,Daniyal,T4,dine_in,LAT,Cafe Latte,Coffee,1,580,580.0,0.0,0,0,0,closed,qr,1722.0,0.05,Cb5986c9f4e
ORD003693,2026-05-31 20:24:44,S07,Daniyal,T4,dine_in,LAT,Cafe Latte,Coffee,1,580,580.0,0.0,0,0,0,closed,qr,1722.0,0.05,Cb5986c9f4e
ORD003694,2026-05-31 22:38:35,S05,Usman,T15,dine_in,AMR,Americano,Coffee,1,480,480.0,0.0,0,0,0,closed,cash,552.0,0.15,
ORD003695,2026-05-31 18:23:15,S04,Sara,,takeaway,SAN,Chicken Sandwich,Food,1,1350,1350.0,0.0,0,0,0,closed,card,1418.0,0.05,C19ab330972
ORD003696,2026-05-31 12:34:09,S06,Zainab,,takeaway,CKE2,Cheesecake,Bakery,1,880,880.0,0.0,0,0,0,closed,card,924.0,0.05,C0f8251e144
ORD003697,2026-05-31 09:49:33,S08,Mahnoor,T11,dine_in,CRO,Butter Croissant,Bakery,1,520,520.0,0.0,0,0,0,closed,card,1218.0,0.05,Cb52a0c16f5
ORD003697,2026-05-31 09:49:33,S08,Mahnoor,T11,dine_in,ICL,Iced Latte,Coffee,1,640,640.0,0.0,0,0,0,closed,card,1218.0,0.05,Cb52a0c16f5
ORD003698,2026-05-31 12:28:12,S02,Hamza,,takeaway,CKE,Slice of Cake,Bakery,1,780,780.0,0.0,0,0,0,closed,card,1502.0,0.05,Cd3bd3b7078
ORD003698,2026-05-31 12:28:12,S02,Hamza,,takeaway,MOC,Mocha,Coffee,1,650,650.0,0.0,0,0,0,closed,card,1502.0,0.05,Cd3bd3b7078
ORD003699,2026-05-31 08:54:45,S06,Zainab,T7,dine_in,CLB,Cold Brew,Coffee,1,680,680.0,0.0,0,0,0,closed,wallet,714.0,0.05,C17a403a366
ORD003700,2026-05-31 21:49:22,S07,Daniyal,T13,dine_in,FLW,Flat White,Coffee,1,600,600.0,0.0,0,0,0,closed,card,1302.0,0.05,C19d751a040
ORD003700,2026-05-31 21:49:22,S07,Daniyal,T13,dine_in,ICL,Iced Latte,Coffee,1,640,640.0,0.0,0,0,0,closed,card,1302.0,0.05,C19d751a040
ORD003701,2026-05-31 21:17:55,S05,Usman,,takeaway,ICL,Iced Latte,Coffee,1,640,640.0,0.0,0,0,0,closed,card,672.0,0.05,Ca77d93ef85
ORD003702,2026-05-31 10:01:25,S03,Bilal,,takeaway,CRO,Butter Croissant,Bakery,1,520,520.0,0.0,0,0,0,closed,card,1092.0,0.05,Ce1c4eecf60
ORD003702,2026-05-31 10:01:25,S03,Bilal,,takeaway,CRO,Butter Croissant,Bakery,1,520,520.0,0.0,0,0,0,closed,card,1092.0,0.05,Ce1c4eecf60
ORD003703,2026-05-31 20:45:43,S01,Ayesha,,takeaway,MAT,Matcha Latte,Coffee,1,720,720.0,0.0,0,0,0,closed,cash,1564.0,0.15,
ORD003703,2026-05-31 20:45:43,S01,Ayesha,,takeaway,ICL,Iced Latte,Coffee,1,640,640.0,0.0,0,0,0,closed,cash,1564.0,0.15,
ORD003704,2026-05-31 16:11:38,S07,Daniyal,T10,dine_in,ICL,Iced Latte,Coffee,1,640,640.0,0.0,0,0,0,closed,cash,736.0,0.15,
ORD003705,2026-05-31 21:39:47,S05,Usman,T8,dine_in,CAP,Cappuccino,Coffee,1,560,560.0,0.0,0,0,0,closed,cash,644.0,0.15,
ORD003706,2026-05-31 17:46:49,S02,Hamza,,takeaway,WTR,Bottled Water,Other,1,150,150.0,0.0,0,0,0,closed,cash,724.0,0.15,
ORD003706,2026-05-31 17:46:49,S02,Hamza,,takeaway,AMR,Americano,Coffee,1,480,480.0,0.0,0,0,0,closed,cash,724.0,0.15,
ORD003707,2026-05-31 19:44:16,S03,Bilal,,takeaway,LAT,Cafe Latte,Coffee,1,580,580.0,0.0,0,0,0,closed,qr,1239.0,0.05,C0f8251e144
ORD003707,2026-05-31 19:44:16,S03,Bilal,,takeaway,FLW,Flat White,Coffee,1,600,600.0,0.0,0,0,0,closed,qr,1239.0,0.05,C0f8251e144
ORD003708,2026-05-31 10:57:19,S05,Usman,,takeaway,LAT,Cafe Latte,Coffee,1,580,580.0,0.0,0,0,0,closed,qr,1144.0,0.05,C93b7012b88
ORD003708,2026-05-31 10:57:19,S05,Usman,,takeaway,FLW,Flat White,Coffee,1,600,510.0,90.0,0,0,0,closed,qr,1144.0,0.05,C93b7012b88
ORD003709,2026-05-31 17:41:44,S03,Bilal,T13,dine_in,ESP,Espresso,Coffee,1,420,420.0,0.0,0,0,0,closed,wallet,3066.0,0.05,Cbcf52aba85
ORD003709,2026-05-31 17:41:44,S03,Bilal,T13,dine_in,SAL,Garden Salad,Food,2,1250,2500.0,0.0,0,0,0,closed,wallet,3066.0,0.05,Cbcf52aba85
ORD003709,2026-05-31 17:41:44,S03,Bilal,T13,dine_in,WTR,Bottled Water,Other,1,150,0.0,0.0,1,0,0,partial_void,wallet,3066.0,0.05,Cbcf52aba85
ORD003710,2026-05-31 22:40:11,S05,Usman,T9,dine_in,LAT,Cafe Latte,Coffee,1,580,580.0,0.0,0,0,0,closed,card,609.0,0.05,C6a2e726cff
ORD003711,2026-05-31 16:39:32,S06,Zainab,,takeaway,CRO,Butter Croissant,Bakery,1,520,442.0,78.0,0,0,0,closed,cash,1244.0,0.15,
ORD003711,2026-05-31 16:39:32,S06,Zainab,,takeaway,ICL,Iced Latte,Coffee,1,640,640.0,0.0,0,0,0,closed,cash,1244.0,0.15,
ORD003712,2026-05-31 12:08:10,S01,Ayesha,T17,dine_in,AVT,Avocado Toast,Food,1,1450,1450.0,0.0,0,0,0,closed,cash,1667.0,0.15,
ORD003713,2026-05-31 20:28:15,S04,Sara,,takeaway,SAN,Chicken Sandwich,Food,1,1350,0.0,0.0,1,1,0,partial_void,cash,0.0,0.15,
ORD003714,2026-05-31 09:22:56,S08,Mahnoor,,takeaway,CAP,Cappuccino,Coffee,1,560,560.0,0.0,0,0,0,closed,card,2006.0,0.05,C90c1284994
ORD003714,2026-05-31 09:22:56,S08,Mahnoor,,takeaway,SAN,Chicken Sandwich,Food,1,1350,1350.0,0.0,0,0,0,closed,card,2006.0,0.05,C90c1284994
ORD003715,2026-05-31 12:18:52,S08,Mahnoor,T1,dine_in,PNC,Pain au Chocolat,Bakery,1,600,510.0,90.0,0,0,0,closed,card,536.0,0.05,C6b051e9554
ORD003716,2026-05-31 10:21:59,S05,Usman,,takeaway,CRO,Butter Croissant,Bakery,1,520,520.0,0.0,0,0,0,closed,card,546.0,0.05,C47c5e28c85
ORD003717,2026-05-31 16:30:24,S02,Hamza,T15,dine_in,FLW,Flat White,Coffee,1,600,510.0,90.0,0,0,0,closed,card,536.0,0.05,Ca376152b0e
ORD003718,2026-05-31 16:28:01,S04,Sara,T16,dine_in,HOT,Hot Chocolate,Coffee,1,560,504.0,56.0,0,0,0,closed,card,1138.0,0.05,C3e12d817f0
ORD003718,2026-05-31 16:28:01,S04,Sara,T16,dine_in,LAT,Cafe Latte,Coffee,1,580,580.0,0.0,0,0,0,closed,card,1138.0,0.05,C3e12d817f0
ORD003719,2026-05-31 20:42:04,S03,Bilal,,takeaway,FLW,Flat White,Coffee,1,600,600.0,0.0,0,0,0,closed,card,630.0,0.05,Cfc5da82ed6
ORD003720,2026-05-31 17:50:08,S08,Mahnoor,T6,dine_in,SAL,Garden Salad,Food,2,1250,2500.0,0.0,0,0,0,closed,card,2625.0,0.05,Ccb8af0dea2
ORD003721,2026-05-31 07:49:27,S06,Zainab,,takeaway,PAS,Pasta,Food,2,1650,3300.0,0.0,0,0,0,closed,wallet,3465.0,0.05,C74caaa80b4
ORD003722,2026-05-31 20:01:43,S08,Mahnoor,,takeaway,AVT,Avocado Toast,Food,1,1450,1450.0,0.0,0,0,0,closed,qr,2205.0,0.05,C3db18c012c
ORD003722,2026-05-31 20:01:43,S08,Mahnoor,,takeaway,MOC,Mocha,Coffee,1,650,650.0,0.0,0,0,0,closed,qr,2205.0,0.05,C3db18c012c
ORD003723,2026-05-31 17:45:26,S05,Usman,T4,dine_in,ESP,Espresso,Coffee,1,420,420.0,0.0,0,0,0,closed,card,1260.0,0.05,C19d751a040
ORD003723,2026-05-31 17:45:26,S05,Usman,T4,dine_in,CKE,Slice of Cake,Bakery,1,780,780.0,0.0,0,0,0,closed,card,1260.0,0.05,C19d751a040
ORD003724,2026-05-31 16:56:48,S04,Sara,T4,dine_in,CLB,Cold Brew,Coffee,1,680,680.0,0.0,0,0,0,closed,cash,1472.0,0.15,
ORD003724,2026-05-31 16:56:48,S04,Sara,T4,dine_in,FLW,Flat White,Coffee,1,600,600.0,0.0,0,0,0,closed,cash,1472.0,0.15,
ORD003725,2026-05-31 07:08:26,S03,Bilal,,takeaway,IMP,Imported Soda,Other,1,480,480.0,0.0,0,0,0,closed,cash,552.0,0.15,
ORD003726,2026-05-31 22:50:32,S06,Zainab,T14,dine_in,CLB,Cold Brew,Coffee,1,680,680.0,0.0,0,0,0,closed,qr,714.0,0.05,C31a281ec9f
ORD003727,2026-05-31 14:56:05,S06,Zainab,T14,dine_in,CKE2,Cheesecake,Bakery,1,880,880.0,0.0,0,0,0,closed,card,924.0,0.05,Cf75f1d84fe
ORD003728,2026-05-31 19:39:13,S01,Ayesha,T18,dine_in,LAT,Cafe Latte,Coffee,1,580,580.0,0.0,0,0,0,closed,card,609.0,0.05,C033079de2c
ORD003729,2026-05-31 18:03:30,S08,Mahnoor,T10,dine_in,ESP,Espresso,Coffee,1,420,420.0,0.0,0,0,0,closed,cash,2093.0,0.15,
ORD003729,2026-05-31 18:03:30,S08,Mahnoor,T10,dine_in,WTR,Bottled Water,Other,1,150,150.0,0.0,0,0,0,closed,cash,2093.0,0.15,
ORD003729,2026-05-31 18:03:30,S08,Mahnoor,T10,dine_in,SAL,Garden Salad,Food,1,1250,1250.0,0.0,0,0,0,closed,cash,2093.0,0.15,
ORD003730,2026-05-31 17:44:41,S04,Sara,T2,dine_in,PNC,Pain au Chocolat,Bakery,1,600,600.0,0.0,0,0,0,closed,card,630.0,0.05,C998fad6fa0
ORD003731,2026-05-31 11:49:53,S03,Bilal,T16,dine_in,CKE,Slice of Cake,Bakery,1,780,0.0,0.0,1,0,0,partial_void,card,0.0,0.05,Cf3edde88d9
ORD003732,2026-05-31 13:43:50,S03,Bilal,T17,dine_in,BFP,Big Breakfast,Food,1,1850,0.0,0.0,0,0,1,closed,cash,0.0,0.15,Cc8157a5ef0
ORD003733,2026-05-31 10:41:26,S05,Usman,,takeaway,LAT,Cafe Latte,Coffee,1,580,580.0,0.0,0,0,0,closed,card,609.0,0.05,C58cf770e72
ORD003734,2026-05-31 16:43:12,S02,Hamza,,takeaway,AMR,Americano,Coffee,1,480,408.0,72.0,0,0,0,closed,card,428.0,0.05,Cdf99103aeb
ORD003735,2026-05-31 17:37:43,S01,Ayesha,T16,dine_in,FLW,Flat White,Coffee,1,600,600.0,0.0,0,0,0,closed,cash,4945.0,0.15,Cadc987ad2c
ORD003735,2026-05-31 17:37:43,S01,Ayesha,T16,dine_in,BFP,Big Breakfast,Food,2,1850,3700.0,0.0,0,0,0,closed,cash,4945.0,0.15,Cadc987ad2c
ORD003736,2026-05-31 09:42:04,S05,Usman,T2,dine_in,CLB,Cold Brew,Coffee,1,680,680.0,0.0,0,0,0,closed,cash,4531.0,0.15,
ORD003736,2026-05-31 09:42:04,S05,Usman,T2,dine_in,SAN,Chicken Sandwich,Food,2,1350,2700.0,0.0,0,0,0,closed,cash,4531.0,0.15,
ORD003736,2026-05-31 09:42:04,S05,Usman,T2,dine_in,CAP,Cappuccino,Coffee,1,560,560.0,0.0,0,0,0,closed,cash,4531.0,0.15,
ORD003737,2026-05-31 17:28:24,S01,Ayesha,T12,dine_in,ICL,Iced Latte,Coffee,1,640,640.0,0.0,0,0,0,closed,wallet,3717.0,0.05,Cf75f1d84fe
ORD003737,2026-05-31 17:28:24,S01,Ayesha,T12,dine_in,AVT,Avocado Toast,Food,2,1450,2900.0,0.0,0,0,0,closed,wallet,3717.0,0.05,Cf75f1d84fe
ORD003738,2026-05-31 18:53:23,S05,Usman,T13,dine_in,CAP,Cappuccino,Coffee,1,560,560.0,0.0,0,0,0,closed,card,1134.0,0.05,C07da0b0bc3
ORD003738,2026-05-31 18:53:23,S05,Usman,T13,dine_in,CRO,Butter Croissant,Bakery,1,520,520.0,0.0,0,0,0,closed,card,1134.0,0.05,C07da0b0bc3
ORD003739,2026-05-31 08:07:25,S07,Daniyal,T13,dine_in,CKE,Slice of Cake,Bakery,1,780,780.0,0.0,0,0,0,closed,cash,1633.0,0.15,
ORD003739,2026-05-31 08:07:25,S07,Daniyal,T13,dine_in,ICL,Iced Latte,Coffee,1,640,640.0,0.0,0,0,0,closed,cash,1633.0,0.15,
ORD003740,2026-05-31 13:18:18,S07,Daniyal,,takeaway,CLB,Cold Brew,Coffee,1,680,680.0,0.0,0,0,0,closed,cash,2162.0,0.15,
ORD003740,2026-05-31 13:18:18,S07,Daniyal,,takeaway,ICL,Iced Latte,Coffee,1,640,640.0,0.0,0,0,0,closed,cash,2162.0,0.15,
ORD003740,2026-05-31 13:18:18,S07,Daniyal,,takeaway,HOT,Hot Chocolate,Coffee,1,560,560.0,0.0,0,0,0,closed,cash,2162.0,0.15,
ORD003741,2026-05-31 07:58:17,S05,Usman,T16,dine_in,CKE,Slice of Cake,Bakery,1,780,780.0,0.0,0,0,0,closed,cash,897.0,0.15,
ORD003742,2026-05-31 19:19:26,S03,Bilal,T10,dine_in,WTR,Bottled Water,Other,1,150,150.0,0.0,0,0,0,closed,cash,816.0,0.15,
ORD003742,2026-05-31 19:19:26,S03,Bilal,T10,dine_in,CAP,Cappuccino,Coffee,1,560,560.0,0.0,0,0,0,closed,cash,816.0,0.15,
ORD003743,2026-05-31 07:31:03,S01,Ayesha,T8,dine_in,CAP,Cappuccino,Coffee,1,560,560.0,0.0,0,0,0,closed,cash,644.0,0.15,C4b879f1310
ORD003744,2026-05-31 20:01:23,S01,Ayesha,,takeaway,ESP,Espresso,Coffee,1,420,420.0,0.0,0,0,0,closed,cash,998.0,0.15,
ORD003744,2026-05-31 20:01:23,S01,Ayesha,,takeaway,CAP,Cappuccino,Coffee,1,560,448.0,112.0,0,0,0,closed,cash,998.0,0.15,
ORD003745,2026-05-31 08:03:30,S06,Zainab,T18,dine_in,MOC,Mocha,Coffee,1,650,650.0,0.0,0,0,0,closed,qr,682.0,0.05,C998fad6fa0
ORD003746,2026-05-31 21:17:39,S06,Zainab,,takeaway,AMR,Americano,Coffee,1,480,480.0,0.0,0,0,0,closed,cash,552.0,0.15,
ORD003747,2026-05-31 13:20:48,S05,Usman,T10,dine_in,ICL,Iced Latte,Coffee,1,640,640.0,0.0,0,0,0,closed,cash,736.0,0.15,
ORD003748,2026-05-31 13:38:54,S06,Zainab,T3,dine_in,PNC,Pain au Chocolat,Bakery,1,600,600.0,0.0,0,0,0,closed,cash,690.0,0.15,
ORD003749,2026-05-31 20:08:56,S01,Ayesha,,takeaway,IMP,Imported Soda,Other,1,480,480.0,0.0,0,0,0,closed,wallet,1176.0,0.05,C23c60fd394
ORD003749,2026-05-31 20:08:56,S01,Ayesha,,takeaway,ICL,Iced Latte,Coffee,1,640,640.0,0.0,0,0,0,closed,wallet,1176.0,0.05,C23c60fd394
ORD003750,2026-05-31 07:14:01,S01,Ayesha,T8,dine_in,MOC,Mocha,Coffee,1,650,650.0,0.0,0,0,0,closed,wallet,682.0,0.05,Cf987ffb94f
ORD003750,2026-05-31 07:14:01,S01,Ayesha,T8,dine_in,CAP,Cappuccino,Coffee,1,560,0.0,0.0,1,0,0,partial_void,wallet,682.0,0.05,Cf987ffb94f
ORD003751,2026-05-31 22:44:24,S03,Bilal,,takeaway,SAN,Chicken Sandwich,Food,1,1350,1350.0,0.0,0,0,0,closed,card,1418.0,0.05,Cfe94e72b08
ORD003752,2026-05-31 16:32:54,S02,Hamza,,takeaway,CKE,Slice of Cake,Bakery,1,780,780.0,0.0,0,0,0,closed,card,819.0,0.05,Cc84a993a25
ORD003753,2026-05-31 11:19:22,S01,Ayesha,,takeaway,SAN,Chicken Sandwich,Food,1,1350,1350.0,0.0,0,0,0,closed,cash,2104.0,0.15,
ORD003753,2026-05-31 11:19:22,S01,Ayesha,,takeaway,IMP,Imported Soda,Other,1,480,480.0,0.0,0,0,0,closed,cash,2104.0,0.15,
ORD003754,2026-05-31 20:56:06,S02,Hamza,T3,dine_in,AVT,Avocado Toast,Food,1,1450,1450.0,0.0,0,0,0,closed,card,1522.0,0.05,Ceeb466a4a4
ORD003755,2026-05-31 11:02:43,S07,Daniyal,T8,dine_in,CRO,Butter Croissant,Bakery,1,520,520.0,0.0,0,0,0,closed,cash,1196.0,0.15,
ORD003755,2026-05-31 11:02:43,S07,Daniyal,T8,dine_in,CRO,Butter Croissant,Bakery,1,520,520.0,0.0,0,0,0,closed,cash,1196.0,0.15,
ORD003756,2026-05-31 22:41:06,S01,Ayesha,T10,dine_in,WTR,Bottled Water,Other,1,150,150.0,0.0,0,0,0,closed,cash,172.0,0.15,Cdf0bd6d485
ORD003757,2026-05-31 16:05:12,S04,Sara,,takeaway,MOC,Mocha,Coffee,1,650,650.0,0.0,0,0,0,closed,qr,1502.0,0.05,C17a403a366
ORD003757,2026-05-31 16:05:12,S04,Sara,,takeaway,CKE,Slice of Cake,Bakery,1,780,780.0,0.0,0,0,0,closed,qr,1502.0,0.05,C17a403a366
ORD003758,2026-05-31 09:55:59,S02,Hamza,T8,dine_in,FLW,Flat White,Coffee,1,600,600.0,0.0,0,0,0,closed,wallet,630.0,0.05,C5e84ae37df
ORD003759,2026-05-31 18:00:22,S07,Daniyal,T8,dine_in,ICL,Iced Latte,Coffee,1,640,640.0,0.0,0,0,0,closed,card,1176.0,0.05,C23c60fd394
ORD003759,2026-05-31 18:00:22,S07,Daniyal,T8,dine_in,IMP,Imported Soda,Other,1,480,480.0,0.0,0,0,0,closed,card,1176.0,0.05,C23c60fd394
ORD003760,2026-05-31 17:13:47,S06,Zainab,,takeaway,AMR,Americano,Coffee,1,480,384.0,96.0,0,0,0,closed,card,974.0,0.05,Ce51a67188d
ORD003760,2026-05-31 17:13:47,S06,Zainab,,takeaway,ICL,Iced Latte,Coffee,1,640,544.0,96.0,0,0,0,closed,card,974.0,0.05,Ce51a67188d
ORD003761,2026-05-31 07:38:41,S02,Hamza,T3,dine_in,BFP,Big Breakfast,Food,1,1850,1850.0,0.0,0,0,0,closed,cash,4738.0,0.15,
ORD003761,2026-05-31 07:38:41,S02,Hamza,T3,dine_in,BFP,Big Breakfast,Food,1,1850,1850.0,0.0,0,0,0,closed,cash,4738.0,0.15,
ORD003761,2026-05-31 07:38:41,S02,Hamza,T3,dine_in,ESP,Espresso,Coffee,1,420,420.0,0.0,0,0,0,closed,cash,4738.0,0.15,
ORD003762,2026-05-31 20:11:34,S04,Sara,,takeaway,WTR,Bottled Water,Other,1,150,150.0,0.0,0,0,0,closed,cash,172.0,0.15,
ORD003763,2026-05-31 22:32:02,S08,Mahnoor,T16,dine_in,SAL,Garden Salad,Food,1,1250,1250.0,0.0,0,0,0,closed,cash,1438.0,0.15,C17a403a366
ORD003764,2026-05-31 19:32:17,S01,Ayesha,,takeaway,ESP,Espresso,Coffee,1,420,357.0,63.0,0,0,0,closed,qr,963.0,0.05,C5d28811f93
ORD003764,2026-05-31 19:32:17,S01,Ayesha,,takeaway,CAP,Cappuccino,Coffee,1,560,560.0,0.0,0,0,0,closed,qr,963.0,0.05,C5d28811f93
ORD003765,2026-05-31 19:35:37,S01,Ayesha,T15,dine_in,BFP,Big Breakfast,Food,1,1850,1850.0,0.0,0,0,0,closed,cash,4255.0,0.15,
ORD003765,2026-05-31 19:35:37,S01,Ayesha,T15,dine_in,BFP,Big Breakfast,Food,1,1850,1850.0,0.0,0,0,0,closed,cash,4255.0,0.15,
ORD003766,2026-05-31 14:17:03,S04,Sara,,takeaway,FLW,Flat White,Coffee,1,600,600.0,0.0,0,0,0,closed,cash,690.0,0.15,
ORD003767,2026-05-31 18:58:26,S04,Sara,T12,dine_in,MOC,Mocha,Coffee,1,650,650.0,0.0,0,0,0,closed,cash,2898.0,0.15,C624c9fa15f
ORD003767,2026-05-31 18:58:26,S04,Sara,T12,dine_in,SAN,Chicken Sandwich,Food,1,1350,1350.0,0.0,0,0,0,closed,cash,2898.0,0.15,C624c9fa15f
ORD003767,2026-05-31 18:58:26,S04,Sara,T12,dine_in,CRO,Butter Croissant,Bakery,1,520,520.0,0.0,0,0,0,closed,cash,2898.0,0.15,C624c9fa15f
ORD003768,2026-05-31 19:30:07,S01,Ayesha,T13,dine_in,CAP,Cappuccino,Coffee,1,560,560.0,0.0,0,0,0,closed,card,1743.0,0.05,Ca376152b0e
ORD003768,2026-05-31 19:30:07,S01,Ayesha,T13,dine_in,LAT,Cafe Latte,Coffee,1,580,580.0,0.0,0,0,0,closed,card,1743.0,0.05,Ca376152b0e
ORD003768,2026-05-31 19:30:07,S01,Ayesha,T13,dine_in,CRO,Butter Croissant,Bakery,1,520,520.0,0.0,0,0,0,closed,card,1743.0,0.05,Ca376152b0e
ORD003769,2026-05-31 19:01:38,S05,Usman,T14,dine_in,WTR,Bottled Water,Other,1,150,150.0,0.0,0,0,0,closed,card,158.0,0.05,C9735e5b446
ORD003770,2026-05-31 17:34:06,S08,Mahnoor,T15,dine_in,CLB,Cold Brew,Coffee,1,680,680.0,0.0,0,0,0,closed,wallet,2037.0,0.05,C48bfa448ba
ORD003770,2026-05-31 17:34:06,S08,Mahnoor,T15,dine_in,LAT,Cafe Latte,Coffee,1,580,580.0,0.0,0,0,0,closed,wallet,2037.0,0.05,C48bfa448ba
ORD003770,2026-05-31 17:34:06,S08,Mahnoor,T15,dine_in,CLB,Cold Brew,Coffee,1,680,680.0,0.0,0,0,0,closed,wallet,2037.0,0.05,C48bfa448ba
ORD003771,2026-05-31 13:44:55,S01,Ayesha,T9,dine_in,LAT,Cafe Latte,Coffee,1,580,580.0,0.0,0,0,0,closed,cash,667.0,0.15,
ORD003772,2026-05-31 09:21:50,S01,Ayesha,T7,dine_in,PAS,Pasta,Food,1,1650,1650.0,0.0,0,0,0,closed,card,1732.0,0.05,C67a7a16335
ORD003773,2026-05-31 22:44:18,S07,Daniyal,,takeaway,LAT,Cafe Latte,Coffee,1,580,580.0,0.0,0,0,0,closed,card,609.0,0.05,C12abb70151
ORD003774,2026-05-31 17:21:47,S06,Zainab,,takeaway,AMR,Americano,Coffee,1,480,480.0,0.0,0,0,0,closed,card,504.0,0.05,Cadc987ad2c
ORD003775,2026-05-31 19:30:30,S05,Usman,T2,dine_in,CKE,Slice of Cake,Bakery,1,780,780.0,0.0,0,0,0,closed,cash,897.0,0.15,
ORD003776,2026-05-31 08:25:14,S05,Usman,T17,dine_in,CKE,Slice of Cake,Bakery,1,780,780.0,0.0,0,0,0,closed,cash,897.0,0.15,
ORD003777,2026-05-31 18:29:05,S06,Zainab,,takeaway,CAP,Cappuccino,Coffee,1,560,560.0,0.0,0,0,0,closed,wallet,588.0,0.05,C67a7a16335
ORD003778,2026-05-31 20:26:44,S04,Sara,T9,dine_in,MAT,Matcha Latte,Coffee,1,720,720.0,0.0,0,0,0,closed,cash,1725.0,0.15,
ORD003778,2026-05-31 20:26:44,S04,Sara,T9,dine_in,CKE,Slice of Cake,Bakery,1,780,780.0,0.0,0,0,0,closed,cash,1725.0,0.15,
ORD003779,2026-05-31 19:21:29,S02,Hamza,T15,dine_in,CRO,Butter Croissant,Bakery,1,520,520.0,0.0,0,0,0,closed,card,1094.0,0.05,Ccdae6010f7
ORD003779,2026-05-31 19:21:29,S02,Hamza,T15,dine_in,LAT,Cafe Latte,Coffee,1,580,522.0,58.0,0,0,0,closed,card,1094.0,0.05,Ccdae6010f7
ORD003780,2026-05-31 11:43:09,S02,Hamza,T9,dine_in,LAT,Cafe Latte,Coffee,1,580,580.0,0.0,0,0,0,closed,qr,609.0,0.05,Cd3ecaa94ca
ORD003781,2026-05-31 22:43:06,S05,Usman,,takeaway,AMR,Americano,Coffee,1,480,480.0,0.0,0,0,0,closed,card,1796.0,0.05,Cceaf720cdf
ORD003781,2026-05-31 22:43:06,S05,Usman,,takeaway,MOC,Mocha,Coffee,1,650,650.0,0.0,0,0,0,closed,card,1796.0,0.05,Cceaf720cdf
ORD003781,2026-05-31 22:43:06,S05,Usman,,takeaway,LAT,Cafe Latte,Coffee,1,580,580.0,0.0,0,0,0,closed,card,1796.0,0.05,Cceaf720cdf
ORD003782,2026-05-31 22:02:53,S01,Ayesha,T3,dine_in,ICL,Iced Latte,Coffee,1,640,640.0,0.0,0,0,0,closed,wallet,1491.0,0.05,C20f591dbbc
ORD003782,2026-05-31 22:02:53,S01,Ayesha,T3,dine_in,CKE,Slice of Cake,Bakery,1,780,780.0,0.0,0,0,0,closed,wallet,1491.0,0.05,C20f591dbbc
ORD003783,2026-05-31 22:43:28,S04,Sara,,takeaway,MOC,Mocha,Coffee,1,650,650.0,0.0,0,0,0,closed,cash,3197.0,0.15,Ce80127b907
ORD003783,2026-05-31 22:43:28,S04,Sara,,takeaway,CKE,Slice of Cake,Bakery,1,780,780.0,0.0,0,0,0,closed,cash,3197.0,0.15,Ce80127b907
ORD003783,2026-05-31 22:43:28,S04,Sara,,takeaway,SAN,Chicken Sandwich,Food,1,1350,1350.0,0.0,0,0,0,closed,cash,3197.0,0.15,Ce80127b907
ORD003784,2026-05-31 20:42:57,S04,Sara,,takeaway,CAP,Cappuccino,Coffee,1,560,0.0,0.0,1,0,0,partial_void,cash,1667.0,0.15,
ORD003784,2026-05-31 20:42:57,S04,Sara,,takeaway,AVT,Avocado Toast,Food,1,1450,1450.0,0.0,0,0,0,partial_void,cash,1667.0,0.15,
ORD003785,2026-05-31 19:49:25,S08,Mahnoor,T9,dine_in,SAN,Chicken Sandwich,Food,1,1350,1350.0,0.0,0,0,0,closed,qr,2006.0,0.05,C6694a28353
ORD003785,2026-05-31 19:49:25,S08,Mahnoor,T9,dine_in,CAP,Cappuccino,Coffee,1,560,560.0,0.0,0,0,0,closed,qr,2006.0,0.05,C6694a28353
ORD003786,2026-05-31 19:32:55,S01,Ayesha,,takeaway,LAT,Cafe Latte,Coffee,1,580,464.0,116.0,0,0,0,closed,wallet,487.0,0.05,Cc1603a922e
ORD003787,2026-05-31 08:42:28,S02,Hamza,,takeaway,ICL,Iced Latte,Coffee,1,640,640.0,0.0,0,0,0,closed,wallet,672.0,0.05,C36b2d0a33a
ORD003788,2026-05-31 18:42:17,S03,Bilal,T10,dine_in,AVT,Avocado Toast,Food,1,1450,1450.0,0.0,0,0,0,closed,wallet,1522.0,0.05,Cc113d6dea1
ORD003789,2026-05-31 19:53:06,S03,Bilal,,takeaway,BFP,Big Breakfast,Food,1,1850,0.0,278.0,0,0,1,closed,card,819.0,0.05,C482e4b19c6
ORD003789,2026-05-31 19:53:06,S03,Bilal,,takeaway,CKE,Slice of Cake,Bakery,1,780,780.0,0.0,0,0,0,closed,card,819.0,0.05,C482e4b19c6
ORD003790,2026-05-31 08:41:58,S02,Hamza,T7,dine_in,MOC,Mocha,Coffee,1,650,650.0,0.0,0,0,0,closed,cash,747.0,0.15,
ORD003791,2026-05-31 21:36:52,S04,Sara,T12,dine_in,CAP,Cappuccino,Coffee,1,560,560.0,0.0,0,0,0,closed,card,746.0,0.05,Cf75f1d84fe
ORD003791,2026-05-31 21:36:52,S04,Sara,T12,dine_in,WTR,Bottled Water,Other,1,150,150.0,0.0,0,0,0,closed,card,746.0,0.05,Cf75f1d84fe
ORD003792,2026-05-31 07:14:02,S07,Daniyal,,takeaway,AMR,Americano,Coffee,1,480,480.0,0.0,0,0,0,closed,card,1092.0,0.05,Cbac72cb73a
ORD003792,2026-05-31 07:14:02,S07,Daniyal,,takeaway,CAP,Cappuccino,Coffee,1,560,560.0,0.0,0,0,0,closed,card,1092.0,0.05,Cbac72cb73a
ORD003793,2026-05-31 17:32:08,S03,Bilal,T4,dine_in,HOT,Hot Chocolate,Coffee,1,560,504.0,56.0,0,0,0,closed,card,1033.0,0.05,Cc53aa50e92
ORD003793,2026-05-31 17:32:08,S03,Bilal,T4,dine_in,AMR,Americano,Coffee,1,480,480.0,0.0,0,0,0,closed,card,1033.0,0.05,Cc53aa50e92
ORD003794,2026-05-31 08:59:45,S06,Zainab,,takeaway,ICL,Iced Latte,Coffee,1,640,640.0,0.0,0,0,0,closed,wallet,1890.0,0.05,Cea4e5d7d90
ORD003794,2026-05-31 08:59:45,S06,Zainab,,takeaway,FLW,Flat White,Coffee,1,600,600.0,0.0,0,0,0,closed,wallet,1890.0,0.05,Cea4e5d7d90
ORD003794,2026-05-31 08:59:45,S06,Zainab,,takeaway,CAP,Cappuccino,Coffee,1,560,560.0,0.0,0,0,0,closed,wallet,1890.0,0.05,Cea4e5d7d90
ORD003795,2026-05-31 14:43:09,S02,Hamza,T16,dine_in,LAT,Cafe Latte,Coffee,1,580,580.0,0.0,0,0,0,closed,cash,3772.0,0.15,
ORD003795,2026-05-31 14:43:09,S02,Hamza,T16,dine_in,SAN,Chicken Sandwich,Food,2,1350,2700.0,0.0,0,0,0,closed,cash,3772.0,0.15,
